,geometry,LATITUDE,LONGITUDE,CURRENT_SIZE,FIRE_NUMBER,FIRE_YEAR,RESPONSE_TYPE_DESC,FIRE_TYPE
0,POINT (-115.60834710487994 49.31500645777137),49.315000000000005,-115.6083,370.0,N10802,2000,Full,Fire
1,POINT (-115.95001415182324 49.23333941437457),49.2333,-115.95,357.0,N10656,2000,Full,Fire
2,POINT (-115.74384709752748 49.17833943349177),49.1783,-115.74380000000001,187.0,N10797,2000,Full,Fire
3,POINT (-121.3608524315609 59.96167316329363),59.9617,-121.36080000000001,1000.0,G90145,2000,Full,Fire
4,POINT (-125.75001697312725 52.883338410993204),52.883300000000006,-125.75,110.0,C50173,2000,Full,Fire
5,POINT (-128.15001935901972 57.65000514951516),57.65,-128.15,9000.0,R90032,2000,Full,Fire
6,POINT (-125.55018365089137 52.03333841439141),52.033300000000004,-125.5502,680.0,C50174,2000,Full,Fire
7,POINT (-120.25251493678434 49.16417293165172),49.1642,-120.25250000000001,311.0,K50239,2000,Full,Fire
8,POINT (-118.83251466923466 49.10833908845207),49.1083,-118.83250000000001,159.6,N60564,2000,Full,Fire
9,POINT (-120.91276520106342 49.71957288504571),49.7196,-120.9128,413.0,K60217,2000,Full,Fire
10,POINT (-116.82623154477145 50.069189371566154),50.0692,-116.8262,150.0,N70540,2000,Full,Fire
11,POINT (-120.70168413572871 55.53833915102366),55.5383,-120.7017,132.0,G70035,2000,Full,Fire
12,POINT (-116.61668137790582 49.60000636601703),49.6,-116.61670000000001,185.0,N10596,2000,Full,Fire
13,POINT (-120.23001751811827 56.64000624798874),56.64,-120.23,1477.6000000000001,G80118,2000,Full,Fire
14,POINT (-117.6933482855134 52.02133938334437),52.021300000000004,-117.69330000000001,725.0,N40186,2001,Full,Fire
15,POINT (-124.04318331043731 51.70633859288365),51.706300000000006,-124.04320000000001,195.0,C50244,2001,Full,Fire
16,POINT (-114.95519721301405 50.23158959209933),50.2316,-114.9552,150.0,N10359,2001,Full,Fire
17,POINT (-120.57633202950323 49.30007290232087),49.3001,-120.5763,2450.0,K60256,2001,Full,Fire
18,POINT (-115.54334730627427 50.131706519611846),50.1317,-115.5433,300.0,N20157,2001,Full,Fire
19,POINT (-115.20801397394972 49.11670648758855),49.1167,-115.20800000000001,725.0,N10184,2001,,Nuisance Fire
20,POINT (-115.49669731297985 50.18908952841024),50.1891,-115.4967,2092.0,N20476,2001,Full,Fire
21,POINT (-115.45501432259945 50.25980653807547),50.259800000000006,-115.45500000000001,167.0,N20478,2001,Full,Duplicate
22,POINT (-115.43334731671813 50.251673540279896),50.2517,-115.4333,517.0,N20479,2001,Full,Fire
23,POINT (-114.90501399418702 49.435173542634054),49.4352,-114.905,343.0,N10464,2001,Full,Fire
24,POINT (-116.71301452884624 50.09060638624727),50.0906,-116.71300000000001,240.0,N70427,2001,,Fire
25,POINT (-117.55101485826759 50.68700632656569),50.687000000000005,-117.551,501.0,N50413,2001,Full,Fire
26,POINT (-117.71334822607707 51.81500636936905),51.815000000000005,-117.7133,412.0,N40194,2001,Modified,Fire
27,POINT (-122.24551570957061 50.71083877460882),50.7108,-122.2455,1420.0,K70109,2002,Full,Fire
28,POINT (-123.76668562625852 57.60000577943277),57.6,-123.7667,300.0,G90102,2002,,Nuisance Fire
29,POINT (-128.8931034995053 59.53698804003352),59.537000000000006,-128.8931,900.0,R90079,2002,Full,Fire
30,POINT (-125.03516949391927 58.85042261293672),58.8504,-125.0352,200.0,G90073,2002,Full,Fire
31,POINT (-127.26668690702864 58.93317228381562),58.9332,-127.2667,785.0,G90068,2002,,Nuisance Fire
32,POINT (-126.15001893523575 57.41667243720155),57.416700000000006,-126.15,1923.0,G60201,2002,Modified,Fire
33,POINT (-119.96668202501822 49.68333899210067),49.6833,-119.9667,2000.0,K50661,2002,,Nuisance Fire
34,POINT (-124.48334994934903 53.366672588311104),53.3667,-124.4833,250.0,G40158,2002,Full,Fire
35,POINT (-122.44068447702 55.592338920187984),55.5923,-122.4407,100.0,G70039,2002,,Fire
36,POINT (-121.67001578475931 51.28000586809911),51.28,-121.67,150.0,C40048,2002,Modified,Fire
37,POINT (-115.70001421006091 49.65000647070539),49.65,-115.7,140.0,N10006,2002,Full,Fire
38,POINT (-120.52389840818911 50.68888897882724),50.688900000000004,-120.52390000000001,258.0,K20348,2002,Full,Fire
39,POINT (-120.87351761939175 56.588339159450385),56.588300000000004,-120.8735,150.0,G80055,2002,,Fire
40,POINT (-125.45835149716046 56.73660552676005),56.7366,-125.45830000000001,200.0,G60155,2002,Full,Fire
41,POINT (-119.68501529425407 50.81250608357924),50.8125,-119.685,116.18,K30400,2002,Full,Fire
42,POINT (-119.44851514678813 50.451023092588635),50.451,-119.44850000000001,1620.0,K40300,2003,Full,Fire
43,POINT (-117.81801501895583 51.065173316366725),51.065200000000004,-117.81800000000001,297.0,N40198,2003,,Fire
44,POINT (-126.84085252500168 58.35333834439068),58.353300000000004,-126.8408,120.0,G60446,2003,,Fire
45,POINT (-120.42663291546519 52.37743906822722),52.3774,-120.42660000000001,1384.0,K10306,2003,,Fire
46,POINT (-121.41556529343164 49.74588882880037),49.7459,-121.41560000000001,144.0,V10499,2003,Full,Fire
47,POINT (-115.49398105694708 49.2138734630505),49.2139,-115.494,4000.0,N10694,2003,Full,Fire
48,POINT (-117.07271473916639 50.593723375976275),50.593700000000005,-117.07270000000001,728.0,N70475,2003,Modified,Fire
49,POINT (-115.03603112642367 49.8458235569297),49.845800000000004,-115.036,1500.0,N10748,2003,Full,Fire
50,POINT (-117.88119833045347 52.04483936134442),52.0448,-117.8812,137.0,N40686,2003,Full,Fire
51,POINT (-121.03168333493963 53.286673029020456),53.2867,-121.0317,180.0,C10279,2003,,Fire
52,POINT (-115.17553131519594 50.43765658149069),50.4377,-115.1755,3500.0,N20267,2003,,Fire
53,POINT (-117.6295148788962 50.707506318119265),50.7075,-117.62950000000001,400.0,N50884,2003,Modified,Fire
54,POINT (-121.67504844101431 50.11438881548156),50.1144,-121.67500000000001,2525.0,K70620,2003,Full,Fire
55,POINT (-116.02951418588614 49.302173410397344),49.3022,-116.0295,11882.0,N10470,2003,Full,Fire
56,POINT (-121.49235087197782 56.888339082247704),56.8883,-121.4923,140.0,G80054,2003,Full,Fire
57,POINT (-119.14249862175151 52.200723217118615),52.200700000000005,-119.14250000000001,1050.0,K10244,2003,Full,Fire
58,POINT (-118.56251512975953 50.95667322380425),50.956700000000005,-118.5625,126.0,K30494,2003,Modified,Fire
59,POINT (-118.61518217134967 51.06583922320742),51.0658,-118.6152,2133.0,K30605,2003,Modified,Fire
60,POINT (-120.07618292887283 52.6116731217419),52.6117,-120.0762,164.6,G30233,2003,,Duplicate
61,POINT (-116.03896416365606 49.207789403668194),49.2078,-116.039,210.0,N70473,2003,Full,Fire
62,POINT (-118.28234797394484 50.60167323713263),50.6017,-118.2823,445.0,K40390,2003,,Fire
63,POINT (-119.77601547870167 51.37233910117122),51.3723,-119.77600000000001,3980.9,K20436,2003,Full,Fire
64,POINT (-120.07618292887283 52.6116731217419),52.6117,-120.0762,164.6,K10234,2003,,Fire
65,POINT (-115.6666811817877 49.56667346826879),49.566700000000004,-115.6667,100.0,N10007,2003,Modified,Fire
66,POINT (-121.65458244685621 50.14607281986853),50.146100000000004,-121.6546,561.0,K70611,2003,Full,Fire
67,POINT (-124.81335111773997 56.13417260733617),56.1342,-124.81330000000001,298.0,G60033,2003,Full,Fire
68,POINT (-124.06501913346574 58.49333875021265),58.493300000000005,-124.06500000000001,110.0,G90476,2003,,Fire
69,POINT (-118.01951515335668 51.385173310042454),51.385200000000005,-118.01950000000001,175.0,N40670,2003,Full,Fire
70,POINT (-118.42018207372861 50.85820623438561),50.858200000000004,-118.42020000000001,119.0,K30378,2003,Modified,Fire
71,POINT (-116.7727814310281 49.684406353847194),49.684400000000004,-116.7728,107.0,N70707,2003,Full,Fire
72,POINT (-117.10489752512166 49.798006323798894),49.798,-117.1049,1472.0,N70562,2003,Modified,Fire
73,POINT (-117.1404147284041 50.51167336270073),50.511700000000005,-117.1404,3869.0,N70700,2003,Modified,Fire
74,POINT (-117.61741528614726 52.06867339451419),52.0687,-117.6174,179.1,N40747,2003,,Fire
75,POINT (-117.11523173893399 50.565739369470016),50.5657,-117.1152,789.0,N70502,2003,,Fire
76,POINT (-118.06834826741634 51.72883932315353),51.7288,-118.06830000000001,225.0,N40717,2003,Modified,Fire
77,POINT (-118.66668241991614 51.85000625785914),51.85,-118.6667,1195.0,N40770,2003,Full,Fire
78,POINT (-120.32144838276731 50.7230560042161),50.7231,-120.32140000000001,5730.400000000001,K20298,2003,Full,Fire
79,POINT (-116.64284734174929 49.442773352200554),49.442800000000005,-116.64280000000001,270.0,N70357,2003,Modified,Fire
80,POINT (-118.04416475417813 49.98018922822143),49.9802,-118.0442,6700.0,N50617,2003,Full,Fire
81,POINT (-124.11694930196823 51.64360558191629),51.6436,-124.1169,29201.699,C50214,2003,Full,Fire
82,POINT (-118.30278201159355 50.72118924086417),50.7212,-118.3028,966.0,K40566,2003,,Fire
83,POINT (-122.65146614273225 51.88625577236572),51.886300000000006,-122.65150000000001,323.0,C20426,2003,Full,Fire
84,POINT (-116.42301473301656 51.02283947569072),51.022800000000004,-116.423,1018.0,N20289,2003,Full,Fire
85,POINT (-118.1345154178441 52.16567333753933),52.1657,-118.1345,356.0,N40719,2003,Full,Fire
86,POINT (-118.21453231420942 51.78852330894479),51.7885,-118.2145,223.0,N40385,2003,Full,Fire
87,POINT (-117.13514807111476 51.68177343080244),51.6818,-117.13510000000001,497.0,N40640,2003,Full,Fire
88,POINT (-119.34379773552106 49.00793902482013),49.0079,-119.3438,1230.0,K50195,2003,Full,Fire
89,POINT (-124.48368417318156 53.96767260453292),53.9677,-124.4837,227.6,G40177,2003,Full,Fire
90,POINT (-119.61241574374021 52.3057231645725),52.3057,-119.61240000000001,328.3,K10477,2003,,Fire
91,POINT (-117.81399823317932 51.77658935588237),51.7766,-117.81400000000001,592.0,N40550,2003,Full,Fire
92,POINT (-118.38784789463851 50.25133920480989),50.2513,-118.3878,1462.0,K40358,2003,Modified,Fire
93,POINT (-123.72001861165985 57.59000578585268),57.59,-123.72,100.0,G90478,2003,,Fire
94,POINT (-114.73083088734612 49.15588954156616),49.1559,-114.7308,5300.0,N10689,2003,Full,Fire
95,POINT (-119.51934783729853 49.28067302123473),49.2807,-119.5193,3300.0,K50661,2003,Full,Fire
96,POINT (-118.46834806226167 50.788339225357475),50.7883,-118.4683,1645.0,K40469,2003,Modified,Fire
97,POINT (-119.6875149828018 49.70933902600387),49.7093,-119.6875,25912.0,K50628,2003,Full,Fire
98,POINT (-116.6586813103428 49.309706341945),49.3097,-116.65870000000001,4836.0,N70820,2003,Full,Fire
99,POINT (-118.73373218786945 51.046639208367424),51.046600000000005,-118.7337,1602.0,K30333,2003,Full,Fire
100,POINT (-117.08276475787906 50.65565637789589),50.6557,-117.0828,1087.0,N70474,2003,Modified,Fire
101,POINT (-121.33501552232292 50.59500587795053),50.595000000000006,-121.33500000000001,7636.0,K20624,2003,Full,Fire
102,POINT (-120.60118508157973 57.69783922595986),57.6978,-120.6012,200.0,G80160,2003,Full,Fire
103,POINT (-118.91033217218006 50.882656178495125),50.8827,-118.9103,100.12,K30236,2003,Full,Fire
104,POINT (-120.46501606589518 52.80667308159416),52.8067,-120.465,150.0,C30275,2003,,Fire
105,POINT (-118.7125154621684 51.95585625766457),51.9559,-118.7125,100.0,N40566,2003,,Fire
106,POINT (-115.75901453461923 50.799839538517695),50.799800000000005,-115.759,3543.0,N20269,2003,Full,Fire
107,POINT (-117.04966477566425 50.74173938708552),50.7417,-117.0497,2009.0,N70493,2003,,Fire
108,POINT (-123.28335176352017 58.05000585539556),58.050000000000004,-123.28330000000001,200.0,G90086,2003,,Fire
109,POINT (-120.77431918009957 59.728006244596195),59.728,-120.77430000000001,32000.0,G90239,2003,Modified,Fire
110,POINT (-124.3258522650195 58.65417271402287),58.6542,-124.3258,300.0,G90089,2003,Modified,Fire
111,POINT (-117.75344783750003 50.47643929085885),50.476400000000005,-117.7534,1860.0,N50395,2003,Full,Fire
112,POINT (-123.07501871827563 58.03333888539886),58.033300000000004,-123.075,800.0,G90083,2003,,Fire
113,POINT (-117.80409770163173 49.951523254278754),49.9515,-117.8041,530.0,N50451,2003,Full,Fire
114,POINT (-123.18168572038212 58.00000586913051),58.0,-123.1817,250.0,G90084,2003,,Fire
115,POINT (-119.00101557328449 52.13567323135376),52.1357,-119.001,252.0,K10612,2003,Modified,Fire
116,POINT (-118.83978218720614 50.97810619208338),50.978100000000005,-118.83980000000001,234.20000000000002,K30551,2003,Full,Fire
117,POINT (-118.28068228513688 51.653506293981856),51.6535,-118.28070000000001,330.0,N40209,2003,Full,Fire
118,POINT (-118.01469818331108 51.48742331612969),51.4874,-118.0147,300.0,N40776,2003,Modified,Fire
119,POINT (-117.55203172363538 50.21065629841856),50.2107,-117.552,200.0,N50512,2003,Full,Fire
120,POINT (-118.85746534799233 51.499573217286475),51.4996,-118.8575,676.0,K30465,2003,Modified,Fire
121,POINT (-119.77781532457747 50.8598060752319),50.8598,-119.7778,11395.0,K20627,2003,Full,Fire
122,POINT (-118.25668195522955 50.55450623699931),50.554500000000004,-118.25670000000001,154.0,K40695,2003,,Fire
123,POINT (-115.07959707690296 49.622039537067145),49.622,-115.0796,230.4,N10223,2003,Full,Fire
124,POINT (-115.78386446005567 50.516739517968084),50.5167,-115.7839,102.0,N20751,2003,Full,Fire
125,POINT (-115.28176436878287 50.551673576711075),50.551700000000004,-115.2818,209.0,N20658,2003,Full,Fire
126,POINT (-118.0168480874238 51.164506299164024),51.164500000000004,-118.0168,185.0,N40671,2003,Full,Fire
127,POINT (-117.56584797492062 51.07983934696168),51.079800000000006,-117.56580000000001,200.0,N50797,2003,,Fire
128,POINT (-118.40501455004076 48.950039126278625),48.95,-118.405,2083.0,N60711,2003,,Nuisance Fire
129,POINT (-118.87778218693427 50.95430618628197),50.9543,-118.87780000000001,318.0,K30607,2003,Full,Fire
130,POINT (-118.73741546387004 51.94798925393475),51.948,-118.73740000000001,702.0,N40571,2003,Modified,Fire
131,POINT (-118.676382334446 51.567823242144584),51.567800000000005,-118.6764,680.0,N40396,2003,Full,Fire
132,POINT (-115.23636429740105 50.329689567366664),50.3297,-115.2364,9875.0,N20321,2003,Full,Fire
133,POINT (-118.92201535465381 51.48417320873334),51.4842,-118.92200000000001,1150.0,K30464,2003,Modified,Fire
134,POINT (-116.4684314146636 49.847089398011335),49.847100000000005,-116.4684,1006.0,N10355,2003,Full,Fire
135,POINT (-117.07121442694663 49.44705630506658),49.4471,-117.0712,7916.0,N70556,2003,Modified,Fire
136,POINT (-116.3083471693873 49.02550636193476),49.0255,-116.3083,801.0,N70578,2003,Full,Fire
137,POINT (-120.21703246158486 51.05510603320154),51.0551,-120.217,26345.0,K20272,2003,Full,Fire
138,POINT (-118.05301530549957 51.86000633154181),51.86,-118.05300000000001,320.0,N40464,2003,Full,Fire
139,POINT (-116.29748123084082 49.27355637904905),49.2736,-116.2975,686.0,N70454,2003,Full,Fire
140,POINT (-119.55501568247823 52.15182316438253),52.1518,-119.555,100.0,K10645,2003,,Fire
141,POINT (-117.22001439490748 49.2133392738874),49.213300000000004,-117.22,155.5,N50546,2003,Full,Fire
142,POINT (-118.83156527951594 51.29225620956146),51.292300000000004,-118.83160000000001,822.0,K30592,2003,Modified,Fire
143,POINT (-116.70383143644055 49.75387336609728),49.7539,-116.7038,100.0,N70708,2003,Modified,Fire
144,POINT (-118.74009847721854 51.98765625547846),51.987700000000004,-118.74010000000001,700.0,N40570,2003,Full,Fire
145,POINT (-120.59501605228212 52.693339060516365),52.6933,-120.595,180.0,C30266,2003,,Fire
146,POINT (-120.56931557601409 51.22252299851668),51.222500000000004,-120.56930000000001,1500.0,C40305,2003,Full,Fire
147,POINT (-116.86851460004033 50.238839377423645),50.238800000000005,-116.86850000000001,505.0,N70923,2003,Full,Fire
148,POINT (-118.61501529926163 51.49233924527673),51.4923,-118.61500000000001,1073.0,N40741,2003,Full,Fire
149,POINT (-124.33118345979712 52.025672567886225),52.0257,-124.33120000000001,1875.0,C50199,2003,Full,Fire
150,POINT (-126.11685170482953 56.95067243615562),56.950700000000005,-126.11680000000001,210.4,G60180,2004,Full,Fire
151,POINT (-132.2119708226649 59.328854533960424),59.328900000000004,-132.21200000000002,725.0,R90236,2004,,Fire
152,POINT (-118.39498237250966 51.86672329134377),51.8667,-118.39500000000001,130.0,N40184,2004,Full,Fire
153,POINT (-120.81568581217303 59.04683922544961),59.046800000000005,-120.8157,13325.0,G90352,2004,Modified,Fire
154,POINT (-119.58468280872223 52.52283917831225),52.522800000000004,-119.58470000000001,360.0,K10409,2004,,Fire
155,POINT (-130.64135377679747 59.590337773068185),59.590300000000006,-130.6413,8000.0,R90097,2004,Modified,Fire
156,POINT (-127.43318461458311 53.95133821145424),53.9513,-127.4332,330.0,R20139,2004,Full,Fire
157,POINT (-129.35501949096707 57.57383797303013),57.573800000000006,-129.35500000000002,6000.0,R90101,2004,Modified,Fire
158,POINT (-126.0395171572102 53.27500538279345),53.275000000000006,-126.0395,140.0,R10115,2004,Full,Fire
159,POINT (-118.36934836068968 51.84367329291488),51.843700000000005,-118.36930000000001,122.0,N40379,2004,Full,Fire
160,POINT (-121.0723320387465 49.01420583054625),49.0142,-121.07230000000001,110.0,V10050,2004,Full,Fire
161,POINT (-120.008352084029 59.84000635642143),59.84,-120.0083,2299.1,G90441,2004,,Fire
162,POINT (-120.21468603115369 59.67050632337638),59.670500000000004,-120.21470000000001,1600.0,G90440,2004,,Fire
163,POINT (-129.6871872083196 58.83333792160038),58.8333,-129.68720000000002,750.0,R90134,2004,,Fire
164,POINT (-120.57035128935358 58.1305062404381),58.130500000000005,-120.5703,800.0,G80200,2004,,Fire
165,POINT (-120.01901909085127 59.849673355305356),59.849700000000006,-120.019,2299.1,G90442,2004,,Fire
166,POINT (-124.91585011754474 53.63617253934),53.6362,-124.9158,10300.0,G40152,2004,Full,Fire
167,POINT (-122.41668274492089 50.73417275483279),50.7342,-122.4167,2414.0,K70198,2004,Full,Fire
168,POINT (-124.70001714109038 53.79167257142407),53.791700000000006,-124.7,150.0,G40044,2004,Full,Fire
169,POINT (-120.30591591565238 52.4414060857516),52.4414,-120.30590000000001,125.0,K10442,2004,,Fire
170,POINT (-128.9244699126017 58.493188036473846),58.4932,-128.9245,6000.0,R90083,2004,,Fire
171,POINT (-127.7783516100925 56.2083381928309),56.2083,-127.7783,274.7,R40163,2004,Modified,Fire
172,POINT (-119.75401582745988 52.48250615503901),52.4825,-119.754,102.60000000000001,K10384,2004,,Fire
173,POINT (-121.83428251333945 50.27140580464593),50.2714,-121.8343,300.0,K70499,2004,,Fire
174,POINT (-130.6338536874636 59.44033777469077),59.4403,-130.6338,300.0,R90087,2004,,Fire
175,POINT (-120.37904891885265 52.41328907544349),52.4133,-120.379,4745.0,K10367,2004,Modified,Fire
176,POINT (-132.3666377609885 59.191637511713495),59.1916,-132.3666,800.0,R90184,2004,,Fire
177,POINT (-128.0946868556045 58.610172160288684),58.610200000000006,-128.09470000000002,101.10000000000001,G90272,2004,,Fire
178,POINT (-121.6403983922455 49.9603558129582),49.9604,-121.6404,980.0,V10531,2004,Full,Fire
179,POINT (-124.35818396607887 53.46583860765939),53.4658,-124.35820000000001,369.1,G40496,2004,Full,Fire
180,POINT (-128.73335091140683 54.25000503976484),54.25,-128.7333,300.0,R50048,2004,Full,Fire
181,POINT (-122.09918267385716 50.66900579076984),50.669000000000004,-122.09920000000001,954.0,K70112,2004,Full,Fire
182,POINT (-120.12718289370578 52.47717310892582),52.4772,-120.1272,375.0,K10429,2004,,Fire
183,POINT (-121.21001849433452 58.28750615447315),58.2875,-121.21000000000001,130.0,G80238,2004,Modified,Fire
184,POINT (-124.45818383349874 53.052672582633235),53.0527,-124.4582,494.0,C10176,2004,Full,Fire
185,POINT (-126.57501718003031 53.12333830957011),53.1233,-126.575,200.0,R10082,2004,Full,Duplicate
186,POINT (-128.08335239884144 57.75000515941361),57.75,-128.0833,4066.0,R90189,2004,,Fire
187,POINT (-122.79751948320295 59.56000594810254),59.56,-122.7975,3620.7000000000003,G90310,2004,Modified,Fire
188,POINT (-124.21758397555186 53.55283862844088),53.552800000000005,-124.2176,1821.0,G40189,2004,Full,Fire
189,POINT (-121.53134846398711 50.278005840588364),50.278000000000006,-121.5313,1493.0,K70172,2004,Full,Fire
190,POINT (-131.71002064473478 59.128337613597786),59.1283,-131.71,100.0,R90183,2004,,Fire
191,POINT (-125.66998594321312 57.59017250750541),57.5902,-125.67,730.1,G60166,2004,Full,Fire
192,POINT (-125.32589954310323 51.81258843645898),51.8126,-125.3259,8100.1,C50265,2004,Full,Fire
193,POINT (-126.57501718003031 53.12333830957011),53.1233,-126.575,150.0,VA0189,2004,,Nuisance Fire
194,POINT (-125.13751661977352 52.127672468835264),52.127700000000004,-125.1375,456.40000000000003,C50114,2004,Full,Fire
195,POINT (-132.78285344556787 58.54917145602792),58.549200000000006,-132.7828,300.0,R90044,2004,,Fire
196,POINT (-121.07718227070986 49.87233887352085),49.8723,-121.0772,157.0,K60610,2004,Full,Fire
197,POINT (-120.1633489023884 52.483339105099525),52.4833,-120.1633,360.0,K10413,2004,,Fire
198,POINT (-115.73334723828415 49.7333394725634),49.7333,-115.7333,300.0,N10568,2004,Full,Fire
199,POINT (-126.02581678566412 52.22512235859926),52.225100000000005,-126.0258,360.0,VA0194,2004,Full,Fire
200,POINT (-119.7393485842354 51.73533912243088),51.7353,-119.7393,234.0,K10398,2004,Full,Fire
201,POINT (-125.84315019007192 53.44512241284327),53.445100000000004,-125.8431,418.0,R10243,2004,Full,Fire
202,POINT (-119.85834880022853 52.3416731360329),52.3417,-119.8583,490.0,K10422,2004,,Fire
203,POINT (-126.55735091357957 55.02010534739019),55.0201,-126.55730000000001,114.0,R30046,2004,Full,Fire
204,POINT (-131.45558806214757 59.88430464435792),59.8843,-131.4556,29962.0,R90086,2004,Modified,Fire
205,POINT (-119.23501585768287 52.86333923647304),52.8633,-119.235,503.0,G30401,2004,Full,Fire
206,POINT (-127.62540280818602 58.65387223031878),58.6539,-127.6254,255.1,G90273,2004,,Fire
207,POINT (-124.57894985851524 53.06918856758672),53.0692,-124.5789,1510.0,C10175,2004,Full,Fire
208,POINT (-118.83334884323435 53.0500062948833),53.050000000000004,-118.83330000000001,2638.0,G30485,2004,,Fire
209,POINT (-125.74668375255186 52.248338394814),52.2483,-125.7467,22745.0,C50125,2004,Full,Fire
210,POINT (-116.73176462291674 50.4218394043962),50.421800000000005,-116.7318,125.0,N70177,2004,Full,Fire
211,POINT (-120.09884881010362 52.23750610191007),52.237500000000004,-120.09880000000001,132.0,K10570,2004,,Fire
212,POINT (-120.29633292635167 52.47912308838761),52.4791,-120.2963,635.0,K10426,2004,,Fire
213,POINT (-133.5245883024556 59.86600432299762),59.866,-133.5246,110.0,R90214,2004,Full,Fire
214,POINT (-121.93834866765141 50.73917281299608),50.739200000000004,-121.93830000000001,1514.0,K70099,2004,Full,Fire
215,POINT (-119.81684849215517 51.39362309712994),51.3936,-119.8168,228.9,K20139,2004,Full,Fire
216,POINT (-128.77285292458723 58.55433805934543),58.554300000000005,-128.77280000000002,2550.0,R90182,2004,Modified,Fire
217,POINT (-128.01226956945442 58.09872217071147),58.0987,-128.0123,1600.0,R90198,2004,,Fire
218,POINT (-121.30485163852173 58.531673146304215),58.5317,-121.3048,150.1,G90138,2004,Full,Fire
219,POINT (-125.29168491426822 55.48833852914667),55.4883,-125.2917,100.0,G50165,2004,Modified,Fire
220,POINT (-128.90835268467282 58.068005039170785),58.068000000000005,-128.9083,14000.0,R90045,2004,,Fire
221,POINT (-118.57936500383757 50.513573197536665),50.513600000000004,-118.5794,324.0,K40563,2004,Full,Fire
222,POINT (-128.08838529138168 55.38452214112649),55.3845,-128.0884,120.0,R40111,2004,Full,Fire
223,POINT (-126.26668407945557 52.966672345971126),52.9667,-126.2667,2550.0,C50149,2004,,Fire
224,POINT (-126.63335018133449 53.10000530078897),53.1,-126.6333,1400.0,R10065,2004,,Fire
225,POINT (-121.85716547104509 50.11352279454049),50.1135,-121.8572,146.0,K70498,2004,Modified,Fire
226,POINT (-130.8593539266846 59.791671737866984),59.791700000000006,-130.85930000000002,9500.0,R90106,2004,,Fire
227,POINT (-127.06202046104248 59.94867231619529),59.9487,-127.06200000000001,32000.0,G90232,2004,Modified,Fire
228,POINT (-126.5000175990093 54.26250534257089),54.2625,-126.5,500.0,R20052,2004,Full,Fire
229,POINT (-124.6508344016658 54.48967259488959),54.4897,-124.6508,120.0,G50037,2004,Full,Fire
230,POINT (-121.46801530342147 49.74967282271785),49.749700000000004,-121.468,535.0,V10543,2004,Full,Fire
231,POINT (-126.2779670220785 52.80375534102542),52.8038,-126.278,135.0,C50508,2004,Full,Fire
232,POINT (-122.00356903380788 59.02103905485112),59.021,-122.0036,403.90000000000003,G90147,2005,Full,Fire
233,POINT (-124.04444996264745 53.59600565206497),53.596000000000004,-124.04440000000001,12500.0,G40083,2005,Full,Duplicate
234,POINT (-122.94113237127428 49.10562262167069),49.1056,-122.9411,206.0,V10404,2005,Full,Fire
235,POINT (-121.01668636464767 59.96667321336711),59.9667,-121.0167,400.0,G90218,2005,Monitor,Fire
236,POINT (-120.74438228845847 50.137305925554784),50.1373,-120.7444,140.0,K60140,2005,Full,Fire
237,POINT (-121.57055210930102 59.31705612254644),59.3171,-121.57050000000001,1048.0,G90159,2005,Full,Fire
238,POINT (-124.28718393065873 53.402338615003245),53.402300000000004,-124.28720000000001,600.0,C10054,2005,Full,Fire
239,POINT (-120.8930189193583 59.21633921785275),59.216300000000004,-120.893,6720.0,G90151,2005,Full,Fire
240,POINT (-121.4355191300157 59.40267314380401),59.4027,-121.4355,1516.0,G90167,2005,Modified,Fire
241,POINT (-121.39685214154476 59.43633914980473),59.4363,-121.3968,107.3,G90166,2005,Modified,Fire
242,POINT (-120.04168573045551 59.19000633903504),59.19,-120.0417,550.0,G90195,2005,Full,Fire
243,POINT (-123.5540158174746 50.35550560293513),50.3555,-123.554,363.0,V30268,2005,Full,Fire
244,POINT (-124.04444996264745 53.59600565206497),53.596000000000004,-124.04440000000001,12500.0,G40089,2005,Full,Duplicate
245,POINT (-128.23255143317425 55.66478812424171),55.6648,-128.23250000000002,112.0,R40022,2005,Full,Fire
246,POINT (-119.28584871267071 52.400339209217734),52.4003,-119.28580000000001,163.0,K10069,2005,Full,Fire
247,POINT (-121.9083360504333 59.088023070181734),59.088,-121.90830000000001,149.70000000000002,G90143,2005,Full,Fire
248,POINT (-120.06131869629745 59.11720633454078),59.117200000000004,-120.0613,262.0,G90194,2005,Full,Duplicate
249,POINT (-121.99135205070918 59.05650605715728),59.0565,-121.99130000000001,376.3,G90144,2005,Full,Fire
250,POINT (-120.06131869629745 59.11720633454078),59.117200000000004,-120.0613,262.0,G90206,2005,Full,Fire
251,POINT (-124.19586692518463 53.427322627510414),53.4273,-124.19590000000001,600.0,G40091,2005,Full,Duplicate
252,POINT (-124.04444996264745 53.59600565206497),53.596000000000004,-124.04440000000001,12500.0,G40114,2005,Full,Duplicate
253,POINT (-118.63868260876552 52.4586732906778),52.4587,-118.6387,100.0,G30192,2005,Monitor,Fire
254,POINT (-121.38868245944367 50.34750586061932),50.347500000000004,-121.3887,5560.0,K70135,2005,Full,Fire
255,POINT (-123.58183403553015 53.9934557235981),53.993500000000004,-123.5818,517.0,G40111,2005,Full,Duplicate
256,POINT (-119.55001481649337 49.18000601177362),49.18,-119.55,539.3,K50168,2005,Full,Fire
257,POINT (-121.25001590751937 51.90000594597392),51.9,-121.25,111.0,C40058,2005,Full,Fire
258,POINT (-123.96668393890921 53.566672661265294),53.566700000000004,-123.9667,12371.0,G40100,2005,Full,Fire
259,POINT (-123.58183403553015 53.9934557235981),53.993500000000004,-123.5818,517.0,G40110,2005,Full,Fire
260,POINT (-121.88760155376124 58.14523905541204),58.1452,-121.8876,198.0,G90189,2005,Modified,Fire
261,POINT (-121.39685214154476 59.43633914980473),59.4363,-121.3968,107.3,G90197,2005,Full,Duplicate
262,POINT (-122.88701847914497 57.6211729041777),57.6212,-122.887,6552.0,G80353,2006,Modified,Fire
263,POINT (-117.27143183662045 50.801606365073646),50.8016,-117.2714,196.0,N70290,2006,Modified,Fire
264,POINT (-121.45001801891013 57.22025609646181),57.2203,-121.45,1064.0,G80343,2006,Full,Fire
265,POINT (-121.40376756336457 56.234556077059175),56.2346,-121.4038,140.0,G80020,2006,Modified,Fire
266,POINT (-121.37134845103374 50.330672861175714),50.3307,-121.3713,236.0,K70702,2006,Full,Fire
267,POINT (-124.58386777219253 55.4221726246401),55.422200000000004,-124.5839,501.6,G60430,2006,Modified,Fire
268,POINT (-117.88581494595378 50.76723929212751),50.7672,-117.8858,206.0,N50765,2006,Modified,Fire
269,POINT (-120.65286668879475 54.440289120765875),54.4403,-120.6529,12051.0,G70309,2006,Modified,Fire
270,POINT (-123.98841672003378 52.94657264046849),52.946600000000004,-123.98840000000001,1315.0,C10204,2006,Full,Fire
271,POINT (-123.4599997556116 53.28898871900345),53.289,-123.46000000000001,227.0,G10388,2006,Full,Fire
272,POINT (-119.7661824123401 51.16077309170003),51.1608,-119.76620000000001,100.0,K20730,2006,Full,Fire
273,POINT (-117.2715145074428 49.6058392926134),49.6058,-117.2715,133.0,N70761,2006,Full,Fire
274,POINT (-118.77401490519728 50.03475614827156),50.034800000000004,-118.774,200.0,K41334,2006,Full,Fire
275,POINT (-121.33335110633568 57.45367311824134),57.453700000000005,-121.33330000000001,110.0,G80351,2006,Full,Fire
276,POINT (-120.46168408833022 55.53667318259234),55.5367,-120.46170000000001,270.2,G70113,2006,Modified,Fire
277,POINT (-123.77628436110489 54.748255718295155),54.7483,-123.7763,123.10000000000001,G50447,2006,Full,Fire
278,POINT (-120.78228402962172 55.24412313112231),55.2441,-120.7823,9401.0,G70319,2006,Full,Fire
279,POINT (-121.90751788050521 56.737006021998475),56.737,-121.9075,742.2,G80452,2006,Full,Fire
280,POINT (-120.43426678187173 54.78317316091421),54.7832,-120.43430000000001,3717.0,G70329,2006,Full,Fire
281,POINT (-120.62818374498877 54.597839129149506),54.5978,-120.6282,1774.0,G70333,2006,Modified,Fire
282,POINT (-117.83718210824857 51.35083932979311),51.3508,-117.83720000000001,100.0,N40322,2006,Modified,Fire
283,POINT (-123.62808369261114 53.03497268895848),53.035000000000004,-123.6281,400.0,G40370,2006,Full,Fire
284,POINT (-124.94285008176124 53.52783853265805),53.5278,-124.9428,1590.0,G40363,2006,Full,Fire
285,POINT (-118.76101512276298 50.80567319232999),50.8057,-118.76100000000001,245.0,K31170,2006,Full,Fire
286,POINT (-120.5666819524882 49.01667288853973),49.0167,-120.56670000000001,5400.0,K61278,2006,Full,Fire
287,POINT (-124.925235156159 56.178972592708675),56.179,-124.9252,220.0,G60410,2006,Full,Fire
288,POINT (-123.22301723801495 54.67483878980257),54.674800000000005,-123.223,719.9,G10436,2006,Full,Fire
289,POINT (-122.17811736089686 55.42885595068752),55.428900000000006,-122.1781,118.0,G70446,2006,Modified,Fire
290,POINT (-123.96736689916148 53.45517265806594),53.455200000000005,-123.96740000000001,450.0,G40169,2006,Full,Fire
291,POINT (-117.33583175855708 50.48178933871322),50.4818,-117.3358,188.0,N70295,2006,Modified,Fire
292,POINT (-122.47751611674677 51.89450579490638),51.8945,-122.4775,162.20000000000002,C20011,2006,Full,Fire
293,POINT (-114.4540307963303 49.02088956179416),49.020900000000005,-114.45400000000001,130.0,N10229,2006,Full,Fire
294,POINT (-120.47134969264384 54.53717314740996),54.537200000000006,-120.4713,290.8,G70611,2006,Full,Fire
295,POINT (-125.80785227890553 58.20250549404128),58.2025,-125.8078,7000.0,G60237,2006,Monitor,Fire
296,POINT (-117.03651459867929 50.11535635116722),50.1154,-117.0365,258.0,N70278,2006,Modified,Fire
297,POINT (-123.18050099276296 56.477438839856745),56.4774,-123.18050000000001,250.0,G80487,2006,Full,Fire
298,POINT (-124.14484999102433 53.627622639892934),53.6276,-124.1448,133.0,G40162,2006,Full,Fire
299,POINT (-123.71516640645693 52.16042264973456),52.1604,-123.71520000000001,199.0,C50308,2006,Full,Fire
300,POINT (-116.23501468454936 50.98372349529061),50.9837,-116.235,237.0,N40023,2006,Full,Fire
301,POINT (-126.70638570618738 56.75980535070183),56.759800000000006,-126.7064,800.0,G50540,2006,Monitor,Fire
302,POINT (-116.80339753909692 50.06233937438279),50.0623,-116.80340000000001,260.0,N70516,2006,Modified,Fire
303,POINT (-123.46150030189281 54.733572759727195),54.7336,-123.4615,544.0,G10457,2006,Full,Fire
304,POINT (-120.16168337799546 53.85217316176255),53.8522,-120.16170000000001,466.0,G10469,2006,Monitor,Fire
305,POINT (-118.2934652748453 51.610423289506336),51.610400000000006,-118.29350000000001,245.0,N40276,2006,Modified,Fire
306,POINT (-123.06666845617605 57.50817287733302),57.5082,-123.06670000000001,160.0,G80758,2006,Full,Fire
307,POINT (-120.49204904813988 52.740056074760616),52.740100000000005,-120.492,325.0,C30432,2006,Full,Fire
308,POINT (-118.7689324238131 51.80215624308084),51.8022,-118.7689,470.0,N40779,2006,Modified,Fire
309,POINT (-127.71313682461277 58.65900521711676),58.659000000000006,-127.71310000000001,10600.0,G90419,2006,Monitor,Fire
310,POINT (-121.85871571242927 50.93587283063614),50.935900000000004,-121.8587,120.0,K70397,2006,Full,Fire
311,POINT (-125.35885116043596 56.0291725300947),56.0292,-125.3588,3081.9,G60490,2006,Modified,Fire
312,POINT (-118.76634849708562 52.033006254490054),52.033,-118.7663,220.0,N40053,2006,Full,Fire
313,POINT (-117.68518185836487 50.59533930518478),50.5953,-117.68520000000001,150.1,N50308,2006,Modified,Fire
314,POINT (-117.82918192365409 50.730173296203304),50.7302,-117.8292,150.5,N50408,2006,Full,Fire
315,POINT (-119.68901548149525 51.43533911443913),51.435300000000005,-119.68900000000001,234.0,K20187,2006,Full,Fire
316,POINT (-121.87001797284188 56.95333903181204),56.953300000000006,-121.87,4366.2,G80381,2006,Modified,Fire
317,POINT (-121.83701815250001 57.34717304627596),57.3472,-121.837,3575.4,G80347,2006,Full,Fire
318,POINT (-120.17461725976844 56.074423238676616),56.074400000000004,-120.17460000000001,180.0,G70066,2006,Modified,Fire
319,POINT (-125.16668391422964 52.971838489380836),52.9718,-125.1667,840.0,G40168,2006,Full,Fire
320,POINT (-120.04754885635116 52.40767311603201),52.407700000000006,-120.0475,138.0,K10544,2006,Modified,Fire
321,POINT (-125.556683943251 52.88167243645153),52.8817,-125.5567,10960.5,C50148,2006,Full,Fire
322,POINT (-125.45501706209178 53.2583384592935),53.258300000000006,-125.45500000000001,784.0,G40362,2006,Modified,Fire
323,POINT (-126.42585229005601 58.03333840252959),58.033300000000004,-126.42580000000001,750.0,G60238,2006,Monitor,Fire
324,POINT (-121.71765045159893 55.84153902428381),55.8415,-121.7176,1200.0,G70097,2006,Full,Fire
325,POINT (-125.00501942390719 58.73000561644009),58.730000000000004,-125.00500000000001,600.0,G90236,2006,Full,Fire
326,POINT (-119.59168217490229 50.46000607654445),50.46,-119.5917,134.0,K40587,2006,Full,Fire
327,POINT (-116.28811437462485 49.830856417134235),49.8309,-116.2881,535.8,N10326,2006,Full,Fire
328,POINT (-124.00540041801452 54.7948886886284),54.794900000000005,-124.00540000000001,1100.0,G50392,2006,Full,Fire
329,POINT (-118.27733208262474 50.98063925817403),50.9806,-118.27730000000001,200.0,N40411,2006,Modified,Fire
330,POINT (-121.88335128804901 57.61200604548965),57.612,-121.8833,1080.0,G80375,2006,Monitor,Fire
331,POINT (-121.79618520797449 57.48050605464648),57.4805,-121.7962,2882.0,G80349,2006,Monitor,Fire
332,POINT (-120.78718301205012 52.47267302692785),52.4727,-120.78720000000001,200.0,C30424,2006,Full,Fire
333,POINT (-120.479984209053 55.81708918925427),55.8171,-120.48,151.8,G70047,2006,Full,Fire
334,POINT (-125.61231698516757 52.97613843142293),52.9761,-125.6123,375.0,G40372,2006,Full,Fire
335,POINT (-121.51371546339524 50.29030584297438),50.2903,-121.5137,204.0,K70001,2006,Full,Fire
336,POINT (-121.00614924913688 53.0531730232835),53.053200000000004,-121.0061,510.0,C10463,2006,Full,Fire
337,POINT (-120.55983236957039 50.53250596669574),50.532500000000006,-120.55980000000001,309.0,K20280,2006,Full,Fire
338,POINT (-124.92751815585227 56.17833859252944),56.1783,-124.92750000000001,1174.9,G60418,2006,Modified,Fire
339,POINT (-124.11668381201375 53.14833863018272),53.148300000000006,-124.11670000000001,11500.0,C10161,2006,Full,Fire
340,POINT (-124.34618403848899 53.66700561478416),53.667,-124.34620000000001,265.0,G40453,2006,Full,Fire
341,POINT (-120.38416492287399 49.02182290960531),49.0218,-120.3842,1801.0,K51324,2006,Full,Fire
342,POINT (-120.68851603390719 52.58917304443741),52.589200000000005,-120.6885,500.0,C30429,2006,Full,Fire
343,POINT (-123.46719979775537 53.40248872098584),53.4025,-123.4672,1553.2,G10389,2006,Full,Fire
344,POINT (-121.36500029938483 55.635056066006065),55.6351,-121.36500000000001,166.9,G70072,2006,Full,Fire
345,POINT (-125.2950179151009 55.48833852913752),55.4883,-125.295,243.0,G50530,2006,Modified,Fire
346,POINT (-123.60190066136029 55.54975576186016),55.549800000000005,-123.6019,190.0,G60439,2006,Full,Fire
347,POINT (-118.08434811733926 51.22350629402792),51.2235,-118.0843,220.0,N40282,2006,Modified,Fire
348,POINT (-125.69256877043502 57.228555500128174),57.2286,-125.69260000000001,175.0,G60671,2006,Modified,Fire
349,POINT (-123.70891739554132 54.860905730340136),54.8609,-123.7089,217.0,G50450,2006,Full,Fire
350,POINT (-125.52001695612653 52.93667244229433),52.9367,-125.52,1160.0,C10150,2006,Full,Fire
351,POINT (-118.38584803446444 50.746839233000145),50.7468,-118.3858,182.0,K41068,2006,Full,Fire
352,POINT (-123.37291665748702 53.05372272300717),53.0537,-123.3729,8524.0,C10157,2006,Full,Fire
353,POINT (-123.28331674403931 53.3377057431705),53.337700000000005,-123.28330000000001,125.0,G10057,2007,Full,Fire
354,POINT (-116.920397599098 50.202173369583186),50.202200000000005,-116.9204,1528.0,N70139,2007,Full,Fire
355,POINT (-117.44134759318351 49.80633928626956),49.8063,-117.44130000000001,3137.0,N50372,2007,Full,Fire
356,POINT (-128.00001993618923 58.783338174805934),58.783300000000004,-128.0,9400.0,G90072,2007,Monitor,Fire
357,POINT (-119.65216598875705 53.01757319181545),53.0176,-119.65220000000001,115.0,G30313,2007,Full,Fire
358,POINT (-117.1568976551415 50.23723934503544),50.2372,-117.15690000000001,138.0,N70397,2007,Modified,Fire
359,POINT (-120.43153269643142 51.69273903721112),51.6927,-120.4315,464.0,K10658,2007,Full,Fire
360,POINT (-119.56089899490667 53.08620620598287),53.086200000000005,-119.5609,108.0,G30146,2007,Full,Fire
361,POINT (-115.20051425548812 50.20397356305109),50.204,-115.2005,1003.0,N20346,2007,Full,Fire
362,POINT (-120.67968273860768 51.68712300619183),51.6871,-120.67970000000001,351.0,C40139,2007,Full,Fire
363,POINT (-117.35051455805991 49.7416732924187),49.7417,-117.35050000000001,267.0,N50561,2007,Full,Fire
364,POINT (-119.83943273812574 52.16285613040007),52.1629,-119.83940000000001,109.0,K10636,2007,Monitor,Fire
365,POINT (-118.04173174239793 49.9385732260135),49.9386,-118.0417,315.0,N50229,2007,Full,Fire
366,POINT (-118.77899783238011 49.76242313200821),49.7624,-118.77900000000001,840.9,N60564,2007,Full,Fire
367,POINT (-117.19291455748325 49.85082331733667),49.8508,-117.19290000000001,920.0,N70126,2007,Modified,Fire
368,POINT (-128.00801994917344 58.80317217354436),58.803200000000004,-128.008,9434.7,R90030,2007,Full,Duplicate
369,POINT (-121.07429838583117 50.27925589448658),50.2793,-121.07430000000001,300.0,K60014,2007,Modified,Fire
370,POINT (-117.23984750612715 49.628839298328614),49.628800000000005,-117.2398,1075.0,N70347,2007,Full,Fire
371,POINT (-117.44118138314602 49.00683923600254),49.006800000000005,-117.44120000000001,3969.0,N50523,2007,Full,Fire
372,POINT (-116.20158137059973 49.87753942975281),49.877500000000005,-116.2016,1897.0,N20149,2007,Modified,Fire
373,POINT (-119.71851478943205 48.95900598084854),48.959,-119.7185,1602.0,K50510,2007,,Unknown
374,POINT (-115.89168157764982 50.85550652629027),50.8555,-115.8917,191.0,N20789,2007,Monitor,Fire
375,POINT (-116.98733152661778 49.887856342664044),49.8879,-116.9873,200.0,N70171,2007,Modified,Fire
376,POINT (-116.99068157392406 50.058506352567846),50.0585,-116.9907,252.5,N70167,2007,Full,Fire
377,POINT (-120.66088334778229 53.51022308457685),53.510200000000005,-120.66090000000001,220.0,G30181,2007,Modified,Fire
378,POINT (-123.16001604336275 51.31000568857728),51.31,-123.16,280.0,C20298,2008,Modified,Fire
379,POINT (-115.97684724512534 49.57327343507909),49.5733,-115.97680000000001,170.0,N10647,2008,Full,Fire
380,POINT (-125.06084981993473 52.748188496605),52.748200000000004,-125.0608,274.0,C10082,2008,Full,Fire
381,POINT (-125.45251725613207 53.785405472203884),53.7854,-125.4525,225.0,R10067,2008,Full,Fire
382,POINT (-122.10061583468246 51.203405813249745),51.2034,-122.1006,280.0,C40006,2008,Full,Fire
383,POINT (-121.16748420727423 55.50363908819467),55.503600000000006,-121.1675,150.8,G70267,2008,Full,Fire
384,POINT (-124.27623312654343 51.00578854034827),51.0058,-124.2762,116.0,V50689,2008,Modified,Fire
385,POINT (-124.20001939818631 58.94167273590835),58.941700000000004,-124.2,350.0,G90200,2008,Modified,Fire
386,POINT (-120.16588187789075 48.998672932534035),48.9987,-120.16590000000001,117.9,K51604,2008,Modified,Fire
387,POINT (-120.19846749554154 56.60520625160505),56.6052,-120.19850000000001,348.0,G80375,2008,Full,Fire
388,POINT (-123.56330201041784 58.43147282198312),58.4315,-123.56330000000001,1300.0,G90193,2008,Modified,Fire
389,POINT (-127.11668669126313 58.5833383052289),58.5833,-127.11670000000001,5348.0,G90088,2008,Modified,Fire
390,POINT (-116.4879972816904 49.32757336243962),49.327600000000004,-116.488,226.20000000000002,N70207,2008,Full,Fire
391,POINT (-120.09428435136888 56.3216562571889),56.3217,-120.0943,100.0,G80398,2008,,Nuisance Fire
392,POINT (-121.58876709535939 55.035689017318504),55.035700000000006,-121.5888,110.0,G70168,2008,Full,Fire
393,POINT (-118.14061471413667 49.76553920486655),49.7655,-118.1406,385.0,N50245,2008,Full,Fire
394,POINT (-115.66318120565526 49.6640064749242),49.664,-115.6632,329.1,N10318,2008,Full,Fire
395,POINT (-121.5438484080717 50.074738829288535),50.0747,-121.5438,128.2,K70381,2008,Full,Fire
396,POINT (-121.97948254106988 50.28358878728587),50.2836,-121.9795,10000.0,K71110,2009,Modified,Fire
397,POINT (-127.13798943724461 58.09839029948682),58.098400000000005,-127.138,4041.6,G60461,2009,Modified,Fire
398,POINT (-121.69383271279709 51.029905855152585),51.029900000000005,-121.69380000000001,140.0,C40053,2009,Full,Fire
399,POINT (-126.16666765638396 56.83332242772767),56.8333,-126.1666,2750.4,G60274,2009,Modified,Fire
400,POINT (-127.64593557414457 56.17083821164883),56.1708,-127.64590000000001,1600.0,R40157,2009,Modified,Fire
401,POINT (-127.69805585096701 58.71092321923982),58.7109,-127.69800000000001,2310.0,G90324,2009,Modified,Fire
402,POINT (-123.2088481507317 51.62587169385778),51.6259,-123.20880000000001,205.0,C20442,2009,Full,Fire
403,POINT (-119.18384838219202 51.41232317366293),51.4123,-119.1838,129.9,K11638,2009,Modified,Fire
404,POINT (-119.48016579984105 52.552356192485085),52.552400000000006,-119.48020000000001,766.1,K10923,2009,Modified,Fire
405,POINT (-126.43753177329468 52.0099543008037),52.0099,-126.4375,574.0,VA1245,2009,Modified,Fire
406,POINT (-119.73619824250395 50.6016060673135),50.601600000000005,-119.73620000000001,2100.0,K21563,2009,Full,Fire
407,POINT (-122.35984911906084 51.96595581221803),51.966,-122.3598,500.0,C20031,2009,Full,Fire
408,POINT (-122.14334852472915 50.131672761151535),50.1317,-122.14330000000001,250.0,K71111,2009,Modified,Fire
409,POINT (-123.66666537361732 52.082521652947634),52.0825,-123.6666,100.0,C50043,2009,Full,Fire
410,POINT (-118.47156532301695 51.65927327087573),51.6593,-118.47160000000001,285.0,N40503,2009,Modified,Fire
411,POINT (-122.93163377326282 50.54253968552625),50.542500000000004,-122.9316,823.0,V30937,2009,Full,Fire
412,POINT (-118.69234821251794 51.15783921846751),51.1578,-118.6923,125.0,K31094,2009,Full,Fire
413,POINT (-120.38333348997234 56.50967222387441),56.5097,-120.3833,310.0,G80007,2009,Full,Fire
414,POINT (-124.41490211015211 50.882772518647556),50.8828,-124.4149,214.78,V51385,2009,Modified,Fire
415,POINT (-125.23176682531631 52.687005472665284),52.687000000000005,-125.2318,452.0,C50410,2009,Modified,Fire
416,POINT (-125.81829986695635 52.55130539359275),52.551300000000005,-125.81830000000001,2826.0,C50396,2009,Full,Fire
417,POINT (-127.3039506098127 56.35982326124316),56.3598,-127.30390000000001,1000.0,G50278,2009,Modified,Fire
418,POINT (-123.28928431795713 52.09937070097622),52.0994,-123.28930000000001,179.0,C50466,2009,Full,Fire
419,POINT (-121.77658255769714 50.459205819345875),50.4592,-121.7766,2023.0,K70951,2009,Full,Fire
420,POINT (-120.60201513341703 49.66867291858439),49.6687,-120.602,126.0,K60112,2009,Full,Fire
421,POINT (-119.4916822563695 50.802673106678185),50.8027,-119.49170000000001,2896.0,K31483,2009,Full,Fire
422,POINT (-126.8326968740814 52.142423253276),52.1424,-126.8327,140.0,VA1386,2009,Modified,Fire
423,POINT (-120.50046922194919 59.90322328701765),59.903200000000005,-120.5005,192.4,G90361,2009,Modified,Fire
424,POINT (-126.42603419959279 53.23717233104401),53.2372,-126.426,291.0,R10210,2009,Modified,Fire
425,POINT (-131.63623753111156 58.94762162619841),58.9476,-131.6362,286.0,R90173,2009,Modified,Fire
426,POINT (-129.4000195305342 57.64067196602466),57.6407,-129.4,1909.0,R90172,2009,Modified,Fire
427,POINT (-123.79551831296385 51.83584062841334),51.8358,-123.7955,66571.0,C50418,2009,Full,Fire
428,POINT (-125.45749916919972 56.01562251621165),56.0156,-125.45750000000001,793.4,G60317,2009,Modified,Fire
429,POINT (-127.06096730497639 50.24430617566486),50.2443,-127.061,198.79,V81242,2009,Full,Fire
430,POINT (-122.77889885953965 50.91343871908941),50.9134,-122.77890000000001,8050.0,K70216,2009,Full,Fire
431,POINT (-124.6359198668022 55.62598962189084),55.626000000000005,-124.6359,214.0,G60300,2009,Full,Fire
432,POINT (-118.84199831577274 51.40762321453029),51.4076,-118.842,255.0,K31292,2009,Modified,Fire
433,POINT (-126.05551716686251 53.29717238087135),53.297200000000004,-126.05550000000001,180.0,R10190,2009,Modified,Fire
434,POINT (-128.12621875873333 56.42103814524104),56.421,-128.1262,262.0,R50180,2009,Modified,Fire
435,POINT (-122.46885013505383 51.95743779772946),51.9574,-122.4688,900.0,C20062,2009,Full,Fire
436,POINT (-122.99829877083027 50.49832367533387),50.4983,-122.9983,850.0,V30940,2009,Full,Fire
437,POINT (-121.57103246720244 50.26638883518691),50.266400000000004,-121.57100000000001,187.0,K70018,2009,Modified,Fire
438,POINT (-124.678353594423 52.265004531797324),52.265,-124.67830000000001,123.0,C50395,2009,Full,Fire
439,POINT (-132.91043831107143 59.99562141755778),59.9956,-132.9104,120.0,R90176,2009,Modified,Fire
440,POINT (-118.5534150852654 50.813323217200136),50.813300000000005,-118.55340000000001,700.0,K41176,2009,Full,Fire
441,POINT (-121.16574883333186 51.71350694883208),51.7135,-121.1657,150.0,C40096,2009,Full,Fire
442,POINT (-130.30585294804644 58.202371831595734),58.202400000000004,-130.3058,115.0,R90143,2009,Modified,Fire
443,POINT (-120.24443231530115 50.54115600467625),50.5412,-120.2444,114.0,K21518,2009,Full,Fire
444,POINT (-121.20159928957554 49.861654859387855),49.8616,-121.2016,435.0,V11183,2009,Full,Fire
445,POINT (-125.70262997088025 49.75597132409705),49.756,-125.7026,1000.0,V80850,2009,Modified,Fire
446,POINT (-119.30001537568884 51.32167315496841),51.3217,-119.3,1514.7,K11011,2009,Modified,Fire
447,POINT (-119.35753243158835 51.46863915577978),51.4686,-119.3575,387.40000000000003,K11065,2009,Modified,Fire
448,POINT (-125.88718574799272 52.17417337504642),52.1742,-125.8872,2288.0,C50402,2009,Modified,Fire
449,POINT (-126.58701692959217 57.26534037322316),57.2653,-126.587,133.0,G60389,2009,Modified,Fire
450,POINT (-126.6761887171116 56.79367235478504),56.7937,-126.67620000000001,502.0,G60279,2009,Modified,Fire
451,POINT (-122.29564956366492 58.011972995090616),58.012,-122.29560000000001,183.0,G90343,2009,Modified,Fire
452,POINT (-122.00656554211605 50.27258878430935),50.272600000000004,-122.0066,3000.0,K71328,2009,Modified,Fire
453,POINT (-119.77158211677279 50.14032303906833),50.1403,-119.7716,9277.0,K50720,2009,Full,Fire
454,POINT (-127.08001763072147 54.126672261662534),54.1267,-127.08,692.0,R20168,2009,Full,Fire
455,POINT (-119.6589980096358 49.82732303494228),49.8273,-119.659,400.0,K50739,2009,Full,Fire
456,POINT (-120.96385288256356 51.97933798423603),51.9793,-120.9638,560.0,C40573,2009,Full,Fire
457,POINT (-122.60900475500736 58.27365695547095),58.273700000000005,-122.60900000000001,328.8,G90146,2009,Full,Fire
458,POINT (-122.48339884637538 51.03400575925399),51.034,-122.4834,4574.0,K71219,2009,Full,Fire
459,POINT (-126.0275120310397 49.802072286085505),49.8021,-126.0275,182.0,V81061,2009,Full,Fire
460,POINT (-122.62335245452572 49.60167068118112),49.6017,-122.6233,125.0,V11062,2009,Full,Fire
461,POINT (-125.58000507570294 55.75772249416285),55.7577,-125.58,450.0,G50283,2009,Modified,Fire
462,POINT (-118.28773193372379 50.45627322788704),50.456300000000006,-118.2877,100.0,K41171,2009,Modified,Fire
463,POINT (-121.8604524747924 55.83594000451002),55.8359,-121.86040000000001,167.0,G70021,2009,Full,Fire
464,POINT (-124.97834978313891 52.67877350563991),52.6788,-124.9783,1738.0,C50381,2009,Modified,Fire
465,POINT (-121.21373256740921 50.81897290280415),50.819,-121.2137,280.0,K21063,2009,Full,Fire
466,POINT (-119.93314829557474 50.66350604758251),50.6635,-119.93310000000001,100.0,K21524,2009,Full,Fire
467,POINT (-120.94068221628486 49.76023888395605),49.760200000000005,-120.9407,3025.0,K61231,2009,Full,Fire
468,POINT (-126.63298192038857 52.36303828462242),52.363,-126.63300000000001,368.0,VA1261,2009,Full,Fire
469,POINT (-127.61305220113955 57.49775522704362),57.497800000000005,-127.613,1800.0,R90189,2009,Modified,Fire
470,POINT (-121.86291573857223 51.021755834052975),51.0218,-121.86290000000001,300.0,K21300,2009,Full,Duplicate
471,POINT (-125.21946681230261 52.655838473387526),52.6558,-125.21950000000001,200.0,C50506,2009,Full,Duplicate
472,POINT (-126.53716501714507 52.68152430422142),52.6815,-126.53710000000001,334.0,VA1612,2009,Modified,Fire
473,POINT (-121.2350156220057 50.9913389081347),50.9913,-121.235,595.0,K21948,2009,Full,Fire
474,POINT (-125.28650104585344 53.28287248143006),53.282900000000005,-125.2865,1172.0,G40306,2009,Modified,Fire
475,POINT (-121.49618756531447 56.20000706433736),56.2,-121.4962,170.0,G80028,2009,Modified,Fire
476,POINT (-124.20668119982419 51.27483955839962),51.2748,-124.20670000000001,2400.0,C50400,2009,Modified,Fire
477,POINT (-121.56894862780099 50.81913886083137),50.819100000000006,-121.5689,150.0,K20109,2009,Full,Fire
478,POINT (-122.2703487125318 50.706188771593666),50.7062,-122.2703,1748.0,K71263,2009,Full,Fire
479,POINT (-127.06856855980352 56.326955294090055),56.327000000000005,-127.0686,600.0,G50294,2009,Modified,Fire
480,POINT (-130.68050396392104 59.893137763777624),59.893100000000004,-130.6805,1500.0,R90162,2009,Modified,Fire
481,POINT (-119.3751153899959 51.32217314680844),51.3222,-119.3751,2579.8,K11303,2009,Modified,Fire
482,POINT (-122.37998481590726 56.40000794857621),56.4,-122.38,212.0,G80026,2009,Full,Fire
483,POINT (-117.69801291426526 50.784674314903384),50.7847,-117.69800000000001,393.0,N50386,2009,Modified,Fire
484,POINT (-130.19423746475317 59.162321844249945),59.1623,-130.1942,118.0,R90161,2009,Modified,Fire
485,POINT (-128.82151960211422 57.93450505175733),57.9345,-128.82150000000001,2035.0,R90075,2009,Modified,Fire
486,POINT (-125.73001966035169 51.98333938949446),51.9833,-125.73,694.0,C50446,2009,Modified,Fire
487,POINT (-117.85694889115675 50.59782228543132),50.5978,-117.85690000000001,2087.0,N50397,2009,Modified,Fire
488,POINT (-124.29336683736926 53.140420606800014),53.1404,-124.2934,6618.0,C10480,2009,Full,Fire
489,POINT (-120.02064837931486 50.89660604858339),50.8966,-120.0206,250.0,K21537,2009,Full,Fire
490,POINT (-116.74863364795306 50.49530640702312),50.4953,-116.74860000000001,130.0,N70824,2009,Modified,Fire
491,POINT (-126.42487012099987 59.54710541172472),59.5471,-126.42490000000001,23182.0,G90084,2009,Full,Fire
492,POINT (-122.7838520455942 51.51250674250771),51.5125,-122.7838,405.0,C20650,2009,Full,Fire
493,POINT (-118.2267150403573 50.8716222580937),50.8716,-118.22670000000001,239.0,N40545,2009,Modified,Fire
494,POINT (-120.5725490744026 52.77144106691485),52.7714,-120.5725,187.0,C30377,2009,Full,Fire
495,POINT (-127.59258527030325 55.503072211419266),55.5031,-127.5926,309.0,R40129,2009,Full,Fire
496,POINT (-122.22303274691137 50.8489227836508),50.8489,-122.223,2042.0,K71183,2009,Full,Fire
497,POINT (-122.48226584697795 51.036355759675594),51.0364,-122.48230000000001,6467.0,K71185,2009,Full,Fire
498,POINT (-122.75323576288916 50.60433770945327),50.6043,-122.7532,200.0,V31216,2009,Modified,Fire
499,POINT (-125.06651628446231 56.41338857715094),56.4134,-125.0665,154.20000000000002,G60414,2009,Modified,Fire
500,POINT (-130.19283689862144 58.13725484852038),58.1373,-130.1928,400.0,R90142,2009,Modified,Fire
501,POINT (-122.60856654830214 49.94778969802689),49.9478,-122.60860000000001,720.3000000000001,V31030,2009,Modified,Fire
502,POINT (-119.57353201203617 49.891623048835605),49.891600000000004,-119.57350000000001,200.0,K50747,2009,Full,Fire
503,POINT (-125.83661720751454 53.49517241413108),53.495200000000004,-125.8366,942.0,R10165,2009,Full,Fire
504,POINT (-126.79235054939477 54.02217229856516),54.022200000000005,-126.79230000000001,145.0,R20149,2009,Full,Fire
505,POINT (-117.11353312643699 51.8765554445555),51.8765,-117.1135,250.0,N40365,2009,Modified,Fire
506,POINT (-126.50063492809528 52.44062230350106),52.4406,-126.5006,141.0,VA1231,2009,Full,Fire
507,POINT (-121.87968474411993 51.029355832307516),51.0294,-121.8797,20925.0,C40429,2009,Full,Fire
508,POINT (-126.35368414510513 50.04033825524242),50.0403,-126.3537,450.0,V91167,2009,Full,Fire
509,POINT (-126.94751764100845 54.201672281249415),54.2017,-126.9475,515.0,R20169,2009,Full,Fire
510,POINT (-118.33871435557275 51.84374129672651),51.843700000000005,-118.3387,105.0,N40421,2009,Modified,Fire
511,POINT (-121.3916857438621 51.30167190342447),51.301700000000004,-121.3917,996.0,C40048,2009,Full,Fire
512,POINT (-121.97084865515684 50.67917280600356),50.6792,-121.97080000000001,3696.0,K70814,2009,Full,Fire
513,POINT (-126.22713431836286 53.63575536615678),53.6358,-126.22710000000001,200.0,R10193,2009,Modified,Fire
514,POINT (-131.75002041562522 58.7166716111173),58.7167,-131.75,750.0,R90074,2009,Modified,Fire
515,POINT (-124.0245298648915 53.33758764743409),53.3376,-124.0245,2273.0,C10299,2010,Full,Fire
516,POINT (-122.25093237228705 52.77782285595705),52.7778,-122.2509,104.7,C10225,2010,Full,Fire
517,POINT (-124.85793516471797 53.785257550758246),53.7853,-124.8579,600.0,G40490,2010,Full,Fire
518,POINT (-122.2620477705538 50.90530578085435),50.905300000000004,-122.262,2000.0,K70219,2010,Full,Fire
519,POINT (-125.87501705849031 53.070005399237395),53.07,-125.875,439.40000000000003,C50327,2010,Modified,Fire
520,POINT (-124.91834988641006 53.000622521694304),53.000600000000006,-124.9183,300.0,C10360,2010,Full,Duplicate
521,POINT (-122.91210222244311 51.997586744792066),51.997600000000006,-122.91210000000001,163.3,C20249,2010,Full,Fire
522,POINT (-124.39081710755717 53.83273861299092),53.8327,-124.39080000000001,6100.0,G40151,2010,Full,Fire
523,POINT (-129.1723537325647 59.858822995705545),59.8588,-129.1723,35284.398,R90093,2010,Modified,Fire
524,POINT (-122.78758335705017 52.46487277713078),52.4649,-122.78760000000001,100.0,C10321,2010,Full,Fire
525,POINT (-123.50184733931947 52.06050667308784),52.060500000000005,-123.5018,11638.6,C50234,2010,Full,Fire
526,POINT (-126.81506554831356 54.01318929556047),54.013200000000005,-126.81500000000001,5422.0,R20165,2010,Full,Fire
527,POINT (-122.96321934140391 52.33305575007394),52.3331,-122.9632,350.8,C20270,2010,Full,Fire
528,POINT (-122.50308333486497 52.5444888158139),52.5445,-122.5031,2759.9,C10221,2010,Full,Fire
529,POINT (-121.26935108845453 57.44084012709419),57.4408,-121.2693,333.2,G80158,2010,Full,Fire
530,POINT (-122.77069935810502 52.47833877950972),52.478300000000004,-122.7707,124.5,C10264,2010,Full,Fire
531,POINT (-124.30268281288282 53.06533960323115),53.0653,-124.3027,304.8,C10373,2010,Modified,Fire
532,POINT (-123.3941663318336 52.09027268803919),52.0903,-123.39420000000001,177.20000000000002,C50120,2010,Full,Fire
533,POINT (-119.53366880616491 52.54197118492434),52.542,-119.53370000000001,153.5,K10210,2010,Modified,Fire
534,POINT (-123.35011453732388 52.719571714727195),52.7196,-123.35010000000001,1710.0,C10218,2010,Full,Fire
535,POINT (-116.53001373344034 50.95000745971831),50.95,-116.53,680.0,N20534,2010,Full,Fire
536,POINT (-126.89560269561136 58.6564883380092),58.6565,-126.8956,200.0,G90123,2010,,Nuisance Fire
537,POINT (-122.67513331548054 52.39928978920254),52.399300000000004,-122.6751,767.0,C10273,2010,Full,Fire
538,POINT (-123.649879763179 50.1172045822248),50.117200000000004,-123.6499,100.3,V50745,2010,Modified,Fire
539,POINT (-116.69868354168207 50.147139390935045),50.1471,-116.6987,109.0,N70379,2010,Modified,Fire
540,POINT (-121.15135327388647 53.05000500508405),53.050000000000004,-121.1513,175.5,C10320,2010,Full,Fire
541,POINT (-122.92195360717328 55.69915585725088),55.699200000000005,-122.92190000000001,116.9,G60288,2010,Modified,Fire
542,POINT (-122.29998118711022 52.20320682880811),52.2032,-122.3,291.2,C20201,2010,Full,Fire
543,POINT (-118.70901540729281 51.783507248718465),51.783500000000004,-118.709,257.0,N40360,2010,Modified,Fire
544,POINT (-122.06323297150973 51.66292383652919),51.6629,-122.06320000000001,7495.2,C20243,2010,Full,Fire
545,POINT (-124.01435292621827 53.50775665331715),53.5078,-124.0143,401.0,G40336,2010,Full,Fire
546,POINT (-127.71916471642143 54.11163817574105),54.1116,-127.71910000000001,1483.0,R20148,2010,Full,Fire
547,POINT (-123.57831676966998 53.275005702881124),53.275000000000006,-123.57830000000001,1509.0,C10173,2010,Full,Fire
548,POINT (-121.85589847327925 55.83309000478018),55.8331,-121.8559,100.0,G70050,2010,Modified,Fire
549,POINT (-122.55961725852934 52.28672179940601),52.2867,-122.5596,1419.1000000000001,C20313,2010,Full,Fire
550,POINT (-125.06334879687657 52.681672494688506),52.6817,-125.06330000000001,6034.6,C50297,2010,Modified,Fire
551,POINT (-125.9866810197636 52.91500638103899),52.915,-125.9867,100.0,C50285,2010,Modified,Fire
552,POINT (-126.25335101751557 52.80000434361945),52.800000000000004,-126.25330000000001,647.2,C50340,2010,Modified,Fire
553,POINT (-121.94700018210631 55.093488972023565),55.093500000000006,-121.947,154.0,G70528,2010,Modified,Fire
554,POINT (-125.58001727460974 53.78067245515422),53.7807,-125.58,170.0,R10150,2010,Full,Fire
555,POINT (-124.96903390799638 53.037038516652636),53.037,-124.96900000000001,13087.0,G40353,2010,Modified,Fire
556,POINT (-123.58668673724019 53.181672699188226),53.1817,-123.58670000000001,138.0,C10228,2010,Full,Fire
557,POINT (-121.30201972397569 56.63932310228282),56.639300000000006,-121.302,100.0,G80057,2010,Modified,Fire
558,POINT (-123.42835341178808 52.31333769094037),52.313300000000005,-123.42830000000001,16236.6,C50186,2010,Full,Fire
559,POINT (-125.36885226885218 53.850621484296965),53.8506,-125.36880000000001,40000.0,R10100,2010,Full,Fire
560,POINT (-123.55050079070182 53.34383970900298),53.3438,-123.5505,30843.801,C10205,2010,Full,Fire
561,POINT (-123.62667935201989 52.03533765690283),52.0353,-123.6267,1589.5,C50238,2010,Modified,Fire
562,POINT (-124.28358556048298 52.34797058383251),52.348,-124.2836,144.0,C50076,2010,Full,Fire
563,POINT (-123.11737952773116 52.803323747169074),52.8033,-123.1174,2990.0,C10199,2010,Full,Fire
564,POINT (-122.5150152912532 52.40600380958583),52.406000000000006,-122.515,640.7,C10310,2010,Full,Fire
565,POINT (-121.28235047120415 56.07560608982135),56.0756,-121.2823,120.0,G70640,2010,Full,Fire
566,POINT (-123.59635273879624 53.180337698089694),53.1803,-123.5963,2449.0,C10209,2010,Full,Fire
567,POINT (-122.95700134887976 52.359140752353476),52.359100000000005,-122.95700000000001,1993.8,C20269,2010,Full,Fire
568,POINT (-119.95661089128322 49.18973796692786),49.1897,-119.95660000000001,650.0,K50271,2010,Modified,Fire
569,POINT (-126.21776808593091 53.00780635345925),53.0078,-126.21780000000001,4274.0,C50096,2010,Modified,Fire
570,POINT (-131.92593716123318 58.216754588766655),58.216800000000006,-131.9259,28000.0,R90044,2010,Modified,Fire
571,POINT (-125.03468479009156 52.67517249832119),52.675200000000004,-125.0347,6033.900000000001,C50301,2010,Modified,Fire
572,POINT (-122.8018963444911 52.421140773853544),52.4211,-122.8019,16167.0,C10191,2010,Full,Fire
573,POINT (-122.73053130994163 52.35399077999128),52.354,-122.7305,7437.7,C20263,2010,Full,Fire
574,POINT (-125.78668386117421 52.55167139818784),52.551700000000004,-125.78670000000001,3086.0,C50300,2010,Full,Fire
575,POINT (-122.86008534923093 52.40795676587421),52.408,-122.8601,1020.0,C10192,2010,Full,Fire
576,POINT (-120.20568191042538 52.48117309974923),52.4812,-120.20570000000001,354.40000000000003,K10274,2010,Modified,Fire
577,POINT (-130.31110293437345 58.176387830553864),58.1764,-130.3111,1700.0,R90052,2010,Modified,Fire
578,POINT (-126.58143005921866 52.77987030088413),52.779900000000005,-126.5814,4552.6,VA0955,2010,Modified,Fire
579,POINT (-124.33605356587373 52.33677057711578),52.336800000000004,-124.33600000000001,134.0,C50054,2010,Full,Fire
580,POINT (-131.46493756264368 59.04098765159703),59.041000000000004,-131.4649,1425.0,R90035,2010,Modified,Fire
581,POINT (-120.16999868905991 51.81832307452056),51.8183,-120.17,110.60000000000001,K10026,2010,Modified,Fire
582,POINT (-123.51985278213837 53.335672712749904),53.3357,-123.5198,2500.0,C10203,2010,Full,Fire
583,POINT (-122.0772328833121 51.37305682296194),51.3731,-122.0772,240.0,C40404,2010,Full,Fire
584,POINT (-122.52016516776224 52.0330067948043),52.033,-122.5201,212.0,C20018,2010,Full,Fire
585,POINT (-127.66463880143908 58.63140622414505),58.6314,-127.66460000000001,2603.5,G90210,2010,Modified,Fire
586,POINT (-122.74081527990337 52.25965677532034),52.2597,-122.74080000000001,3714.4,C20200,2010,Full,Fire
587,POINT (-123.47335135928759 52.135003679168626),52.135000000000005,-123.47330000000001,5269.6,C50183,2010,Full,Fire
588,POINT (-122.57949913238869 51.89170678179023),51.8917,-122.57950000000001,3307.9,C20260,2010,Full,Fire
589,POINT (-126.2966842660897 53.47000535325233),53.47,-126.2967,7035.0,R10221,2010,Modified,Fire
590,POINT (-126.68668558032668 54.14307131450155),54.143100000000004,-126.6867,2084.0,R20242,2010,Full,Fire
591,POINT (-122.89768333329444 52.342305758806816),52.3423,-122.8977,154.0,C20253,2010,Full,Fire
592,POINT (-124.93334988864369 53.0000055196919),53.0,-124.9333,300.0,C10282,2010,Full,Duplicate
593,POINT (-122.41618418368174 52.13555681161407),52.135600000000004,-122.4162,15657.300000000001,C20189,2010,Full,Fire
594,POINT (-121.42083257729934 56.25867307543401),56.258700000000005,-121.4208,470.0,G80084,2010,Modified,Fire
595,POINT (-127.19044767353338 54.195371248423115),54.1954,-127.19040000000001,659.0,R20214,2010,Full,Fire
596,POINT (-122.79588577197781 56.13160488510873),56.131600000000006,-122.7959,950.8000000000001,G60278,2010,Modified,Fire
597,POINT (-126.17001512597948 53.13500336212513),53.135000000000005,-126.17,6273.2,C50287,2010,Modified,Fire
598,POINT (-122.8934333481013 52.38670576087927),52.386700000000005,-122.8934,602.5,C20255,2010,Full,Fire
599,POINT (-130.68706988889195 57.998154775478305),57.998200000000004,-130.68710000000002,2300.0,R90039,2010,Modified,Fire
600,POINT (-122.53016726800439 52.33127380438337),52.331300000000006,-122.53020000000001,560.6,C20266,2010,Full,Fire
601,POINT (-121.6749364412267 55.83764102973958),55.8376,-121.67490000000001,170.0,G70032,2010,Full,Fire
602,POINT (-126.68916724049654 53.243005296718025),53.243,-126.6892,174.0,R10241,2010,Modified,Fire
603,POINT (-120.4471665599732 51.24354001444284),51.243500000000004,-120.44720000000001,130.0,K20262,2010,Full,Fire
604,POINT (-123.59301876697806 53.26165570049167),53.261700000000005,-123.593,500.0,C10206,2010,Full,Fire
605,POINT (-124.68088687842835 53.082521554641446),53.0825,-124.68090000000001,445.40000000000003,C10112,2010,Full,Fire
606,POINT (-124.42646983931849 53.08313958826188),53.0831,-124.4265,103.0,C10098,2011,Modified,Fire
607,POINT (-119.6998287960584 48.996705984837135),48.996700000000004,-119.69980000000001,210.0,K50735,2011,Full,Fire
608,POINT (-129.3682606228621 59.63060496682565),59.6306,-129.3682,11000.0,R90015,2011,Modified,Fire
609,POINT (-127.85000286781592 58.700005196561605),58.7,-127.85000000000001,100.0,G90053,2011,,Nuisance Fire
610,POINT (-120.37923797318692 59.50527429671038),59.505300000000005,-120.37920000000001,167.0,G90095,2011,Modified,Fire
611,POINT (-120.80661719340793 49.75917289990396),49.7592,-120.8066,155.0,K60160,2012,Full,Fire
612,POINT (-126.53638854382791 58.479188389639404),58.479200000000006,-126.5364,473.0,G60395,2012,Modified,Fire
613,POINT (-121.66178545446925 59.89625811852342),59.896300000000004,-121.6618,1102.3,G90257,2012,Modified,Fire
614,POINT (-128.22780328106356 59.33150614019222),59.331500000000005,-128.2278,3010.9,G90403,2012,Modified,Fire
615,POINT (-122.06402169689676 58.36267303487873),58.362700000000004,-122.06400000000001,5831.900000000001,G90324,2012,Modified,Fire
616,POINT (-123.7361876367302 59.5204568100687),59.520500000000006,-123.73620000000001,2540.0,G90240,2012,Modified,Fire
617,POINT (-127.2857866824435 58.517938279564866),58.517900000000004,-127.28580000000001,938.9,G90399,2012,Modified,Fire
618,POINT (-115.85323259225312 50.93190653588805),50.931900000000006,-115.8532,575.0,N20306,2012,Modified,Fire
619,POINT (-120.83085223697078 59.808840237143215),59.808800000000005,-120.83080000000001,12196.300000000001,G90160,2012,Full,Fire
620,POINT (-127.01050345950812 59.96017232417437),59.9602,-127.01050000000001,878.3000000000001,G90303,2012,Modified,Fire
621,POINT (-121.2780154737053 50.464055879186446),50.4641,-121.278,125.0,K60014,2012,Modified,Fire
622,POINT (-120.62558374565725 58.99413925202958),58.9941,-120.6256,24851.801,G90464,2012,Modified,Fire
623,POINT (-120.78869889417204 57.2257901882783),57.2258,-120.7887,751.9,G80401,2012,Modified,Fire
624,POINT (-127.61082192039134 58.861139232389924),58.8611,-127.61080000000001,144.6,G90325,2012,Modified,Fire
625,POINT (-120.96171828857263 57.97395518238463),57.9739,-120.96170000000001,718.2,G80350,2012,Modified,Fire
626,POINT (-123.94776478169058 57.85033975769846),57.850300000000004,-123.94770000000001,2443.3,G90522,2012,Modified,Fire
627,POINT (-129.08752947191996 59.441903010393645),59.441900000000004,-129.0875,3500.0,R90113,2012,Modified,Fire
628,POINT (-127.7065686833801 54.031438176071056),54.031400000000005,-127.70660000000001,2367.0,R20133,2012,Modified,Fire
629,POINT (-119.74448401951072 49.80844002451464),49.8084,-119.7445,214.0,K50869,2012,Full,Fire
630,POINT (-118.90101579418005 49.53830610537946),49.5383,-118.90100000000001,431.0,N20626,2012,Full,Fire
631,POINT (-121.54673440053949 59.8403081341093),59.840300000000006,-121.5467,780.0,G90398,2012,Modified,Fire
632,POINT (-125.58999806047089 53.19848843939848),53.1985,-125.59,7450.0,R10171,2012,Modified,Fire
633,POINT (-126.21696843299752 58.3703894358439),58.370400000000004,-126.21690000000001,1590.8,G60396,2012,Modified,Fire
634,POINT (-128.20500730494592 59.381456143639426),59.3815,-128.205,219.0,G90404,2012,Modified,Fire
635,POINT (-125.21225350051206 58.806089587020864),58.8061,-125.21220000000001,155.1,G90241,2012,Modified,Fire
636,POINT (-123.67323766444788 59.589422819776516),59.589400000000005,-123.67320000000001,3960.0,G90239,2012,Modified,Fire
637,POINT (-120.07371791055083 57.55934029511594),57.5593,-120.0737,9600.0,G80379,2012,Modified,Fire
638,POINT (-120.63430234966803 56.07868817707696),56.078700000000005,-120.63430000000001,141.9,G70036,2012,Full,Fire
639,POINT (-121.86249599018748 51.825956867593966),51.826,-121.86250000000001,270.0,C20104,2012,Full,Fire
640,POINT (-121.67834894601268 51.78965588913256),51.7897,-121.67830000000001,270.0,C40110,2012,Full,Duplicate
641,POINT (-122.08754783791841 51.2199728157657),51.22,-122.0875,427.0,C40193,2012,Full,Fire
642,POINT (-120.77445534947383 58.169840213263555),58.1698,-120.7744,166.0,G80536,2012,Modified,Fire
643,POINT (-123.95238892800326 58.13660576120436),58.1366,-123.95240000000001,2499.0,G90517,2012,Modified,Fire
644,POINT (-120.38568351979998 56.57640722512016),56.5764,-120.3857,111.0,G80179,2012,Modified,Fire
645,POINT (-123.25145031452057 52.110788705869105),52.110800000000005,-123.2514,129.0,C50241,2012,Full,Fire
646,POINT (-127.66648613004456 59.220220225135456),59.220200000000006,-127.6665,2936.3,G90327,2012,Modified,Fire
647,POINT (-124.79009003292734 59.8753716573057),59.875400000000006,-124.79010000000001,1827.1000000000001,G90311,2012,Modified,Fire
648,POINT (-121.23546980866672 58.883856162567035),58.883900000000004,-121.2355,2480.6,G90177,2012,Modified,Fire
649,POINT (-121.70604765869672 50.84293984545179),50.8429,-121.706,140.0,K70059,2012,Full,Fire
650,POINT (-128.1039170041998 58.87695415945111),58.876900000000006,-128.1039,128.9,G90200,2012,Modified,Fire
651,POINT (-125.63748196646048 49.77700533257112),49.777,-125.6375,313.0,V80481,2012,Modified,Fire
652,POINT (-122.85831476964744 50.57333969516021),50.5733,-122.8583,135.0,V30416,2012,Modified,Fire
653,POINT (-121.28234850590722 50.57357188303838),50.5736,-121.2823,1400.0,K20028,2013,Full,Fire
654,POINT (-120.00446403291048 52.95647314529842),52.956500000000005,-120.0044,405.0,G30332,2013,Modified,Fire
655,POINT (-127.54170431395647 53.11032218224818),53.1103,-127.5417,170.0,R50150,2013,Modified,Fire
656,POINT (-116.96593370395794 50.54605738498865),50.5461,-116.9659,203.9,N70405,2013,Modified,Fire
657,POINT (-126.93693693742607 52.28360524305839),52.2836,-126.93690000000001,178.0,VA0359,2013,Modified,Fire
658,POINT (-126.78335318074339 59.550005358018865),59.550000000000004,-126.78330000000001,500.0,G90112,2013,,Nuisance Fire
659,POINT (-121.85060254075192 53.45605693073057),53.4561,-121.8506,410.0,G10275,2013,Modified,Fire
660,POINT (-121.26580243214724 55.99164008922073),55.991600000000005,-121.26580000000001,100.0,G70047,2013,Modified,Fire
661,POINT (-115.69222921132207 49.65992247173237),49.6599,-115.6922,125.0,N10011,2013,Full,Fire
662,POINT (-120.0596320423181 52.95263913831973),52.952600000000004,-120.0596,131.0,G30387,2013,Modified,Fire
663,POINT (-120.79045250101278 53.870741082307795),53.8707,-120.7904,100.0,G10294,2013,Modified,Fire
664,POINT (-127.9797316321145 56.19055716462813),56.1906,-127.97970000000001,103.0,R40183,2013,Modified,Fire
665,POINT (-125.1000148191995 52.729322490988125),52.7293,-125.10000000000001,1200.0,C50224,2013,Full,Fire
666,POINT (-130.929279612407 57.401303741674795),57.401300000000006,-130.9293,3100.0,R90067,2013,Modified,Fire
667,POINT (-120.18693600802553 52.78605511532638),52.786,-120.18690000000001,792.0,K10720,2013,Modified,Fire
668,POINT (-122.53008313082742 51.91405678843611),51.914100000000005,-122.5301,300.0,C20012,2013,Full,Fire
669,POINT (-124.83341734961445 54.28012256609477),54.280100000000004,-124.83340000000001,281.90000000000003,G40284,2013,Full,Fire
670,POINT (-124.19155234175768 51.72823857575131),51.7282,-124.1915,156.8,C50038,2013,Full,Fire
671,POINT (-121.92613617920719 59.31632507105493),59.316300000000005,-121.9261,209.70000000000002,G90114,2013,Full,Fire
672,POINT (-120.22468714707978 55.78647522259005),55.786500000000004,-120.22470000000001,100.0,G70027,2013,Full,Fire
673,POINT (-133.97401995203185 59.20033726493783),59.200300000000006,-133.97400000000002,111.0,R90246,2013,Modified,Fire
674,POINT (-126.21733318143 53.27178735978783),53.271800000000006,-126.21730000000001,3700.0,R10252,2013,Modified,Fire
675,POINT (-122.47674615272315 52.00673879931305),52.0067,-122.47670000000001,438.0,C20025,2013,Full,Fire
676,POINT (-126.62785106579877 59.39583738064733),59.3958,-126.62780000000001,1029.6,G90119,2013,Modified,Fire
677,POINT (-122.98845146953283 55.343606839309686),55.3436,-122.98840000000001,180.0,G60215,2014,Full,Fire
678,POINT (-124.03869906220474 56.29987171783772),56.2999,-124.0387,1688.3400000000001,G60297,2014,Modified,Fire
679,POINT (-128.47856614875045 59.034040102879786),59.034000000000006,-128.4785,2830.0,R90100,2014,Modified,Fire
680,POINT (-123.5115688441543 56.011789784491825),56.0118,-123.5116,1386.46,G60293,2014,Modified,Fire
681,POINT (-121.95964844091165 49.94432277452914),49.944300000000005,-121.95960000000001,540.0,V10237,2014,Modified,Fire
682,POINT (-123.83338342328786 54.87850771389814),54.8785,-123.83340000000001,1648.0,G50226,2014,Full,Fire
683,POINT (-120.3898199743122 59.50397329527767),59.504000000000005,-120.38980000000001,312.3,G90343,2014,Modified,Fire
684,POINT (-116.91666382831897 51.012022418059544),51.012,-116.9166,708.0,N20173,2014,Modified,Fire
685,POINT (-125.28776826368315 56.285955543605084),56.286,-125.2878,61285.0,G60195,2014,Modified,Fire
686,POINT (-115.08118320724337 50.11090756957288),50.1109,-115.08120000000001,232.0,N20399,2014,Modified,Fire
687,POINT (-125.73459815628836 53.398172425800546),53.3982,-125.7346,133100.0,R10070,2014,Modified,Fire
688,POINT (-120.01258095407866 49.38917397164468),49.3892,-120.0126,101.0,K50289,2014,Full,Fire
689,POINT (-125.08808516518795 56.14145556958849),56.1415,-125.08810000000001,1998.2,G60369,2014,Full,Fire
690,POINT (-120.88659627682195 50.00968790306358),50.0097,-120.8866,100.0,K60644,2014,Full,Fire
691,POINT (-123.46785098348191 56.34348879746999),56.343500000000006,-123.46780000000001,150.0,G60366,2014,Full,Duplicate
692,POINT (-117.25181558341276 49.906172313449105),49.906200000000005,-117.2518,173.0,N50263,2014,Modified,Fire
693,POINT (-123.58509936598223 52.10115666423497),52.101200000000006,-123.58510000000001,940.0,C50145,2014,Full,Fire
694,POINT (-121.78876776264589 56.52528903225437),56.5253,-121.78880000000001,285.0,G80070,2014,,Fire
695,POINT (-115.6232974392813 50.555006538193595),50.555,-115.6233,240.0,N20235,2014,Modified,Fire
696,POINT (-122.89100115301382 54.60372383215459),54.6037,-122.891,102.0,G10204,2014,Full,Fire
697,POINT (-122.0005494639616 50.00025777204312),50.0003,-122.0005,130.0,V10244,2014,Modified,Fire
698,POINT (-122.16445327267883 55.21825594654188),55.2183,-122.1644,215.0,G70476,2014,Modified,Fire
699,POINT (-126.88221830866966 50.343389199508636),50.3434,-126.88220000000001,165.0,V90295,2014,Full,Fire
700,POINT (-120.40798369682258 54.577223157076915),54.577200000000005,-120.408,33547.0,G70182,2014,Full,Fire
701,POINT (-123.64731891679808 56.12178976803132),56.1218,-123.6473,2289.46,G60283,2014,Modified,Fire
702,POINT (-122.50937136611016 55.297788902221185),55.2978,-122.5094,1541.56,G60456,2014,Modified,Fire
703,POINT (-115.67559734388874 50.17297250770572),50.173,-115.6756,1976.0,N20200,2014,Full,Fire
704,POINT (-121.56078346534373 50.26963983668559),50.269600000000004,-121.5608,1389.0,K70270,2014,Full,Fire
705,POINT (-123.55654981224455 50.33398960234994),50.334,-123.5565,300.0,V30247,2014,Modified,Fire
706,POINT (-125.71885157037585 56.800672490860926),56.800700000000006,-125.7188,33068.0,G60096,2014,Modified,Fire
707,POINT (-120.42269909556556 49.64545693819457),49.645500000000006,-120.4227,375.0,K60286,2014,Full,Fire
708,POINT (-126.42973563032893 54.36960335357563),54.369600000000005,-126.42970000000001,3450.0,R20116,2014,Full,Fire
709,POINT (-122.48968458168801 55.817838919016864),55.817800000000005,-122.4897,26280.801,G70221,2014,,Fire
710,POINT (-120.48276507208757 49.522638924711416),49.522600000000004,-120.48280000000001,182.0,K60595,2014,Full,Fire
711,POINT (-123.46073398196587 56.343156799044785),56.3432,-123.4607,7979.49,G60376,2014,Modified,Fire
712,POINT (-122.34385024636366 52.36004082925274),52.36,-122.3438,122.0,C20086,2014,Full,Fire
713,POINT (-121.06269823789648 49.759355870303686),49.7594,-121.0627,400.0,K60265,2014,Full,Fire
714,POINT (-115.45051417317437 49.70067450140908),49.700700000000005,-115.4505,676.0,N10277,2014,Modified,Fire
715,POINT (-121.19636897307672 59.20322317462705),59.2032,-121.19640000000001,1290.0,G90232,2014,Modified,Fire
716,POINT (-115.15364723979971 50.17892356649397),50.178900000000006,-115.15360000000001,728.0,N20227,2014,Modified,Fire
717,POINT (-115.57846730178412 50.08860651259542),50.0886,-115.5785,117.0,N20244,2014,Modified,Fire
718,POINT (-115.42063029303289 50.175040536536045),50.175000000000004,-115.42060000000001,1222.0,N20236,2014,Modified,Fire
719,POINT (-120.28351520577156 50.129838979297276),50.1298,-120.2835,200.0,K60044,2014,,Nuisance Fire
720,POINT (-121.88551824333845 57.51788904296898),57.517900000000004,-121.88550000000001,4057.0,G80439,2014,Full,Fire
721,POINT (-122.84268487619472 56.3496228834722),56.3496,-122.84270000000001,210.0,G80365,2014,Full,Fire
722,POINT (-120.42750086386101 57.31050623972338),57.310500000000005,-120.42750000000001,7932.0,G80354,2014,Full,Fire
723,POINT (-122.64009874785907 50.61735772301755),50.6174,-122.6401,163.0,V30455,2014,Modified,Fire
724,POINT (-124.01443693418227 53.532140653989885),53.5321,-124.01440000000001,104.0,G40425,2014,Full,Fire
725,POINT (-123.02541797922254 56.507505862674705),56.5075,-123.0254,827.0,G80434,2014,Full,Fire
726,POINT (-119.82092992836773 49.41892099483712),49.4189,-119.82090000000001,345.0,K50272,2014,Full,Fire
727,POINT (-124.27666569014262 52.72833859670023),52.728300000000004,-124.2766,609.0,C50158,2014,Full,Fire
728,POINT (-119.6554180176802 49.857489037339846),49.8575,-119.6554,345.0,K50293,2014,Full,Fire
729,POINT (-123.09945153771197 55.4613398276402),55.4613,-123.0994,185.0,G60218,2014,Full,Fire
730,POINT (-118.49594899455845 50.535090208078785),50.5351,-118.4959,114.0,K40231,2014,Modified,Fire
731,POINT (-124.38161685244818 53.143072595119364),53.143100000000004,-124.3816,21518.0,G40198,2014,,Fire
732,POINT (-126.88993232155892 53.382772273045596),53.3828,-126.88990000000001,3750.0,R10077,2014,Modified,Fire
733,POINT (-127.86542233252523 59.51770519482981),59.517700000000005,-127.86540000000001,35327.699,G90180,2015,Modified,Fire
734,POINT (-116.61048043599529 49.81980738029459),49.8198,-116.6105,189.0,N10279,2015,Modified,Fire
735,POINT (-123.36761488389367 50.67865563810502),50.6787,-123.36760000000001,6735.0,V30241,2015,Full,Fire
736,POINT (-125.77656927309798 58.20167349877361),58.2017,-125.7766,1626.5,G60353,2015,Modified,Fire
737,POINT (-119.73014780652798 49.01527198229445),49.0153,-119.73010000000001,100.0,K50010,2015,Modified,Fire
738,POINT (-121.00458925257198 59.773440211650225),59.7734,-121.00460000000001,1280.4,G90261,2015,Modified,Fire
739,POINT (-121.50933338770888 57.96067310476668),57.9607,-121.50930000000001,905.0,G80163,2015,Full,Fire
740,POINT (-124.2386324458727 48.628171451399375),48.6282,-124.2386,400.0,V60407,2015,Full,Fire
741,POINT (-121.08307303330103 59.35527319336908),59.3553,-121.0831,207.0,G90243,2015,Full,Fire
742,POINT (-122.75416880667957 58.32450693603005),58.3245,-122.75420000000001,7803.8,G90359,2015,Full,Fire
743,POINT (-121.19050115879284 57.61782314182205),57.6178,-121.1905,545.0,G80127,2015,Full,Fire
744,POINT (-119.58954582939049 49.201174008239),49.2012,-119.5895,130.0,K50438,2015,Full,Fire
745,POINT (-120.15301809356508 57.90467329353545),57.904700000000005,-120.153,20000.0,G80252,2015,Modified,Fire
746,POINT (-117.3898472059558 51.95727441591172),51.957300000000004,-117.38980000000001,126.0,N40126,2015,Modified,Fire
747,POINT (-128.57803842595817 59.49182208711673),59.491800000000005,-128.578,15000.0,R90045,2015,Modified,Fire
748,POINT (-133.1703236259955 58.789772394188184),58.7898,-133.1703,8743.0,R90046,2015,Modified,Fire
749,POINT (-123.86668706188854 56.36665574323539),56.3667,-123.86670000000001,5340.0,G60372,2015,Modified,Fire
750,POINT (-118.41384863516801 49.27410714516476),49.274100000000004,-118.41380000000001,1966.0,N60585,2015,Full,Fire
751,POINT (-124.44665185658137 59.67755670714512),59.677600000000005,-124.4466,2395.6,G90326,2015,Modified,Fire
752,POINT (-123.75318289502549 53.54108968818226),53.5411,-123.7532,420.0,G40064,2015,Full,Fire
753,POINT (-117.099547907004 51.160639405756605),51.1606,-117.0995,115.0,N20484,2015,Full,Fire
754,POINT (-121.87273429238958 49.461805761834164),49.461800000000004,-121.87270000000001,1386.0,V10370,2015,Modified,Fire
755,POINT (-122.48236910277494 51.84993979261966),51.849900000000005,-122.48240000000001,355.0,C20006,2015,Full,Fire
756,POINT (-121.42045225333979 59.62839014939316),59.628400000000006,-121.4204,4175.6,G90245,2015,Modified,Fire
757,POINT (-123.55573282418672 50.37752360409496),50.377500000000005,-123.5557,12495.0,V30160,2015,Full,Fire
758,POINT (-120.02212097115451 59.63512335033522),59.6351,-120.02210000000001,6254.2,G90267,2015,Modified,Fire
759,POINT (-120.82062116723927 59.69035623668763),59.690400000000004,-120.8206,2204.6,G90258,2015,Modified,Fire
760,POINT (-121.58484644011317 50.16378982907472),50.1638,-121.5848,2174.0,K70122,2015,Full,Fire
761,POINT (-121.40861859762644 58.4141711287164),58.4142,-121.4086,307.0,G90387,2015,Modified,Fire
762,POINT (-119.57156282616941 49.20128901032722),49.2013,-119.5715,317.0,K50619,2015,Full,Fire
763,POINT (-118.11814854926162 49.155974170358334),49.156,-118.11810000000001,320.0,N60590,2015,Full,Fire
764,POINT (-122.15633464267697 50.53368977735666),50.5337,-122.1563,130.0,K70033,2015,Modified,Fire
765,POINT (-127.43528754026879 59.98007225971524),59.9801,-127.43530000000001,10827.300000000001,G90370,2015,Modified,Fire
766,POINT (-119.00865069102497 49.07243906680731),49.0724,-119.0086,4417.0,N60584,2015,Full,Fire
767,POINT (-121.95749953294067 58.07967204459718),58.0797,-121.95750000000001,2421.1,G90292,2015,Modified,Fire
768,POINT (-121.34090036570134 59.85360616464424),59.8536,-121.3409,13498.6,G90263,2015,Modified,Fire
769,POINT (-119.62356481529828 49.12275500058155),49.1227,-119.62360000000001,5202.0,K50615,2015,Full,Fire
770,POINT (-132.44988081254317 59.26228749885204),59.2623,-132.4499,4070.0,R90047,2015,Modified,Fire
771,POINT (-117.6872328746974 50.6538723085339),50.6539,-117.6872,145.0,N50255,2015,Modified,Fire
772,POINT (-123.81503262154466 49.521122538621796),49.521100000000004,-123.81500000000001,423.0,V50256,2015,Full,Fire
773,POINT (-123.12418709537623 58.74278888907025),58.7428,-123.1242,3994.4,G90303,2015,Modified,Fire
774,POINT (-126.86906845951285 58.22305433987653),58.223000000000006,-126.869,12845.0,G60214,2015,Modified,Fire
775,POINT (-124.03401310702068 51.06450457157445),51.0645,-124.034,378.87,C50219,2015,Modified,Fire
776,POINT (-117.14596437601944 49.19640628080844),49.196400000000004,-117.146,200.0,N50275,2015,Modified,Fire
777,POINT (-119.43788094127449 49.71898905451963),49.719,-119.4379,194.0,K50724,2015,Full,Fire
778,POINT (-124.13479749250375 52.21552059913178),52.215500000000006,-124.13480000000001,8089.0,C50146,2015,Full,Fire
779,POINT (-116.59355035024446 49.508589362475576),49.5086,-116.5935,250.0,N10278,2015,Modified,Fire
780,POINT (-123.43341689826744 53.69085573478528),53.6909,-123.4334,25000.0,G10037,2015,Full,Fire
781,POINT (-119.5099180427833 50.045973064223006),50.046,-119.5099,460.0,K50391,2015,Full,Fire
782,POINT (-122.0269360176715 58.985056051590405),58.9851,-122.02690000000001,1399.4,G90309,2015,Modified,Fire
783,POINT (-116.51724930368447 49.387106362441685),49.387100000000004,-116.5172,165.0,N70616,2015,Modified,Fire
784,POINT (-117.23110150292845 49.62089029878645),49.6209,-117.23110000000001,777.0,N70261,2015,Full,Fire
785,POINT (-120.02530266806221 59.07808933841367),59.078100000000006,-120.0253,393.8,G90176,2015,Modified,Fire
786,POINT (-124.2972688689777 59.74755672992465),59.747600000000006,-124.2972,139.20000000000002,G90047,2015,Modified,Fire
787,POINT (-116.30493039661175 49.89712441933736),49.8971,-116.3049,207.0,N10262,2015,Modified,Fire
788,POINT (-126.69227321406592 59.63218837152),59.632200000000005,-126.6923,366.40000000000003,G90255,2015,Modified,Fire
789,POINT (-120.20441392524944 49.15292193678964),49.1529,-120.2044,147.0,K50277,2015,Full,Fire
790,POINT (-117.97669962045725 49.52830720963915),49.5283,-117.97670000000001,1240.0,N50600,2015,Modified,Fire
791,POINT (-123.50218378759595 53.35767171564907),53.3577,-123.5022,164.0,C10038,2015,Full,Fire
792,POINT (-132.92680861735704 58.82420443076933),58.824200000000005,-132.92680000000001,700.0,R90039,2015,Modified,Fire
793,POINT (-120.40380130166261 50.39703997827563),50.397000000000006,-120.4038,235.0,K20589,2015,Full,Fire
794,POINT (-128.42700451088245 53.31475606788297),53.314800000000005,-128.427,142.3,R80106,2015,Modified,Fire
795,POINT (-127.45846727679658 53.03887319146029),53.038900000000005,-127.4585,1159.3,R50101,2015,Modified,Fire
796,POINT (-115.57681103541458 49.06637444365047),49.0664,-115.5768,110.0,N10482,2015,Full,Fire
797,POINT (-121.2262345011564 50.586255890301985),50.5863,-121.2262,230.0,K20418,2015,Full,Fire
798,POINT (-122.46834862156209 58.065004972058325),58.065000000000005,-122.4683,1966.8,G90081,2015,Full,Fire
799,POINT (-125.2416865149947 58.82333858203013),58.8233,-125.24170000000001,200.0,G90105,2015,,Nuisance Fire
800,POINT (-124.98473372627815 49.25872239098456),49.258700000000005,-124.9847,450.0,V70274,2015,Full,Fire
801,POINT (-120.33958811204727 59.76685630771358),59.7669,-120.3396,3151.8,G90323,2015,Modified,Fire
802,POINT (-117.1921836972102 50.36202534776162),50.362,-117.1922,470.0,N70245,2015,Modified,Fire
803,POINT (-115.15041198073575 49.19155749924131),49.1916,-115.1504,117.0,N10269,2015,Full,Fire
804,POINT (-120.00003374607708 59.23334034554625),59.2333,-120.0,1918.3,G90287,2015,Modified,Fire
805,POINT (-121.07196839938311 50.32845489639703),50.3284,-121.072,400.0,K60590,2015,Full,Fire
806,POINT (-126.72331437168042 53.582071298803356),53.582100000000004,-126.72330000000001,437.0,R10112,2015,Modified,Fire
807,POINT (-116.67026427508604 49.15940733130061),49.159400000000005,-116.67030000000001,480.0,N70624,2015,Full,Fire
808,POINT (-122.36460519230376 59.18448900610297),59.1845,-122.36460000000001,1047.0,G90269,2015,Full,Fire
809,POINT (-121.16733909336425 59.431891182390764),59.431900000000006,-121.16730000000001,946.7,G90195,2015,Modified,Fire
810,POINT (-124.99530456231972 58.98778762020528),58.9878,-124.9953,223.70000000000002,G90211,2015,Modified,Fire
811,POINT (-116.57231835683923 49.550307367667926),49.5503,-116.57230000000001,200.0,N10307,2015,Modified,Fire
812,POINT (-121.88943542135958 49.91545678166951),49.9155,-121.88940000000001,2985.0,V10247,2015,Modified,Fire
813,POINT (-125.60947087083333 59.35110653232284),59.3511,-125.60950000000001,343.40000000000003,G90347,2015,Modified,Fire
814,POINT (-122.67918515252346 51.90350577006382),51.9035,-122.67920000000001,655.0,C20147,2015,Full,Fire
815,POINT (-119.56714619008692 50.526907083289125),50.526900000000005,-119.56710000000001,348.0,K40421,2015,Full,Fire
816,POINT (-118.28633063939122 49.38255516548708),49.3825,-118.28630000000001,277.3,N60726,2015,Modified,Fire
817,POINT (-117.92964848702623 49.0503071853866),49.0503,-117.92960000000001,227.0,N50577,2015,Full,Fire
818,POINT (-118.46814673516258 49.61308915918535),49.6131,-118.4681,303.0,N60667,2015,Full,Fire
819,POINT (-115.5936800697335 49.18700645017722),49.187000000000005,-115.59370000000001,1250.0,N10741,2015,Full,Fire
820,POINT (-120.32343449611122 54.09125714985127),54.091300000000004,-120.3234,440.0,G10365,2015,Modified,Fire
821,POINT (-124.2968564254621 58.960038721828965),58.96,-124.2968,18070.600000000002,G90175,2015,Modified,Fire
822,POINT (-119.90528083388287 49.00322196181097),49.0032,-119.90530000000001,588.0,K50247,2015,Modified,Fire
823,POINT (-125.28001893715295 59.56360458218993),59.5636,-125.28,305.8,G90194,2015,Modified,Fire
824,POINT (-120.25531648830842 54.10308915966259),54.103100000000005,-120.2553,200.0,G10386,2015,Full,Duplicate
825,POINT (-120.49746754577478 56.585456209873605),56.5855,-120.4975,300.0,G80107,2016,Full,Fire
826,POINT (-121.6246676577458 56.35665605092647),56.356700000000004,-121.6247,150.0,G80075,2016,,Nuisance Fire
827,POINT (-121.08848752514514 56.283888121808765),56.2839,-121.08850000000001,250.0,G80065,2016,Full,Fire
828,POINT (-120.43281750474813 56.52290621737708),56.5229,-120.4328,62700.0,G80068,2016,Full,Fire
829,POINT (-132.00446057189814 58.93855357007679),58.938500000000005,-132.0044,439.0,R90065,2016,Modified,Fire
830,POINT (-125.65030131255935 53.851938447077934),53.8519,-125.6503,129.5,R10009,2016,Full,Fire
831,POINT (-121.9199035053808 59.89383908073084),59.893800000000006,-121.91990000000001,392.6,G90369,2016,Modified,Fire
832,POINT (-123.99008348733425 52.27020461894407),52.2702,-123.99010000000001,200.0,C50057,2016,Full,Fire
833,POINT (-121.58616645141518 50.201822830051256),50.201800000000006,-121.5862,538.0,K70443,2016,Full,Fire
834,POINT (-121.9061380267159 57.05433902917428),57.054300000000005,-121.90610000000001,131.0,G80081,2016,Modified,Fire
835,POINT (-128.50066145055382 59.55302209923352),59.553000000000004,-128.50060000000002,160.0,R90045,2016,Modified,Fire
836,POINT (-121.43048456295558 56.22322307345037),56.223200000000006,-121.43050000000001,500.0,G80051,2016,Full,Fire
837,POINT (-127.60381807934259 59.14748923422539),59.1475,-127.6038,101.3,G90236,2016,Modified,Fire
838,POINT (-121.6374846166399 56.256423046647164),56.2564,-121.6375,5636.0,G80074,2016,Full,Fire
839,POINT (-121.4809179219629 57.000956087331346),57.001000000000005,-121.4809,237.0,G80078,2016,Full,Fire
840,POINT (-118.32944455224292 49.01629113872555),49.0163,-118.3294,224.0,N60057,2016,Full,Fire
841,POINT (-130.670750240228 56.71117078081205),56.711200000000005,-130.6707,100.0,R90049,2016,Full,Fire
842,POINT (-120.6906673696891 56.09938917013333),56.0994,-120.6907,897.0,G70067,2016,Full,Fire
843,POINT (-125.65898250233725 51.53098838574305),51.531000000000006,-125.659,189.9,V90406,2016,Modified,Fire
844,POINT (-121.21763431035893 55.726373087803736),55.726400000000005,-121.2176,641.0,G70043,2016,Full,Fire
845,POINT (-129.34860772249493 59.80143896914352),59.8014,-129.3486,4687.0,R90074,2016,Modified,Fire
846,POINT (-120.49695054768071 56.589289210824454),56.5893,-120.49690000000001,300.0,G80109,2016,Full,Duplicate
847,POINT (-121.99930061510288 56.10305599288885),56.103100000000005,-121.9993,510.0,G70073,2016,Full,Fire
848,POINT (-121.47783495574048 57.075156089210644),57.0752,-121.4778,237.0,G80062,2016,Full,Duplicate
849,POINT (-121.96133658574709 56.050157996485176),56.050200000000004,-121.96130000000001,300.0,G70037,2016,Full,Fire
850,POINT (-120.71235019164733 55.66898915380347),55.669000000000004,-120.7123,475.0,G70052,2016,Full,Fire
851,POINT (-121.39001758148684 56.281673080201756),56.2817,-121.39,236.0,G80141,2016,Full,Duplicate
852,POINT (-121.35135044315062 55.979373077335296),55.979400000000005,-121.35130000000001,447.0,G70045,2016,Modified,Fire
853,POINT (-121.19510068245253 56.593706115377216),56.593700000000005,-121.19510000000001,15739.0,G80046,2016,Full,Fire
854,POINT (-121.40270056515962 56.23987307739602),56.239900000000006,-121.40270000000001,500.0,G80061,2016,Full,Duplicate
855,POINT (-120.63885040340986 56.19990617957588),56.1999,-120.6388,420.0,G80040,2016,Full,Fire
856,POINT (-121.4046042972602 55.61313905987115),55.6131,-121.4046,539.0,G70057,2016,Full,Fire
857,POINT (-121.42668459036409 56.28672307602694),56.2867,-121.42670000000001,236.0,G80108,2016,Modified,Fire
858,POINT (-123.60163366682411 52.97553869097178),52.975500000000004,-123.6016,398.5,C10023,2016,Full,Fire
859,POINT (-128.0360890467296 52.15830309941542),52.158300000000004,-128.0361,150.0,VA0522,2016,Modified,Fire
860,POINT (-120.74051856156599 56.517508175077374),56.517500000000005,-120.74050000000001,100.0,G80042,2016,Modified,Fire
861,POINT (-118.4573967396751 49.64027216193496),49.6403,-118.4574,145.9,N60279,2016,Modified,Fire
862,POINT (-121.24358458296288 56.347156102678944),56.3472,-121.2436,236.0,G80139,2016,Full,Duplicate
863,POINT (-123.08473341883922 52.503388741317025),52.5034,-123.08470000000001,521012.0,C10784,2017,Full,Fire
864,POINT (-120.45594895887967 52.49087406898934),52.4909,-120.4559,1112.7,K11632,2017,Modified,Fire
865,POINT (-121.17221912699839 52.61168898486685),52.6117,-121.1722,4831.0,C31169,2017,Modified,Fire
866,POINT (-125.01600054589325 51.96084047965977),51.9608,-125.016,25558.0,C50744,2017,Full,Fire
867,POINT (-125.78178579766929 52.367955394047215),52.368,-125.7818,7367.0,VA0778,2017,Modified,Fire
868,POINT (-121.00120207166904 59.453490206537154),59.453500000000005,-121.00120000000001,301.1,G92008,2017,Modified,Fire
869,POINT (-124.51138499882805 53.49020558836053),53.4902,-124.51140000000001,6670.0,G40837,2017,Full,Fire
870,POINT (-121.39871285501768 51.65412391754687),51.6541,-121.3987,5711.0,C40621,2017,Full,Fire
871,POINT (-115.3324953796869 50.55520557121414),50.5552,-115.33250000000001,203.0,N21945,2017,Modified,Fire
872,POINT (-121.03903310044343 52.60017200096292),52.6002,-121.039,577.0,C31156,2017,Modified,Fire
873,POINT (-123.16864924682952 51.944005710477626),51.944,-123.16860000000001,239298.0,C50647,2017,Full,Fire
874,POINT (-115.8297646035409 50.98929154190672),50.9893,-115.8298,4833.0,N21173,2017,Modified,Fire
875,POINT (-117.22741677219102 50.60487235881845),50.6049,-117.2274,1070.0,N71392,2017,Modified,Fire
876,POINT (-115.34709828915071 50.21297354742466),50.213,-115.34710000000001,26399.0,N21628,2017,Modified,Fire
877,POINT (-121.32686793553638 54.75573904336073),54.755700000000004,-121.32690000000001,229.0,G71637,2017,Modified,Fire
878,POINT (-125.11233709757873 53.50013950943374),53.5001,-125.1123,8382.0,G40709,2017,,Fire
879,POINT (-117.57678197695809 51.08057234555919),51.080600000000004,-117.5768,1343.7,N51265,2017,Modified,Fire
880,POINT (-120.55823601975331 52.618105062008524),52.618100000000005,-120.5582,1725.0,C31489,2017,Modified,Fire
881,POINT (-116.25167736796865 49.829924421533605),49.8299,-116.2517,322.0,N11676,2017,Modified,Fire
882,POINT (-121.3035542946581 59.74230416771778),59.7423,-121.3035,135.0,G92012,2017,Modified,Fire
883,POINT (-120.84964824488856 53.1212070457421),53.1212,-120.84960000000001,587.0,C10822,2017,Modified,Fire
884,POINT (-121.55256726858651 52.829587945759904),52.8296,-121.55260000000001,1712.0,C31072,2017,Full,Fire
885,POINT (-122.48828237374903 52.665273822170896),52.6653,-122.48830000000001,127.2,C10701,2017,Full,Fire
886,POINT (-120.7081841071527 52.79882305104506),52.7988,-120.7082,872.0,C31306,2017,Modified,Fire
887,POINT (-120.71904806266133 52.66108904322212),52.661100000000005,-120.71900000000001,561.0,C31823,2017,Modified,Fire
888,POINT (-120.86563519399692 59.72005723132898),59.7201,-120.8656,4655.1,G91534,2017,Modified,Fire
889,POINT (-115.70066720237881 49.62207246854475),49.6221,-115.70070000000001,398.0,N11999,2017,Full,Fire
890,POINT (-114.59616691307549 49.370489571588514),49.3705,-114.59620000000001,270.0,N11978,2017,Modified,Fire
891,POINT (-122.34038620171569 52.227956824273896),52.228,-122.3404,13211.0,C20735,2017,Full,Fire
892,POINT (-117.34981437080744 49.02673924747324),49.026700000000005,-117.3498,410.0,N51634,2017,Full,Fire
893,POINT (-123.03371564059994 53.167955770133496),53.168,-123.03370000000001,132.2,C10248,2017,Full,Fire
894,POINT (-121.33944815710198 52.612504964296136),52.612500000000004,-121.33940000000001,640.0,C31008,2017,Modified,Fire
895,POINT (-124.5532019589485 53.36054057918821),53.3605,-124.5532,112.0,G41595,2017,Full,Fire
896,POINT (-119.7254788505439 49.19143899253181),49.1914,-119.72550000000001,116.0,K50434,2017,Full,Fire
897,POINT (-115.752867317514 50.01648948914295),50.0165,-115.75290000000001,1032.5,N21451,2017,Full,Fire
898,POINT (-118.90961438956305 51.60652421640584),51.606500000000004,-118.90960000000001,100.0,K31975,2017,Modified,Fire
899,POINT (-117.9753341658598 51.45484031892511),51.454800000000006,-117.9753,508.0,N41369,2017,Modified,Fire
900,POINT (-114.41161178404208 49.00437456507173),49.004400000000004,-114.4116,903.1,N11984,2017,Full,Fire
901,POINT (-119.87371880384534 52.34308813449656),52.3431,-119.8737,230.70000000000002,K12067,2017,Modified,Fire
902,POINT (-117.02873143951459 49.529024315519706),49.529,-117.0287,3117.0,N71382,2017,Modified,Fire
903,POINT (-120.90104680084558 51.75937098238009),51.7594,-120.90100000000001,197.3,C41703,2017,Full,Fire
904,POINT (-115.31901419141947 49.87147452698046),49.871500000000005,-115.319,11763.7,N11664,2017,Modified,Fire
905,POINT (-124.70881694744104 53.26342255665509),53.263400000000004,-124.70880000000001,1273.0,G40664,2017,,Fire
906,POINT (-121.83345109841397 52.17642388537167),52.1764,-121.83340000000001,3387.0,C20645,2017,Full,Fire
907,POINT (-115.36668297729172 49.00000646235631),49.0,-115.36670000000001,1285.4,N11844,2017,Full,Fire
908,POINT (-118.22891222329466 51.48190529059941),51.4819,-118.22890000000001,151.0,N41871,2017,Modified,Fire
909,POINT (-118.37049851052029 52.31367331595516),52.313700000000004,-118.3705,2100.0,G31097,2017,Modified,Fire
910,POINT (-114.76634892689383 49.2833395474356),49.283300000000004,-114.7663,1751.0,N11971,2017,Modified,Fire
911,POINT (-124.03776682848331 53.22763964208021),53.2276,-124.0378,21870.0,C10970,2017,Full,Fire
912,POINT (-120.55996543064049 50.742538976735645),50.7425,-120.56,156.0,K20322,2017,Full,Fire
913,POINT (-114.93928394537384 49.21955752348862),49.2196,-114.9393,5800.0,N11976,2017,Modified,Fire
914,POINT (-119.83808124010184 50.53247305165142),50.532500000000006,-119.83810000000001,150.0,K21375,2017,Full,Fire
915,POINT (-124.90455002754645 53.398172534390824),53.3982,-124.90450000000001,2275.0,G40826,2017,Full,Fire
916,POINT (-117.9329682896395 51.88240734724663),51.882400000000004,-117.933,213.0,N41779,2017,Modified,Fire
917,POINT (-121.81134831409312 49.57554077438808),49.575500000000005,-121.8113,202.0,V10484,2017,Full,Fire
918,POINT (-122.05526814683415 52.20863885897795),52.208600000000004,-122.0553,12723.0,C20729,2017,Full,Fire
919,POINT (-125.84241783036333 55.08157244650833),55.0816,-125.84240000000001,122.2,R20937,2017,Modified,Fire
920,POINT (-119.19326793584888 49.864058090957876),49.8641,-119.19330000000001,465.0,K51878,2017,Full,Fire
921,POINT (-117.791465890392 50.636874295684095),50.636900000000004,-117.7915,445.0,N51075,2017,Modified,Fire
922,POINT (-121.29761554654442 50.69978888705703),50.6998,-121.2976,191865.0,K20637,2017,,Fire
923,POINT (-121.72058216389257 52.43483990949445),52.4348,-121.7206,859.0,C30870,2017,Full,Fire
924,POINT (-121.05751917360143 52.80667300750662),52.8067,-121.0575,1375.0,C31161,2017,Modified,Fire
925,POINT (-120.94707082632307 59.02469120640909),59.0247,-120.9471,173.20000000000002,G92057,2017,Modified,Fire
926,POINT (-115.87834815871977 49.316656427910274),49.316700000000004,-115.87830000000001,2215.0,N11927,2017,Full,Fire
927,POINT (-117.55421408211117 51.446623368282765),51.446600000000004,-117.55420000000001,1632.0,N41172,2017,Modified,Fire
928,POINT (-118.52238372619256 49.542006148907205),49.542,-118.5224,2500.0,N61615,2017,Modified,Fire
929,POINT (-120.25421957256115 51.39710504493112),51.3971,-120.25420000000001,556.0,K20675,2017,Full,Fire
930,POINT (-120.57819810365598 49.574372916858444),49.574400000000004,-120.57820000000001,3197.5,K60643,2017,Full,Fire
931,POINT (-123.96451679898642 53.17897265036173),53.179,-123.9645,260.0,C10966,2017,Full,Fire
932,POINT (-114.30249677580065 49.05974058117057),49.0597,-114.30250000000001,15448.800000000001,N11966,2017,Modified,Fire
933,POINT (-117.20079771542446 50.42272435094525),50.4227,-117.2008,1400.0,N71320,2017,Modified,Fire
934,POINT (-121.5460671247958 52.40497392984191),52.405,-121.54610000000001,196.0,C31005,2017,Full,Fire
935,POINT (-117.54474594666294 50.99512334412551),50.9951,-117.5447,310.3,N51470,2017,Modified,Fire
936,POINT (-122.22541920743683 52.30133984169103),52.301300000000005,-122.22540000000001,278.0,C20738,2017,Full,Fire
937,POINT (-119.34059991484796 52.97622122826572),52.976200000000006,-119.34060000000001,574.0,G30140,2017,Full,Fire
938,POINT (-122.5868693288348 52.48040580247987),52.4804,-122.5869,5648.0,C10740,2017,Full,Fire
939,POINT (-119.78894785918648 49.177556984478535),49.177600000000005,-119.78890000000001,100.0,K52207,2017,Modified,Fire
940,POINT (-116.79831655496656 50.125357378329475),50.1254,-116.79830000000001,4280.0,N71078,2017,Modified,Fire
941,POINT (-121.20635311897355 52.566838979325574),52.5668,-121.2063,1248.0,C31348,2017,Full,Fire
942,POINT (-122.00398311347595 52.133222862420105),52.1332,-122.004,4121.7,C20708,2017,Modified,Fire
943,POINT (-123.68938768079148 57.74057179296316),57.7406,-123.6894,173.5,G92068,2017,Modified,Fire
944,POINT (-116.71388160578518 50.37165740277906),50.371700000000004,-116.71390000000001,330.0,N71000,2017,Modified,Fire
945,POINT (-122.30363339213729 52.8102888501678),52.810300000000005,-122.3036,595.0,C10683,2017,Full,Fire
946,POINT (-120.10608000892978 52.830523127164135),52.8305,-120.10610000000001,309.1,K11633,2017,Modified,Fire
947,POINT (-124.5565502595123 54.164072599675315),54.164100000000005,-124.5565,1590.0,G40691,2017,,Fire
948,POINT (-123.66819990573 53.609205701185715),53.6092,-123.66820000000001,180.0,G40801,2017,,Fire
949,POINT (-119.82904834736257 49.72977267704916),49.729800000000004,-119.82900000000001,2224.0,K52024,2017,Full,Fire
950,POINT (-120.44181492739439 49.003505902001685),49.0035,-120.4418,12245.0,K51406,2017,Full,Fire
951,POINT (-120.82106924712535 53.14519005054141),53.1452,-120.8211,226.39000000000001,C11081,2017,,Fire
952,POINT (-120.15663224335424 51.46915605977705),51.4692,-120.15660000000001,3028.0,K20706,2017,Full,Fire
953,POINT (-120.85184893298438 51.14923929149627),51.1492,-120.85180000000001,2700.0,K20351,2018,Full,Fire
954,POINT (-120.68395292292097 52.033724130047545),52.0337,-120.68390000000001,407.0,C41844,2018,Modified,Fire
955,POINT (-120.69349733386375 52.1480239081077),52.148,-120.6935,350.0,C42820,2018,Modified,Fire
956,POINT (-120.83308472936581 52.050371451572836),52.0504,-120.8331,110.0,C42610,2018,Full,Fire
957,POINT (-124.53495173376783 52.74373801671785),52.743700000000004,-124.53490000000001,110.0,C52606,2018,Full,Fire
958,POINT (-124.51211673647357 52.75362223715736),52.753600000000006,-124.5121,10687.0,C12594,2018,Full,Fire
959,POINT (-122.22536549744335 51.88850603908581),51.8885,-122.2253,300.0,C22371,2018,Full,Fire
960,POINT (-118.56648172416864 50.593439503589565),50.5934,-118.5665,504.0,K42067,2018,Full,Fire
961,POINT (-118.3661150799486 50.9171562444341),50.9172,-118.3661,100.0,K41899,2018,Modified,Fire
962,POINT (-119.85153188378348 50.433122715079726),50.4331,-119.8515,114.60000000000001,K41870,2018,Full,Fire
963,POINT (-118.5988150388593 50.62123950140392),50.6212,-118.59880000000001,1370.4,K41813,2018,Full,Fire
964,POINT (-118.89551495367787 50.12527283973376),50.1253,-118.89550000000001,858.0,K41800,2018,Full,Fire
965,POINT (-118.45694825566262 50.42377290631854),50.4238,-118.4569,394.3,K41791,2018,Full,Fire
966,POINT (-119.05156579135452 52.77278955520185),52.772800000000004,-119.05160000000001,700.0,G31735,2018,Full,Fire
967,POINT (-124.02553360453588 53.44493895052688),53.444900000000004,-124.02550000000001,2245.2000000000003,G10696,2018,Full,Fire
968,POINT (-129.49532055792966 59.48837164798789),59.488400000000006,-129.49530000000001,2514.0,R92725,2018,Full,Fire
969,POINT (-129.13002540411367 59.51500439345706),59.515,-129.13,5464.0,R92631,2018,Modified,Fire
970,POINT (-126.96485231429767 49.9128736770309),49.9129,-126.96480000000001,284.2,V82888,2018,Modified,Fire
971,POINT (-120.44158258882246 52.37963939619401),52.3796,-120.44160000000001,118.0,K22855,2018,Modified,Fire
972,POINT (-128.12273491765225 55.20375513425765),55.2038,-128.1227,357.0,R42356,2018,Full,Fire
973,POINT (-126.56140048903578 53.15065531195927),53.1507,-126.5614,87684.961,R12315,2018,Full,Fire
974,POINT (-131.0148970254952 57.6018724281806),57.6019,-131.0149,11000.0,R92303,2018,Full,Fire
975,POINT (-126.40021766669196 54.47213865973254),54.472100000000005,-126.40020000000001,216.6,R22298,2018,Full,Fire
976,POINT (-125.60343386327303 53.473455444340445),53.4735,-125.60340000000001,9253.0,R12270,2018,Full,Fire
977,POINT (-126.17883461298943 55.15783870179534),55.1578,-126.17880000000001,3366.0,R22258,2018,Full,Fire
978,POINT (-128.55397466042777 57.97135671426754),57.9714,-128.554,134.0,R92228,2018,Modified,Fire
979,POINT (-126.65301796535026 55.111455335840816),55.1115,-126.653,2524.0,R32182,2018,Full,Fire
980,POINT (-130.6285031348354 57.91003808428165),57.910000000000004,-130.6285,2568.0,R92162,2018,Full,Fire
981,POINT (-124.81631667515914 53.994687873329575),53.9947,-124.81630000000001,240.0,G40639,2018,Full,Fire
982,POINT (-128.6512537093416 59.4451717769158),59.4452,-128.65120000000002,156775.0,R92132,2018,Full,Fire
983,POINT (-126.746733992857 53.3605719913861),53.360600000000005,-126.7467,60631.828,R12068,2018,Full,Fire
984,POINT (-128.66995778907813 59.855954474781804),59.855900000000005,-128.6699,100779.0,R92033,2018,Modified,Fire
985,POINT (-126.82783487081613 55.53053861778845),55.5305,-126.82780000000001,884.0,R32009,2018,Full,Fire
986,POINT (-130.0389596582061 56.85628996797689),56.856300000000005,-130.0389,113.0,R92006,2018,Modified,Fire
987,POINT (-121.54444889476031 49.692140668319354),49.6921,-121.54440000000001,410.6,V12179,2018,Modified,Fire
988,POINT (-117.47361695551938 50.03387317874479),50.0339,-117.4736,558.0,N52471,2018,Modified,Fire
989,POINT (-117.88161398958485 49.377424728408776),49.3774,-117.8816,3193.0,N52548,2018,Full,Fire
990,POINT (-115.4571139282487 49.07229115562613),49.072300000000006,-115.45710000000001,2392.0,N12515,2018,Modified,Fire
991,POINT (-126.87014870736064 50.18678803359748),50.186800000000005,-126.87010000000001,260.0,V92443,2018,Full,Fire
992,POINT (-125.54189995917677 51.973672083046),51.9737,-125.54190000000001,1386.16,C52646,2018,Full,Fire
993,POINT (-123.89831676273468 53.10882235695607),53.1088,-123.8983,370.0,C12637,2018,Full,Fire
994,POINT (-123.52540005828176 53.17313903975489),53.173100000000005,-123.5254,8277.5,C12328,2018,Full,Fire
995,POINT (-122.81013313588399 52.783005784987346),52.783,-122.8101,4636.0,C12302,2018,Full,Fire
996,POINT (-125.20185023615728 52.92050548324394),52.920500000000004,-125.2018,12284.0,C11837,2018,Full,Fire
997,POINT (-124.71571422040732 50.289823271005595),50.2898,-124.71570000000001,658.0,V52889,2018,Modified,Fire
998,POINT (-123.79038578063053 57.903072780951206),57.9031,-123.7904,530.0,G90138,2018,Modified,Fire
999,POINT (-121.98410287528492 56.509306237766125),56.5093,-121.98410000000001,164.12,G80085,2018,Full,Fire
1000,POINT (-127.65627024214108 59.4178552270845),59.4179,-127.6563,2358.5,G91474,2018,Modified,Fire
1001,POINT (-117.6569519097171 50.79565631991792),50.795700000000004,-117.65690000000001,227.0,N51446,2018,Modified,Fire
1002,POINT (-120.85829964050916 51.26928896602651),51.2693,-120.8583,245.0,C42331,2018,Full,Fire
1003,POINT (-116.89241495462983 51.45570644686216),51.4557,-116.89240000000001,221.0,N42384,2018,Modified,Fire
1004,POINT (-122.56366898485217 58.730988969658654),58.731,-122.56370000000001,163.20000000000002,G90793,2018,Full,Fire
1005,POINT (-114.86109799956057 49.49187355145959),49.4919,-114.86110000000001,956.0,N12395,2018,Full,Fire
1006,POINT (-116.74108087110541 51.2802914545296),51.280300000000004,-116.7411,201.0,N42490,2018,Modified,Fire
1007,POINT (-118.05556449915785 49.00470616826323),49.0047,-118.05560000000001,377.0,N52571,2018,Full,Fire
1008,POINT (-127.71668686572212 58.73333921704894),58.7333,-127.7167,2484.2000000000003,G92052,2018,Modified,Fire
1009,POINT (-123.71720205400706 58.4591387999387),58.4591,-123.7172,261.0,G90358,2018,Full,Fire
1010,POINT (-115.76301449940401 50.67088952936858),50.6709,-115.763,3015.0,N21982,2018,Modified,Fire
1011,POINT (-121.75688243213308 53.196939933658705),53.1969,-121.7569,126.0,C12405,2018,Modified,Fire
1012,POINT (-115.89506408289624 49.00203940486006),49.002,-115.8951,1181.0,N72436,2018,Modified,Fire
1013,POINT (-117.6300496093844 49.73572426052519),49.7357,-117.63,190.0,N52502,2018,Modified,Fire
1014,POINT (-120.85318103254804 52.496573019899195),52.4966,-120.8532,522.0,C31689,2018,Modified,Fire
1015,POINT (-123.31409992674764 53.82140575344728),53.821400000000004,-123.31410000000001,100.0,G13142,2018,,Nuisance Fire
1016,POINT (-120.34918428374532 56.050539213867665),56.0505,-120.34920000000001,260.0,G70702,2018,,Nuisance Fire
1017,POINT (-122.25651963005313 59.99490603294172),59.9949,-122.2565,2342.0,G91472,2018,Modified,Fire
1018,POINT (-118.18109889621365 50.39510623657521),50.3951,-118.1811,677.0,N52792,2018,Modified,Fire
1019,POINT (-119.81506602700452 53.040006172736106),53.04,-119.8151,485.0,G32369,2018,Modified,Fire
1020,POINT (-125.07351803379284 55.84800556629657),55.848000000000006,-125.07350000000001,2940.0,G61652,2018,Full,Fire
1021,POINT (-118.35731538114733 51.91605629823904),51.9161,-118.35730000000001,108.0,N42340,2018,Modified,Fire
1022,POINT (-118.41376530618614 51.64084127670651),51.640800000000006,-118.41380000000001,481.0,N41889,2018,Modified,Fire
1023,POINT (-115.94380130577683 49.82927245568228),49.8293,-115.94380000000001,714.0,N12413,2018,Full,Fire
1024,POINT (-118.72658257295669 52.294489272568676),52.2945,-118.7266,236.0,G32211,2018,Modified,Fire
1025,POINT (-118.1915971661877 51.31850728692102),51.3185,-118.19160000000001,177.0,N42079,2018,Modified,Fire
1026,POINT (-121.84701899526026 59.008339077746434),59.008300000000006,-121.84700000000001,374.5,G92313,2018,Modified,Fire
1027,POINT (-118.40917862714367 49.24770614417691),49.2477,-118.40920000000001,122.0,N62556,2018,Full,Fire
1028,POINT (-120.80501809945704 57.65100719639654),57.651,-120.805,338.0,G80950,2018,Modified,Fire
1029,POINT (-127.07801929780143 50.212438172621106),50.2124,-127.078,157.0,V82485,2018,Modified,Fire
1030,POINT (-118.45639844465978 52.055491292747725),52.0555,-118.4564,153.0,N42750,2018,Modified,Fire
1031,POINT (-117.82524785095153 50.47593928274981),50.4759,-117.82520000000001,234.0,N51880,2018,Modified,Fire
1032,POINT (-121.75433442666915 53.18343993396444),53.183400000000006,-121.7543,123.5,C12330,2018,Full,Fire
1033,POINT (-118.09548160970918 49.40422318860646),49.4042,-118.0955,2227.0,N52497,2018,Modified,Fire
1034,POINT (-121.29118371022939 51.250737912887644),51.2507,-121.2912,609.0,C42324,2018,Full,Fire
1035,POINT (-120.63753600831787 52.542723048380005),52.5427,-120.6375,200.0,C31692,2018,Modified,Fire
1036,POINT (-121.21678125789302 49.73870685081663),49.7387,-121.2168,281.7,V12169,2018,Modified,Fire
1037,POINT (-117.75001464219694 49.76947224972948),49.7695,-117.75,183.0,N51528,2018,Modified,Fire
1038,POINT (-118.13404785243567 50.274306235297715),50.274300000000004,-118.134,346.0,N52721,2018,Modified,Fire
1039,POINT (-116.39001363624183 50.70999046046662),50.71,-116.39,374.0,N21714,2018,Modified,Fire
1040,POINT (-122.98256960178355 59.70407292297531),59.704100000000004,-122.9826,872.3000000000001,G92334,2018,Modified,Fire
1041,POINT (-119.07344881419688 51.90623951136889),51.906200000000005,-119.0734,313.0,K22285,2018,Full,Fire
1042,POINT (-119.19903266100422 52.29092321444142),52.2909,-119.19900000000001,320.0,G32617,2018,Modified,Fire
1043,POINT (-119.74739828392771 49.56303934077107),49.563,-119.7474,118.5,K51243,2018,Full,Fire
1044,POINT (-118.59521557098154 52.36782329152516),52.3678,-118.5952,10622.0,G32051,2018,Modified,Fire
1045,POINT (-120.70051873464627 58.94450624032774),58.944500000000005,-120.7005,17896.600000000002,G92084,2018,Modified,Fire
1046,POINT (-126.49040316275489 50.03395623859094),50.034,-126.49040000000001,170.0,V92756,2018,Modified,Fire
1047,POINT (-117.67756581382102 50.44274029772567),50.4427,-117.67760000000001,102.0,N52739,2018,Modified,Fire
1048,POINT (-124.28468493830465 53.4239906156932),53.424,-124.2847,144.0,C10782,2018,Full,Fire
1049,POINT (-126.40121608395718 52.92525632703503),52.9253,-126.4012,79394.0,VA1787,2018,Modified,Fire
1050,POINT (-120.36624828014648 49.12857258320569),49.128600000000006,-120.3662,2372.0,K61241,2018,Full,Fire
1051,POINT (-118.21784867359437 49.558291183707524),49.5583,-118.21780000000001,548.0,N52723,2018,Modified,Fire
1052,POINT (-123.8226526719453 59.55390579806642),59.553900000000006,-123.82260000000001,260.8,G90866,2018,Full,Fire
1053,POINT (-120.44501581867965 52.067591052052826),52.067600000000006,-120.44500000000001,596.0,C42358,2018,Modified,Fire
1054,POINT (-122.84201840709841 57.492822907981264),57.4928,-122.84200000000001,1700.0,G80337,2018,Full,Fire
1055,POINT (-117.82648398550114 50.94455630836546),50.9446,-117.82650000000001,195.0,N41944,2018,Modified,Fire
1056,POINT (-127.1465162909153 50.15859016192914),50.1586,-127.1465,104.0,V82784,2018,Modified,Fire
1057,POINT (-118.74911564020199 52.490458279349056),52.490500000000004,-118.74910000000001,803.0,G31718,2018,Full,Fire
1058,POINT (-117.22283056253525 49.852289313918035),49.8523,-117.2228,2363.0,N51329,2018,Modified,Fire
1059,POINT (-117.20143081180902 50.76367437043889),50.7637,-117.2014,172.0,N72671,2018,Modified,Fire
1060,POINT (-117.79193079635483 50.3044072762609),50.3044,-117.79190000000001,111.0,N52557,2018,Modified,Fire
1061,POINT (-117.64233371561406 50.118689282069916),50.118700000000004,-117.6423,103.0,N52546,2018,Modified,Fire
1062,POINT (-121.61968499703752 57.10717307035801),57.107200000000006,-121.61970000000001,1700.0,G80341,2018,Full,Fire
1063,POINT (-118.35903067254088 49.45430616204908),49.4543,-118.35900000000001,415.0,N62729,2018,Modified,Fire
1064,POINT (-118.17211081529425 50.11212422118928),50.112100000000005,-118.1721,250.0,N52849,2018,Modified,Fire
1065,POINT (-124.14413507488995 50.90395555267733),50.904,-124.14410000000001,2900.0,V52153,2018,Modified,Fire
1066,POINT (-127.20298524691376 55.58023826657896),55.580200000000005,-127.203,411.0,R41914,2018,Full,Duplicate
1067,POINT (-120.27753588991266 59.39333930952769),59.3933,-120.2775,136.8,G90764,2018,Modified,Fire
1068,POINT (-115.16992820326165 50.029722554938246),50.029700000000005,-115.16990000000001,760.0,N12407,2018,Modified,Fire
1069,POINT (-120.95473825470005 57.910574181974965),57.9106,-120.9547,318.0,G80883,2018,Modified,Fire
1070,POINT (-120.66114905341006 52.66272205108834),52.6627,-120.6611,1000.0,C32603,2018,Modified,Fire
1071,POINT (-121.05480289995711 51.985055973997746),51.9851,-121.0548,497.0,C42393,2018,Full,Fire
1072,POINT (-124.06125279863448 59.69973876414093),59.6997,-124.0612,1212.9,G90544,2018,Modified,Fire
1073,POINT (-125.41928254079045 51.76170542287168),51.761700000000005,-125.4193,19050.199,V92348,2018,Modified,Fire
1074,POINT (-124.68661615080802 50.88014048552235),50.880100000000006,-124.68660000000001,1100.0,V52370,2018,Modified,Fire
1075,POINT (-117.13143035322649 49.119990277819745),49.120000000000005,-117.1314,703.0,N51557,2018,Full,Fire
1076,POINT (-125.36045109989938 55.1923888139416),55.1924,-125.36040000000001,2290.3,G51634,2018,Full,Fire
1077,POINT (-125.33021789827279 55.436822523105214),55.436800000000005,-125.3302,1600.0,G51636,2018,,Fire
1078,POINT (-124.7829843325037 54.258988572073584),54.259,-124.783,121.5,G40670,2018,,Fire
1079,POINT (-124.47608371109837 53.53612229431999),53.536100000000005,-124.4761,224.0,G42036,2018,Full,Fire
1080,POINT (-126.12535191230548 57.376505440084635),57.3765,-126.12530000000001,6987.0,G61586,2018,,Fire
1081,POINT (-124.28200124717851 56.61583869047887),56.6158,-124.28200000000001,247.0,G61601,2018,,Fire
1082,POINT (-124.84201795792944 55.7594885965222),55.7595,-124.84200000000001,1110.0,G61633,2018,,Fire
1083,POINT (-125.34865177206488 57.35042255084988),57.3504,-125.3486,121.0,G62615,2018,,Fire
1084,POINT (-125.81085110796487 55.74617246234593),55.7462,-125.8108,1500.0,G51928,2018,,Fire
1085,POINT (-119.75289862149862 50.76110607321045),50.7611,-119.75290000000001,100.0,K23202,2018,Full,Fire
1086,POINT (-119.75061529415906 50.77127274063503),50.771300000000004,-119.7506,250.0,K23206,2018,Full,Fire
1087,POINT (-123.94001693478019 53.56447266436756),53.5645,-123.94,144.1,G40886,2018,,Fire
1088,POINT (-125.00858439486592 55.07373886016531),55.0737,-125.0086,1055.0,G50614,2018,Full,Fire
1089,POINT (-125.79876783181749 55.102672153248186),55.102700000000006,-125.7988,2497.0,G51653,2018,Full,Fire
1090,POINT (-121.12311834520571 57.44870609882217),57.4487,-121.12310000000001,23042.0,G82215,2018,Modified,Fire
1091,POINT (-121.10351644606881 52.40282278563749),52.4028,-121.10350000000001,1255.0,C31678,2018,Full,Fire
1092,POINT (-124.0716326669345 49.08098769779893),49.081,-124.0716,182.0,V62214,2018,Full,Fire
1093,POINT (-120.90481549308632 50.75170593670632),50.7517,-120.90480000000001,150.0,K20435,2018,Full,Fire
1094,POINT (-122.42953238198236 50.62375574904649),50.6238,-122.4295,483.0,K70348,2018,Modified,Fire
1095,POINT (-120.88754872607777 50.53282262804957),50.5328,-120.8875,165.0,K20203,2018,Full,Fire
1096,POINT (-124.63828423993343 54.8414056052253),54.8414,-124.6383,8245.0,G51632,2018,Full,Fire
1097,POINT (-124.58416696689888 53.37157227518952),53.3716,-124.58420000000001,20200.0,G41607,2018,Full,Fire
1098,POINT (-119.75828199513975 50.76902277311282),50.769000000000005,-119.7583,141.0,K20004,2018,Full,Fire
1099,POINT (-120.23093202314426 50.68018934326076),50.6802,-120.2309,545.0,K21128,2018,Full,Fire
1100,POINT (-125.20638407772441 54.20200551454395),54.202000000000005,-125.2064,92412.0,R11498,2018,Full,Fire
1101,POINT (-123.82260043626209 54.1545056963565),54.154500000000006,-123.82260000000001,315.0,G40243,2018,Full,Fire
1102,POINT (-123.823983426733 53.12392233668196),53.1239,-123.82400000000001,13433.1,C11937,2018,Full,Fire
1103,POINT (-127.80603502664975 55.56253848255216),55.5625,-127.80600000000001,562.0,R41980,2018,Full,Fire
1104,POINT (-131.25204931070658 57.90063949138887),57.900600000000004,-131.252,121215.0,R91947,2018,Full,Fire
1105,POINT (-127.82968508738868 55.6935051804675),55.6935,-127.8297,2370.0,R41945,2018,Full,Fire
1106,POINT (-125.36358399806504 53.930238786841834),53.9302,-125.3636,21381.0,R11921,2018,Full,Fire
1107,POINT (-127.25650157177316 55.6198719598729),55.6199,-127.2565,10851.0,R41913,2018,Full,Fire
1108,POINT (-125.9871506957575 53.84730540216827),53.847300000000004,-125.98710000000001,47610.0,R11796,2018,Full,Fire
1109,POINT (-126.84375094114085 49.991555639668356),49.991600000000005,-126.84370000000001,168.0,V82441,2018,Modified,Fire
1110,POINT (-116.86046504909136 49.131189932226704),49.1312,-116.8605,6798.0,N72301,2018,Full,Fire
1111,POINT (-119.02674865058815 51.30670618685685),51.3067,-119.0267,125.0,K42737,2018,Modified,Fire
1112,POINT (-118.70188163312612 50.287756170706686),50.287800000000004,-118.70190000000001,255.0,K42705,2018,Modified,Fire
1113,POINT (-120.31053161899528 49.18293926000647),49.182900000000004,-120.3105,13626.0,K62690,2018,Full,Fire
1114,POINT (-119.90898156958374 49.25393930570046),49.2539,-119.909,1380.0,K52670,2018,Full,Fire
1115,POINT (-127.06595074469453 53.90670535981635),53.9067,-127.0659,86767.0,R21721,2018,Full,Fire
1116,POINT (-127.85180190992214 56.182555182589255),56.1826,-127.85180000000001,1345.0,R41684,2018,Full,Fire
1117,POINT (-125.32578392517662 53.75482218811423),53.7548,-125.3258,8100.0,R11683,2018,Full,Fire
1118,POINT (-130.04608700172503 58.91127156777547),58.911300000000004,-130.0461,662.0,R91656,2018,Modified,Fire
1119,POINT (-130.9213000923392 58.49268814839223),58.492700000000006,-130.9213,3531.0,R91655,2018,Modified,Fire
1120,POINT (-126.97896670736976 49.95293944184681),49.9529,-126.979,800.0,V82579,2018,Modified,Fire
1121,POINT (-116.51084806690503 49.480005911561854),49.480000000000004,-116.5108,9284.0,N11886,2018,Modified,Fire
1122,POINT (-127.91613426728706 53.65112184154105),53.6511,-127.9161,159.4,R51596,2018,Full,Fire
1123,POINT (-127.9303346721124 54.67560515438936),54.6756,-127.9303,868.7,R51479,2018,Full,Fire
1124,POINT (-121.75151804832166 57.16350605327802),57.163500000000006,-121.75150000000001,21795.0,G80340,2018,Full,Fire
1125,POINT (-119.94761510489248 49.98653934086619),49.9865,-119.94760000000001,642.0,K52361,2018,Full,Fire
1126,POINT (-127.19020190523494 50.3656400808258),50.3656,-127.1902,779.0,V92456,2018,Modified,Fire
1127,POINT (-120.55118831239379 57.46915676990479),57.4692,-120.55120000000001,700.0,G80294,2018,Full,Fire
1128,POINT (-125.35085073219452 54.28213879642363),54.2821,-125.3508,134.0,R10672,2018,Full,Fire
1129,POINT (-121.15846525913727 49.777305859420196),49.777300000000004,-121.1585,2432.0,K62317,2018,Full,Fire
1130,POINT (-122.49958238639358 50.58788906873624),50.587900000000005,-122.4996,848.0,K72289,2018,Full,Fire
1131,POINT (-120.94176543514313 51.93082263565425),51.930800000000005,-120.94170000000001,587.0,C42138,2018,Full,Fire
1132,POINT (-124.62633641471137 52.09652118851379),52.096500000000006,-124.6263,120.0,C51925,2018,Full,Fire
1133,POINT (-120.66258299387971 52.06312400603762),52.063100000000006,-120.66260000000001,216.0,C41848,2018,Modified,Fire
1134,POINT (-120.68395292292097 52.033724130047545),52.0337,-120.68390000000001,407.0,C41844,2018,Modified,Fire
1135,POINT (-120.69349733386375 52.1480239081077),52.148,-120.6935,350.0,C42820,2018,Modified,Fire
1136,POINT (-120.83308472936581 52.050371451572836),52.0504,-120.8331,110.0,C42610,2018,Full,Fire
1137,POINT (-124.53495173376783 52.74373801671785),52.743700000000004,-124.53490000000001,110.0,C52606,2018,Full,Fire
1138,POINT (-124.51211673647357 52.75362223715736),52.753600000000006,-124.5121,10687.0,C12594,2018,Full,Fire
1139,POINT (-122.22536549744335 51.88850603908581),51.8885,-122.2253,300.0,C22371,2018,Full,Fire
1140,POINT (-118.56648172416864 50.593439503589565),50.5934,-118.5665,504.0,K42067,2018,Full,Fire
1141,POINT (-118.3661150799486 50.9171562444341),50.9172,-118.3661,100.0,K41899,2018,Modified,Fire
1142,POINT (-119.85153188378348 50.433122715079726),50.4331,-119.8515,114.60000000000001,K41870,2018,Full,Fire
1143,POINT (-118.5988150388593 50.62123950140392),50.6212,-118.59880000000001,1370.4,K41813,2018,Full,Fire
1144,POINT (-118.89551495367787 50.12527283973376),50.1253,-118.89550000000001,858.0,K41800,2018,Full,Fire
1145,POINT (-118.45694825566262 50.42377290631854),50.4238,-118.4569,394.3,K41791,2018,Full,Fire
1146,POINT (-119.05156579135452 52.77278955520185),52.772800000000004,-119.05160000000001,700.0,G31735,2018,Full,Fire
1147,POINT (-124.02553360453588 53.44493895052688),53.444900000000004,-124.02550000000001,2245.2000000000003,G10696,2018,Full,Fire
1148,POINT (-129.49532055792966 59.48837164798789),59.488400000000006,-129.49530000000001,2514.0,R92725,2018,Full,Fire
1149,POINT (-129.13002540411367 59.51500439345706),59.515,-129.13,5464.0,R92631,2018,Modified,Fire
1150,POINT (-126.96485231429767 49.9128736770309),49.9129,-126.96480000000001,284.2,V82888,2018,Modified,Fire
1151,POINT (-120.44158258882246 52.37963939619401),52.3796,-120.44160000000001,118.0,K22855,2018,Modified,Fire
1152,POINT (-128.12273491765225 55.20375513425765),55.2038,-128.1227,357.0,R42356,2018,Full,Fire
1153,POINT (-126.56140048903578 53.15065531195927),53.1507,-126.5614,87684.961,R12315,2018,Full,Fire
1154,POINT (-131.0148970254952 57.6018724281806),57.6019,-131.0149,11000.0,R92303,2018,Full,Fire
1155,POINT (-126.40021766669196 54.47213865973254),54.472100000000005,-126.40020000000001,216.6,R22298,2018,Full,Fire
1156,POINT (-125.60343386327303 53.473455444340445),53.4735,-125.60340000000001,9253.0,R12270,2018,Full,Fire
1157,POINT (-126.17883461298943 55.15783870179534),55.1578,-126.17880000000001,3366.0,R22258,2018,Full,Fire
1158,POINT (-128.55397466042777 57.97135671426754),57.9714,-128.554,134.0,R92228,2018,Modified,Fire
1159,POINT (-126.65301796535026 55.111455335840816),55.1115,-126.653,2524.0,R32182,2018,Full,Fire
1160,POINT (-130.6285031348354 57.91003808428165),57.910000000000004,-130.6285,2568.0,R92162,2018,Full,Fire
1161,POINT (-124.81631667515914 53.994687873329575),53.9947,-124.81630000000001,240.0,G40639,2018,Full,Fire
1162,POINT (-128.6512537093416 59.4451717769158),59.4452,-128.65120000000002,156775.0,R92132,2018,Full,Fire
1163,POINT (-126.746733992857 53.3605719913861),53.360600000000005,-126.7467,60631.828,R12068,2018,Full,Fire
1164,POINT (-128.66995778907813 59.855954474781804),59.855900000000005,-128.6699,100779.0,R92033,2018,Modified,Fire
1165,POINT (-126.82783487081613 55.53053861778845),55.5305,-126.82780000000001,884.0,R32009,2018,Full,Fire
1166,POINT (-130.0389596582061 56.85628996797689),56.856300000000005,-130.0389,113.0,R92006,2018,Modified,Fire
1167,POINT (-121.54444889476031 49.692140668319354),49.6921,-121.54440000000001,410.6,V12179,2018,Modified,Fire
1168,POINT (-117.47361695551938 50.03387317874479),50.0339,-117.4736,558.0,N52471,2018,Modified,Fire
1169,POINT (-117.88161398958485 49.377424728408776),49.3774,-117.8816,3193.0,N52548,2018,Full,Fire
1170,POINT (-115.4571139282487 49.07229115562613),49.072300000000006,-115.45710000000001,2392.0,N12515,2018,Modified,Fire
1171,POINT (-126.87014870736064 50.18678803359748),50.186800000000005,-126.87010000000001,260.0,V92443,2018,Full,Fire
1172,POINT (-125.54189995917677 51.973672083046),51.9737,-125.54190000000001,1386.16,C52646,2018,Full,Fire
1173,POINT (-123.89831676273468 53.10882235695607),53.1088,-123.8983,370.0,C12637,2018,Full,Fire
1174,POINT (-123.52540005828176 53.17313903975489),53.173100000000005,-123.5254,8277.5,C12328,2018,Full,Fire
1175,POINT (-122.81013313588399 52.783005784987346),52.783,-122.8101,4636.0,C12302,2018,Full,Fire
1176,POINT (-125.20185023615728 52.92050548324394),52.920500000000004,-125.2018,12284.0,C11837,2018,Full,Fire
1177,POINT (-124.71571422040732 50.289823271005595),50.2898,-124.71570000000001,658.0,V52889,2018,Modified,Fire
1178,POINT (-123.79038578063053 57.903072780951206),57.9031,-123.7904,530.0,G90138,2018,Modified,Fire
1179,POINT (-121.98410287528492 56.509306237766125),56.5093,-121.98410000000001,164.12,G80085,2018,Full,Fire
1180,POINT (-122.11736687938868 54.24193922295079),54.2419,-122.1174,112.4,G13085,2018,Full,Fire
1181,POINT (-127.38298659299052 58.93495526692163),58.935,-127.38300000000001,509.32,G90410,2019,Monitor,Fire
1182,POINT (-131.93588734342063 59.12988790847679),59.129900000000006,-131.9359,400.0,R90894,2019,Full,Fire
1183,POINT (-120.87994882338539 50.75637260609028),50.7564,-120.8799,200.0,K20487,2019,Full,Fire
1184,POINT (-128.6357538112176 59.57108840860321),59.5711,-128.6357,1935.0,R90376,2019,Full,Fire
1185,POINT (-132.02303028877552 57.8689201767862),57.868900000000004,-132.023,4600.0,R91233,2019,Monitor,Fire
1186,POINT (-131.2401527722854 57.04340469753353),57.043400000000005,-131.2401,102.0,R90918,2019,Monitor,Fire
1187,POINT (-119.69239814682965 49.068089322537936),49.0681,-119.6924,403.0,K51089,2019,Full,Fire
1188,POINT (-134.37150446416086 59.43007086572701),59.4301,-134.3715,1197.0,R90881,2019,Modified,Fire
1189,POINT (-130.59828591491183 56.74095479134945),56.741,-130.5983,190.0,R90900,2019,Full,Fire
1190,POINT (-120.42935163117089 58.20483959519168),58.204800000000006,-120.42930000000001,650.0,G80321,2019,Full,Fire
1191,POINT (-124.27301992856302 59.85617240093173),59.8562,-124.27300000000001,5602.0,G90363,2019,Full,Fire
1192,POINT (-121.66288437020643 56.44513938086056),56.445100000000004,-121.66290000000001,300.0,G80260,2019,Full,Fire
1193,POINT (-119.50518149497748 49.25630602084111),49.2563,-119.5052,2632.0,K51244,2019,Full,Fire
1194,POINT (-124.79426775211475 54.04322226513687),54.043200000000006,-124.7943,236.0,G40226,2019,Full,Fire
1195,POINT (-120.27914853568473 50.125039312571545),50.125,-120.2791,112.0,K60058,2019,Full,Fire
1196,POINT (-119.64984813148575 49.04012265910462),49.0401,-119.6498,507.0,K50271,2019,Full,Fire
1197,POINT (-123.26153233726951 49.888955618479024),49.889,-123.26150000000001,203.0,V30067,2020,Full,Fire
1198,POINT (-118.65222868482236 48.91135639697874),48.9114,-118.65220000000001,926.0,N61684,2020,,Nuisance Fire
1199,POINT (-124.53644651782973 50.84765410232691),50.8476,-124.5364,388.0,V51227,2020,Monitor,Fire
1200,POINT (-117.69618158145671 49.58167124433533),49.581700000000005,-117.6962,1302.0,N51250,2020,Full,Fire
1201,POINT (-122.50383030483091 50.2067051225077),50.206700000000005,-122.50380000000001,367.5,V31179,2020,Full,Fire
1202,POINT (-117.0297844163813 49.81522243357953),49.815200000000004,-117.02980000000001,1160.0,N71114,2020,Monitor,Fire
1203,POINT (-119.55136837715911 49.4100211249906),49.410000000000004,-119.5514,2122.5,K51287,2020,Full,Fire
1204,POINT (-116.1429282092879 50.06795764868624),50.068000000000005,-116.14290000000001,7645.0,N21257,2020,Full,Fire
1205,POINT (-121.45408427242417 56.23612437050744),56.2361,-121.45410000000001,114.0,G80116,2020,Full,Fire
1206,POINT (-125.73288541088911 56.454472484670134),56.4545,-125.7329,435.0,G62563,2021,Full,Fire
1207,POINT (-119.71343201622298 49.81438902865143),49.8144,-119.71340000000001,976.0,K52627,2021,Full,Fire
1208,POINT (-119.53401486240294 49.361573023774646),49.3616,-119.534,10597.0,K51794,2021,Full,Fire
1209,POINT (-129.29313663367026 57.866787981954104),57.866800000000005,-129.2931,7493.8,R91496,2021,Monitor,Fire
1210,POINT (-119.48618178139904 49.08920601377539),49.089200000000005,-119.48620000000001,19335.0,K52061,2021,Full,Fire
1211,POINT (-120.67458201513837 49.18583888534568),49.1858,-120.67460000000001,14735.300000000001,K62088,2021,Full,Fire
1212,POINT (-121.10409824044687 49.741988864279435),49.742000000000004,-121.1041,19660.7,K61882,2021,Full,Fire
1213,POINT (-121.22553230683964 49.91122285846287),49.9112,-121.22550000000001,244.0,K62058,2021,Modified,Fire
1214,POINT (-118.25453197110957 50.610339240500174),50.6103,-118.25450000000001,462.0,K42139,2021,Modified,Fire
1215,POINT (-118.27394796423128 50.572889236034534),50.572900000000004,-118.27390000000001,1122.0,K42140,2021,Modified,Fire
1216,POINT (-118.36546500521261 50.659106230341905),50.6591,-118.36550000000001,101.0,K42129,2021,Modified,Fire
1217,POINT (-120.2466819376518 49.16897293290553),49.169000000000004,-120.2467,400.0,K51845,2021,Modified,Fire
1218,POINT (-118.90888189988645 49.92053912620537),49.920500000000004,-118.9089,1140.0,K51041,2021,Full,Fire
1219,POINT (-121.21054930734496 53.11805600030708),53.118100000000005,-121.21050000000001,1758.0,C11805,2021,Monitor,Fire
1220,POINT (-117.24393180211888 50.70012336189562),50.7001,-117.24390000000001,248.0,N71875,2021,Modified,Fire
1221,POINT (-116.80808161465754 50.33710639052503),50.3371,-116.80810000000001,956.0,N72278,2021,Modified,Fire
1222,POINT (-116.61264752990495 50.16982340220391),50.1698,-116.6126,1075.0,N71793,2021,Modified,Fire
1223,POINT (-117.21809575163162 50.539099355665876),50.539100000000005,-117.2181,189.0,N72185,2021,Monitor,Fire
1224,POINT (-118.35448163982409 49.33498915514876),49.335,-118.3545,7431.0,N61687,2021,Modified,Fire
1225,POINT (-118.42994798577726 50.5476062164646),50.5476,-118.4299,117.0,K42214,2021,Full,Fire
1226,POINT (-118.71194818164264 51.03852321006455),51.0385,-118.7119,420.0,K41656,2021,Modified,Fire
1227,POINT (-120.61054853990929 51.08235598679027),51.0824,-120.6105,141.0,K21433,2021,Monitor,Fire
1228,POINT (-120.51574823319439 50.08342294982259),50.083400000000005,-120.51570000000001,839.0,K60064,2021,Full,Fire
1229,POINT (-121.89631570983322 50.906005824731494),50.906000000000006,-121.89630000000001,44964.200000000004,K71030,2021,Full,Fire
1230,POINT (-121.5832324570996 50.22605583144108),50.2261,-121.5832,83671.3,K71086,2021,Full,Fire
1231,POINT (-126.13153425572263 53.506255375454685),53.5063,-126.1315,20750.0,R11562,2021,Modified,Fire
1232,POINT (-116.43468141664138 49.87887340345612),49.8789,-116.4347,146.0,N11960,2021,Monitor,Fire
1233,POINT (-121.19916909847706 59.43007311761785),59.4301,-121.1992,167.0,G92303,2021,Monitor,Fire
1234,POINT (-120.54605205052175 59.58152327444039),59.581500000000005,-120.546,100.0,G91065,2021,Monitor,Fire
1235,POINT (-118.67896503743678 50.56280618842653),50.5628,-118.679,4733.0,K41561,2021,Modified,Fire
1236,POINT (-118.47003198442522 50.51585620976495),50.5159,-118.47,1265.0,K41651,2021,Full,Fire
1237,POINT (-118.57218202864723 50.60333920285169),50.603300000000004,-118.57220000000001,623.0,K41384,2021,Modified,Fire
1238,POINT (-118.92591536786433 51.523739209816306),51.523700000000005,-118.9259,167.0,K42399,2021,Modified,Fire
1239,POINT (-117.60786496209775 51.01052333751343),51.0105,-117.6079,120.0,N52172,2021,Monitor,Fire
1240,POINT (-118.1099816814176 49.66623920248424),49.6662,-118.11,500.0,N51317,2021,Modified,Fire
1241,POINT (-118.42583207895335 50.87085623448821),50.8709,-118.42580000000001,682.0,K41921,2021,Modified,Fire
1242,POINT (-118.82319821528384 51.08110619905831),51.0811,-118.8232,4359.0,K41769,2021,Full,Fire
1243,POINT (-118.90801525352114 51.1594391937796),51.159400000000005,-118.908,3355.0,K41676,2021,Full,Fire
1244,POINT (-117.46439755129649 49.632373273200386),49.632400000000004,-117.46440000000001,6023.0,N51705,2021,Full,Fire
1245,POINT (-118.63708185224787 49.93145615840588),49.9315,-118.6371,5080.5,K42042,2021,Modified,Fire
1246,POINT (-120.98565209390684 59.39225620800785),59.392300000000006,-120.9856,566.0,G92297,2021,Monitor,Fire
1247,POINT (-126.97051979912966 58.8236723272042),58.8237,-126.9705,400.0,G91588,2021,Monitor,Fire
1248,POINT (-118.1862316749776 49.58652318891892),49.5865,-118.1862,14032.0,N51765,2021,Full,Fire
1249,POINT (-118.42306497184327 50.50540621528753),50.5054,-118.4231,160.0,K42137,2021,Full,Fire
1250,POINT (-118.0476146861154 49.72448921264377),49.7245,-118.0476,22049.0,N51800,2021,Modified,Fire
1251,POINT (-117.28684754390335 49.73163929879062),49.7316,-117.2868,2359.0,N51724,2021,Monitor,Fire
1252,POINT (-118.45721510530325 50.94255623478071),50.942600000000006,-118.4572,498.0,K41807,2021,Modified,Fire
1253,POINT (-116.30084752296204 50.36828945004276),50.368300000000005,-116.30080000000001,103.0,N22147,2021,Full,Fire
1254,POINT (-124.58435075776354 55.38917262414435),55.3892,-124.5843,8412.0,G61132,2021,Modified,Fire
1255,POINT (-115.45084704044997 49.18670646605336),49.1867,-115.4508,286.0,N12620,2021,Full,Fire
1256,POINT (-116.29151425275784 49.360473386244266),49.3605,-116.2915,910.0,N71743,2021,Monitor,Fire
1257,POINT (-116.67639735360113 49.461589349844935),49.461600000000004,-116.6764,3795.0,N71686,2021,Modified,Fire
1258,POINT (-120.8122325238231 50.90955595542404),50.909600000000005,-120.8122,95980.0,K21001,2021,Full,Fire
1259,POINT (-126.13790059895543 54.39868839316531),54.398700000000005,-126.1379,181.9,R11557,2021,Full,Fire
1260,POINT (-120.04331509096902 49.87402299404329),49.874,-120.0433,871.0,K51924,2021,Full,Fire
1261,POINT (-125.71085156171091 56.787005491753),56.787000000000006,-125.7108,7770.0,G61381,2021,Modified,Fire
1262,POINT (-125.02231826565348 56.3876725826701),56.3877,-125.0223,10678.0,G61199,2021,Monitor,Fire
1263,POINT (-126.94825058566158 54.06038827789637),54.0604,-126.9482,200.0,R21558,2021,Full,Fire
1264,POINT (-121.86501805977218 57.14283903733734),57.1428,-121.86500000000001,3359.0,G81007,2021,Full,Fire
1265,POINT (-125.5020182999982 56.28933851391148),56.289300000000004,-125.50200000000001,16314.0,G61316,2021,Modified,Fire
1266,POINT (-121.02524834774181 50.173722894453725),50.173700000000004,-121.02520000000001,100.0,K60293,2021,Full,Fire
1267,POINT (-122.86468550010636 57.795672850962625),57.795700000000004,-122.8647,3470.0,G91020,2021,Full,Fire
1268,POINT (-120.42324899857653 52.62935607902167),52.629400000000004,-120.42320000000001,1512.0,C31947,2021,Monitor,Fire
1269,POINT (-120.71493300040433 52.47800603658116),52.478,-120.7149,332.0,C32369,2021,Modified,Fire
1270,POINT (-116.62593135994013 49.52292335972376),49.5229,-116.6259,1130.0,N11795,2021,Monitor,Fire
1271,POINT (-115.62781422109597 49.74603948500935),49.746,-115.62780000000001,2990.0,N11629,2021,Modified,Fire
1272,POINT (-116.51029741429608 49.815806391651826),49.8158,-116.5103,312.0,N12156,2021,Monitor,Fire
1273,POINT (-125.67448682271056 52.486249300732425),52.486200000000004,-125.67450000000001,1533.0,C51355,2021,Modified,Fire
1274,POINT (-122.2370829282836 51.430005806063036),51.43,-122.23710000000001,12040.0,C21250,2021,Modified,Fire
1275,POINT (-124.54335092178103 55.788172637807556),55.7882,-124.5433,13659.0,G61192,2021,Full,Fire
1276,POINT (-125.5572999641231 52.94317243772537),52.943200000000004,-125.55730000000001,233.67000000000002,C52323,2021,Modified,Fire
1277,POINT (-125.64368389676632 52.712838420203944),52.7128,-125.64370000000001,924.0,C51606,2021,Modified,Fire
1278,POINT (-121.04208309586461 52.58408899999353),52.5841,-121.0421,327.0,C31115,2021,Modified,Fire
1279,POINT (-117.09681506184558 51.67738943510172),51.677400000000006,-117.0968,107.0,N42161,2021,Modified,Fire
1280,POINT (-117.81809820677968 51.687873350282985),51.6879,-117.8181,210.0,N42162,2021,Modified,Fire
1281,POINT (-118.13006498257833 50.73553926198941),50.7355,-118.1301,103.0,N42210,2021,Modified,Fire
1282,POINT (-118.64926479905496 49.72887314528555),49.7289,-118.64930000000001,184.0,N62459,2021,Full,Fire
1283,POINT (-116.71509786487958 51.27205645710183),51.2721,-116.7151,445.0,N42094,2021,Modified,Fire
1284,POINT (-115.4299311568704 49.655623500730854),49.6556,-115.4299,540.0,N11958,2021,Monitor,Fire
1285,POINT (-118.33798235464877 51.84193929648322),51.8419,-118.33800000000001,911.0,N41814,2021,Modified,Fire
1286,POINT (-117.35163176040913 50.47680633657291),50.476800000000004,-117.3516,522.0,N71813,2021,Monitor,Fire
1287,POINT (-120.90894898143172 52.31293900593031),52.3129,-120.9089,609.0,C31295,2021,Monitor,Fire
1288,POINT (-120.59351670245943 54.50417313027134),54.504200000000004,-120.5935,6500.0,G72511,2021,,Fire
1289,POINT (-120.51333389549207 55.03557315980728),55.0356,-120.5133,2512.0,G72463,2021,Full,Fire
1290,POINT (-117.30881505768102 51.52492340139312),51.5249,-117.3088,115.0,N41804,2021,Full,Fire
1291,POINT (-120.70818242148442 50.62317295339283),50.623200000000004,-120.7082,289.5,K21232,2021,Full,Fire
1292,POINT (-119.52379846427085 51.47658913666334),51.476600000000005,-119.52380000000001,832.0,K22007,2021,Modified,Fire
1293,POINT (-119.40533931184419 51.409412256939845),51.409400000000005,-119.40530000000001,219.0,K21478,2021,Full,Fire
1294,POINT (-119.71979859912882 51.79395612780047),51.794000000000004,-119.7198,358.0,K21361,2021,Full,Fire
1295,POINT (-119.9537328060819 52.30375612278298),52.3038,-119.95370000000001,2169.0,K22230,2021,Monitor,Fire
1296,POINT (-120.00193236703817 50.86433904883612),50.8643,-120.0019,991.0,K21644,2021,Full,Fire
1297,POINT (-120.4051326832001 51.66672303941526),51.666700000000006,-120.4051,395.0,K21867,2021,Monitor,Fire
1298,POINT (-119.39334840056618 51.34853914583639),51.3485,-119.39330000000001,16534.0,K21658,2021,Full,Fire
1299,POINT (-119.76168256879326 51.67397311716306),51.674,-119.7617,582.0,K22068,2021,Full,Fire
1300,POINT (-119.01434841351347 51.62107320433021),51.621100000000006,-119.0143,481.6,K21809,2021,Monitor,Fire
1301,POINT (-120.23179876052959 52.0097560755262),52.009800000000006,-120.2318,111.0,K22218,2021,Monitor,Fire
1302,POINT (-118.92551553640413 52.06278923697718),52.0628,-118.9255,163.0,K22197,2021,Monitor,Fire
1303,POINT (-119.77301548450949 51.39175610264604),51.3918,-119.77300000000001,192.5,K21890,2021,Monitor,Fire
1304,POINT (-117.54383212221057 51.588123377870986),51.588100000000004,-117.5438,457.0,N41221,2021,Modified,Fire
1305,POINT (-121.20179851876979 50.66217289719236),50.662200000000006,-121.2018,63547.700000000004,K21849,2021,Full,Fire
1306,POINT (-126.031099781192 52.21148835732333),52.2115,-126.03110000000001,297.0,VA1545,2021,Modified,Fire
1307,POINT (-120.34734911170858 53.00145610393986),53.0015,-120.3473,237.0,G31653,2021,Monitor,Fire
1308,POINT (-119.42306583235582 52.6854732052405),52.685500000000005,-119.4231,200.0,G31934,2021,Modified,Fire
1309,POINT (-125.00851746263177 54.49730554775145),54.4973,-125.00850000000001,310.8,G51748,2021,Full,Fire
1310,POINT (-116.88133135625368 49.31625631818899),49.316300000000005,-116.88130000000001,7589.0,N71245,2021,Modified,Fire
1311,POINT (-120.92289863505725 51.21247295590238),51.212500000000006,-120.92290000000001,7453.0,C41097,2021,Full,Fire
1312,POINT (-123.38988351815266 52.64520570679274),52.6452,-123.38990000000001,760.0,C11179,2021,Monitor,Fire
1313,POINT (-118.56996535047413 51.68580626105856),51.6858,-118.57000000000001,430.0,N41254,2021,Modified,Fire
1314,POINT (-120.85993279410638 51.75928898777518),51.7593,-120.85990000000001,3049.0,C41100,2021,Full,Fire
1315,POINT (-124.81398408811842 53.59953855162514),53.5995,-124.81400000000001,33418.0,G41269,2021,Full,Fire
1316,POINT (-123.73863390828052 53.58192269166255),53.581900000000005,-123.7386,4891.0,G41711,2021,Full,Fire
1317,POINT (-120.86779873836082 51.57928897858024),51.5793,-120.8678,652.0,C41102,2021,Full,Fire
1318,POINT (-123.01568544103154 57.49717288360591),57.4972,-123.01570000000001,6398.5,G80997,2021,Modified,Fire
1319,POINT (-120.78139876322928 51.70555599493467),51.705600000000004,-120.7814,330.0,C41515,2021,Full,Fire
1320,POINT (-123.97401691596558 53.50045565871905),53.5005,-123.974,1451.0,G11126,2021,Full,Fire
1321,POINT (-121.25149999671689 54.94327305951921),54.9433,-121.25150000000001,3380.0,G71138,2021,Full,Fire
1322,POINT (-120.07739854770001 50.30250601239684),50.3025,-120.07740000000001,83342.0,K61884,2021,Full,Fire
1323,POINT (-121.61696584300907 51.493722884167745),51.493700000000004,-121.617,73862.0,C41602,2021,Modified,Fire
1324,POINT (-121.24116692682404 54.77248905495997),54.7725,-121.2412,258.0,G71134,2021,,Fire
1325,POINT (-121.8413483022221 49.51550576809885),49.5155,-121.8413,256.0,V12262,2021,Full,Fire
1326,POINT (-123.92221682266481 53.26608865851897),53.2661,-123.9222,8100.0,C11491,2021,Full,Fire
1327,POINT (-121.66113234820271 49.79195580210326),49.792,-121.6611,152.0,V12329,2021,Modified,Fire
1328,POINT (-121.58621536731569 49.90672281670134),49.9067,-121.5862,405.0,V12269,2021,Modified,Fire
1329,POINT (-121.64539834696593 49.798222803840304),49.7982,-121.64540000000001,105.0,V12312,2021,Monitor,Fire
1330,POINT (-121.79271533998195 49.682672781842776),49.682700000000004,-121.79270000000001,465.0,V12270,2021,Modified,Fire
1331,POINT (-121.45271538535097 50.049455838444985),50.0495,-121.45270000000001,5097.900000000001,V11669,2021,Monitor,Fire
1332,POINT (-120.8414658373022 51.90573899642765),51.9057,-120.84150000000001,3006.0,C41191,2021,Full,Fire
1333,POINT (-121.05106625580086 53.051089018042745),53.051100000000005,-121.0511,395.0,C11753,2021,Monitor,Fire
1334,POINT (-118.58254836036629 51.71177326075186),51.711800000000004,-118.58250000000001,300.0,N42008,2021,Modified,Fire
1335,POINT (-120.89674885035531 51.91790599004847),51.9179,-120.89670000000001,1600.0,C41395,2021,Full,Fire
1336,POINT (-121.43451462019385 51.23479700547227),51.2348,-121.4345,454.0,C41866,2021,Full,Fire
1337,POINT (-125.24905073275731 55.07263852744319),55.0726,-125.24900000000001,150.0,G51212,2021,Full,Fire
1338,POINT (-120.99274887328266 51.93303897924125),51.933,-120.9927,636.0,C41147,2021,Full,Fire
1339,POINT (-121.56566544112685 50.17758883141422),50.177600000000005,-121.5657,5017.1,K70804,2021,Full,Fire
1340,POINT (-119.36051508273086 50.281873094676214),50.2819,-119.3605,100.0,K40004,2021,Full,Fire
1341,POINT (-120.25996519412344 50.10462298024973),50.104600000000005,-120.26,500.0,K60230,2021,Monitor,Fire
1342,POINT (-119.65239790558083 49.44875601560617),49.448800000000006,-119.6524,227.0,K52739,2021,Full,Fire
1343,POINT (-125.08238358645102 52.05395547421283),52.054,-125.0824,7195.0,C51290,2021,Full,Fire
1344,POINT (-122.4928004594318 55.529338910886516),55.5293,-122.4928,2542.0,G72591,2021,Full,Fire
1345,POINT (-120.89549822841926 49.82923889317896),49.8292,-120.89550000000001,500.0,K62615,2021,Full,Fire
1346,POINT (-119.76459791832022 49.42042300127099),49.4204,-119.7646,166.0,K52762,2021,Full,Fire
1347,POINT (-118.98276515984124 50.79520616529681),50.7952,-118.98280000000001,2499.0,K42078,2021,Full,Fire
1348,POINT (-120.89553296468954 52.26845600558165),52.2685,-120.89550000000001,1834.0,C31056,2021,Full,Fire
1349,POINT (-123.58356766430929 55.56325576438811),55.563300000000005,-123.5836,100.0,G62734,2022,Full,Fire
1350,POINT (-134.11755445052808 59.999087228464994),59.999100000000006,-134.1175,150.0,R90539,2022,Full,Fire
1351,POINT (-131.28425373972877 59.38548767608795),59.3855,-131.2842,1100.0,R90474,2022,Monitor,Fire
1352,POINT (-127.04840040767525 53.55213825548497),53.5521,-127.0484,330.0,R21934,2022,Modified,Fire
1353,POINT (-121.60271546547831 50.24078883032422),50.2408,-121.60270000000001,4564.0,K70580,2022,Modified,Fire
1354,POINT (-129.45227071368924 59.7615719531075),59.7616,-129.4523,12330.0,R90436,2022,Modified,Fire
1355,POINT (-116.8010975850246 50.233173384801034),50.233200000000004,-116.8011,177.0,N72254,2022,Monitor,Fire
1356,POINT (-116.8586975454608 50.045739366863415),50.045700000000004,-116.8587,1106.0,N71980,2022,Modified,Fire
1357,POINT (-122.37543282335986 51.014705771715334),51.014700000000005,-122.3754,4683.0,K71995,2022,Modified,Fire
1358,POINT (-115.70536450667844 50.736756540078424),50.7368,-115.70540000000001,1333.0,N20881,2022,Modified,Fire
1359,POINT (-116.54629740504936 49.752723383025575),49.752700000000004,-116.5463,111.0,N12113,2022,Monitor,Fire
1360,POINT (-114.71193084445494 49.00170653271679),49.0017,-114.7119,1245.51,N11062,2022,,Fire
1361,POINT (-116.32634739265858 49.86793941512337),49.867900000000006,-116.3263,110.0,N10931,2022,,Fire
1362,POINT (-116.75418147581432 49.86397336739764),49.864000000000004,-116.75420000000001,104.0,N72196,2022,Monitor,Fire
1363,POINT (-118.31079800673223 50.699739239044504),50.6997,-118.3108,270.0,K40937,2022,Modified,Fire
1364,POINT (-122.1234486514873 50.58283878391718),50.5828,-122.1234,1201.0,K71717,2022,Modified,Fire
1365,POINT (-122.20863255360256 50.19543875665148),50.1954,-122.2086,3012.0,K71440,2022,Monitor,Fire
1366,POINT (-118.32613199268518 50.641006233462434),50.641000000000005,-118.32610000000001,286.0,K42324,2022,Modified,Fire
1367,POINT (-121.68939867853933 50.919838850618184),50.9198,-121.6894,997.0,K70927,2022,Full,Fire
1368,POINT (-115.61653110560736 49.30863945615512),49.308600000000006,-115.6165,1719.2,N10989,2022,,Fire
1369,POINT (-122.20954854258056 50.157288754287954),50.1573,-122.2095,787.0,K72080,2022,Monitor,Fire
1370,POINT (-117.07584754491212 49.89000633270793),49.89,-117.0758,1924.0,N70969,2022,Modified,Fire
1371,POINT (-116.89544762459627 50.30857337832724),50.308600000000006,-116.89540000000001,265.5,N72255,2022,Full,Fire
1372,POINT (-118.0850981057962 51.18298929141151),51.183,-118.08510000000001,379.0,N41057,2022,Modified,Fire
1373,POINT (-117.31243152657274 49.6496562913806),49.6497,-117.31240000000001,660.0,N72263,2022,Full,Fire
1374,POINT (-122.03429855457176 50.29912278192152),50.2991,-122.0343,357.0,K72076,2022,Monitor,Fire
1375,POINT (-117.08419736294502 49.1916892872887),49.191700000000004,-117.08420000000001,294.0,N71281,2022,Monitor,Fire
1376,POINT (-117.13076441219567 49.348706292585206),49.3487,-117.13080000000001,796.0,N51881,2022,Monitor,Fire
1377,POINT (-127.81923633597 57.701872197980876),57.7019,-127.81920000000001,324.0,R90464,2022,Monitor,Fire
1378,POINT (-120.93324812502985 49.42908886802162),49.429100000000005,-120.9332,182.0,K62235,2022,Modified,Fire
1379,POINT (-119.8207982447237 49.36700599160784),49.367000000000004,-119.8208,7042.0,K50863,2022,Full,Fire
1380,POINT (-121.15943206092292 49.04058882234946),49.040600000000005,-121.1594,1250.0,V11952,2022,,Fire
1381,POINT (-125.98489904271071 49.86647229357142),49.8665,-125.98490000000001,358.0,V82307,2022,Modified,Fire
1382,POINT (-122.03701549001879 50.07100577119572),50.071000000000005,-122.037,895.0,V11595,2022,Monitor,Fire
1383,POINT (-120.73161498025429 49.011472869312044),49.011500000000005,-120.7316,14970.0,V11746,2022,,Fire
1384,POINT (-121.013482065713 49.15467284490303),49.154700000000005,-121.01350000000001,282.0,V12211,2022,,Fire
1385,POINT (-125.6980489538548 49.70112232243135),49.701100000000004,-125.69800000000001,350.0,V81666,2022,Monitor,Fire
1386,POINT (-125.7300159457493 49.65588831726193),49.6559,-125.73,248.0,V81461,2022,Monitor,Fire
1387,POINT (-121.43834809407021 48.99225578853557),48.9923,-121.43830000000001,1200.0,V12079,2022,,Fire
1388,POINT (-121.48971516458023 49.221422793638126),49.2214,-121.4897,167.0,V11888,2022,,Fire
1389,POINT (-121.84196534962922 49.68623877646229),49.6862,-121.842,360.0,V12576,2022,,Fire
1390,POINT (-121.31878208824867 49.04343880467419),49.043400000000005,-121.31880000000001,215.0,V11912,2022,,Fire
1391,POINT (-122.23765030641519 55.268972938309105),55.269000000000005,-122.2376,101.0,G71706,2022,Monitor,Fire
1392,POINT (-116.32373130986751 49.55753939530581),49.557500000000005,-116.3237,422.0,N11134,2022,Modified,Fire
1393,POINT (-117.80814767641584 49.855889247637634),49.855900000000005,-117.80810000000001,333.91,N51956,2022,Modified,Fire
1394,POINT (-117.8456479556113 50.83108930055857),50.8311,-117.8456,296.0,N41661,2022,Modified,Fire
1395,POINT (-118.0950481197735 51.2252062931902),51.2252,-118.095,243.0,N41724,2022,Monitor,Fire
1396,POINT (-125.7201852394358 56.077505480063635),56.0775,-125.7202,713.0,G61701,2022,Modified,Fire
1397,POINT (-119.8518825094068 51.42793909476934),51.4279,-119.8519,309.0,K20943,2022,Modified,Fire
1398,POINT (-120.0221021678564 59.981723357381235),59.981700000000004,-120.02210000000001,488.11,G90274,2022,Monitor,Fire
1399,POINT (-122.49880052631543 55.684372914781186),55.684400000000004,-122.4988,1793.0,G71778,2022,Monitor,Fire
1400,POINT (-122.94068479907845 56.13733886548518),56.1373,-122.9407,1661.7,G60782,2022,Monitor,Fire
1401,POINT (-120.53774844730424 50.813172983294216),50.8132,-120.5377,268.0,K20872,2022,Full,Fire
1402,POINT (-119.73151550348065 51.48005611192764),51.4801,-119.73150000000001,385.8,K21279,2022,Monitor,Fire
1403,POINT (-115.67806406295173 49.096223434770046),49.0962,-115.6781,248.0,N11064,2022,,Fire
1404,POINT (-127.58818675975552 58.575788235670544),58.5758,-127.5882,1608.0,G90313,2022,,Fire
1405,POINT (-118.05033211787807 51.24615629880737),51.2462,-118.05030000000001,157.0,N41641,2022,Modified,Fire
1406,POINT (-126.6955203320147 59.83147237217489),59.831500000000005,-126.69550000000001,944.8000000000001,G90789,2022,Monitor,Fire
1407,POINT (-124.73008315579305 50.875155480175884),50.8752,-124.73010000000001,258.0,V50368,2022,Modified,Fire
1408,POINT (-120.5400498974763 55.0285561554621),55.028600000000004,-120.54,6499.0,G72178,2022,Full,Fire
1409,POINT (-122.71901770222289 56.00429589281167),56.0043,-122.71900000000001,34753.0,G72150,2022,Full,Fire
1410,POINT (-122.0366843793684 55.53117297247802),55.531200000000005,-122.03670000000001,213.0,G71148,2022,Full,Fire
1411,POINT (-120.99234986731953 54.739506086801434),54.7395,-120.9923,2300.0,G72252,2022,Monitor,Fire
1412,POINT (-121.25629994174422 54.80542305410088),54.805400000000006,-121.25630000000001,456.0,G72672,2022,Monitor,Fire
1413,POINT (-121.86999843780617 49.986655786518924),49.9867,-121.87,124.0,V12158,2022,Monitor,Fire
1414,POINT (-122.37735127609642 57.39717297162748),57.397200000000005,-122.3773,545.0,G80265,2022,Full,Fire
1415,POINT (-123.91003604082758 58.36980577088264),58.369800000000005,-123.91,1500.0,G92591,2022,Monitor,Fire
1416,POINT (-123.55178445706049 57.332388805517986),57.3324,-123.5518,154.6,G82535,2022,Monitor,Fire
1417,POINT (-123.6530185363049 57.45930579341462),57.459300000000006,-123.653,2484.3,G82427,2022,Monitor,Fire
1418,POINT (-123.44808559577943 57.655722826080094),57.6557,-123.44810000000001,900.0,G92687,2022,Monitor,Fire
1419,POINT (-123.4990686415799 57.72955581936213),57.729600000000005,-123.49910000000001,1000.0,G92640,2022,,Fire
1420,POINT (-121.83735061045928 56.160839016591396),56.1608,-121.8373,102.0,G70213,2022,Full,Fire
1421,POINT (-118.30541454597501 49.010639140958276),49.010600000000004,-118.3054,203.0,N62637,2022,,Fire
1422,POINT (-121.50998220346848 49.35722279813001),49.3572,-121.51,845.0,V12335,2022,,Fire
1423,POINT (-123.83285284760112 59.85592279976676),59.855900000000005,-123.8328,100.0,G92683,2022,Full,Fire
1424,POINT (-117.86616498817968 50.928156303220895),50.928200000000004,-117.8662,360.0,N41303,2022,Monitor,Fire
1425,POINT (-124.15481641575788 51.97492258842467),51.974900000000005,-124.15480000000001,248.0,C52648,2022,Full,Fire
1426,POINT (-123.17701627879958 52.03513871280179),52.0351,-123.177,209.0,C50100,2023,Full,Fire
1427,POINT (-117.2390147713189 50.59470635643198),50.5947,-117.239,150.0,N72440,2023,Monitor,Duplicate
1428,POINT (-121.91018257553847 50.44260580336511),50.442600000000006,-121.9102,116.34,K71415,2023,Modified,Fire
1429,POINT (-134.25227128257552 59.704054212611545),59.704100000000004,-134.25230000000002,2253.27,R91184,2023,Modified,Fire
1430,POINT (-115.71419720311397 49.610206466089764),49.6102,-115.7142,4644.1,N11805,2023,Full,Fire
1431,POINT (-126.27714933611578 49.592588580138106),49.592600000000004,-126.2771,425.0,V82787,2023,Monitor,Fire
1432,POINT (-124.61473267768213 49.283355434972655),49.2834,-124.6147,229.0,V70600,2023,Full,Fire
1433,POINT (-125.73979968745128 52.06155539099526),52.061600000000006,-125.7398,1708.0,VA1462,2023,Monitor,Fire
1434,POINT (-126.69080045127998 53.80763830787705),53.8076,-126.69080000000001,4360.0,R21673,2023,Full,Fire
1435,POINT (-123.44926590256412 50.69783862960254),50.6978,-123.44930000000001,1915.0,V31300,2023,Monitor,Fire
1436,POINT (-122.3861987246448 50.6806227562678),50.680600000000005,-122.3862,11284.0,K71535,2023,Full,Fire
1437,POINT (-116.47953172162222 50.94367346500298),50.9437,-116.4795,960.0,N22370,2023,Full,Fire
1438,POINT (-119.95251487617354 49.1341229638158),49.134100000000004,-119.9525,480.0,K51680,2023,Monitor,Fire
1439,POINT (-122.04396555825194 50.307888780894125),50.307900000000004,-122.04400000000001,480.37,K73066,2023,Monitor,Fire
1440,POINT (-129.59377066201114 59.642104932168444),59.642100000000006,-129.59380000000002,60064.12,R91162,2023,Modified,Fire
1441,POINT (-126.33086711603026 53.04250533924122),53.042500000000004,-126.3309,40580.0,VA1381,2023,Monitor,Fire
1442,POINT (-125.7293837611134 52.28442239788341),52.284400000000005,-125.72940000000001,4616.400000000001,VA1456,2023,Monitor,Fire
1443,POINT (-127.5990173234001 53.11400517452027),53.114000000000004,-127.599,512.0,R51711,2023,Monitor,Fire
1444,POINT (-116.61488151834473 50.12300639885266),50.123000000000005,-116.6149,383.0,N72824,2023,Modified,Fire
1445,POINT (-116.84208159424149 50.235906380175514),50.2359,-116.8421,709.0,N71835,2023,Modified,Fire
1446,POINT (-129.02785733716178 57.35857802070113),57.3586,-129.0278,762.36,R90857,2023,Modified,Fire
1447,POINT (-127.65205219869691 57.48010522098023),57.4801,-127.652,14460.07,R90877,2023,Modified,Fire
1448,POINT (-115.37423137217837 50.49558956234265),50.4956,-115.3742,711.0,N22508,2023,Modified,Fire
1449,POINT (-122.52848778354314 50.80204074491566),50.802,-122.52850000000001,241.0,K71658,2023,Modified,Fire
1450,POINT (-122.9739328735916 50.85613869272073),50.856100000000005,-122.9739,9565.0,K71649,2023,Full,Fire
1451,POINT (-126.63081734111971 53.536505310707724),53.536500000000004,-126.63080000000001,330.0,R11725,2023,Monitor,Fire
1452,POINT (-121.71513251420576 50.34742282137852),50.3474,-121.7151,4734.3,K71634,2023,Full,Fire
1453,POINT (-125.90573386593483 52.51205538180258),52.512100000000004,-125.90570000000001,3360.0,VA1735,2023,Monitor,Fire
1454,POINT (-117.4749818660176 50.767089339737616),50.7671,-117.47500000000001,413.0,N52009,2023,Modified,Fire
1455,POINT (-117.55876510646296 51.52353937193436),51.523500000000006,-117.5588,644.0,N42390,2023,Monitor,Fire
1456,POINT (-125.20315010085675 53.47137249751604),53.4714,-125.2031,203.8,R11592,2023,Monitor,Fire
1457,POINT (-122.02438257173138 50.364722785893655),50.3647,-122.0244,1015.5,K72705,2023,Monitor,Fire
1458,POINT (-126.10098423475517 53.461605378799085),53.461600000000004,-126.101,2779.0,R11388,2023,Monitor,Fire
1459,POINT (-121.82584852040868 50.30467280682733),50.304700000000004,-121.8258,5021.6,K71705,2023,Modified,Fire
1460,POINT (-116.75696453684577 50.09025638064375),50.0903,-116.757,463.0,N72730,2023,Modified,Fire
1461,POINT (-125.46748449571625 54.40040548415146),54.400400000000005,-125.4675,6890.0,R11277,2023,Full,Fire
1462,POINT (-126.93975034491511 53.428555267211685),53.4286,-126.9397,419.0,R13068,2023,Monitor,Fire
1463,POINT (-126.17763447949703 54.07747238184122),54.0775,-126.17760000000001,359.0,R11238,2023,Full,Fire
1464,POINT (-125.85335021920986 53.519172412468016),53.519200000000005,-125.8533,24810.8,R11282,2023,Monitor,Fire
1465,POINT (-125.17855048024094 54.47563852432186),54.4756,-125.1785,280.0,R13124,2023,Monitor,Fire
1466,POINT (-126.78401819202742 55.59630532543038),55.5963,-126.784,239.0,R31581,2023,Full,Fire
1467,POINT (-127.50751730169445 53.08975518641924),53.089800000000004,-127.50750000000001,770.0,R51712,2023,Monitor,Fire
1468,POINT (-121.60693251497088 50.41308883770859),50.4131,-121.60690000000001,131.6,K72771,2023,Full,Fire
1469,POINT (-126.92275060351005 54.11598828238671),54.116,-126.9227,220.0,R21630,2023,Monitor,Fire
1470,POINT (-125.89433382127841 55.04085543862111),55.0409,-125.8943,168.0,R21609,2023,Monitor,Fire
1471,POINT (-126.59936752878306 54.04542232434616),54.0454,-126.5994,4762.24,R21377,2023,Full,Fire
1472,POINT (-120.46611607723077 52.83735608233375),52.8374,-120.46610000000001,241.70000000000002,C30446,2023,Monitor,Fire
1473,POINT (-120.75401599717775 52.44533903005658),52.4453,-120.754,240.15,C31349,2023,Monitor,Fire
1474,POINT (-122.0921825252135 50.16667276902957),50.166700000000006,-122.0922,651.0,K71707,2023,Modified,Fire
1475,POINT (-126.19755001691308 52.82125535126723),52.8213,-126.1975,330.0,VA2752,2023,Monitor,Fire
1476,POINT (-120.06073190481624 49.17258895398636),49.1726,-120.06070000000001,46504.200000000004,K52125,2023,Full,Fire
1477,POINT (-126.13748314458797 50.143388284806484),50.1434,-126.1375,167.4,V83078,2023,Modified,Fire
1478,POINT (-116.24284755822617 50.53433946663033),50.5343,-116.2428,3918.5,N22243,2023,Full,Fire
1479,POINT (-117.01309768711096 50.45153937392948),50.4515,-117.01310000000001,590.0,N72350,2023,Modified,Fire
1480,POINT (-117.61464777676328 50.35815629960957),50.358200000000004,-117.61460000000001,868.0,N52393,2023,Modified,Fire
1481,POINT (-123.48046638255975 52.20045568079647),52.200500000000005,-123.4805,1400.0,C51981,2023,Full,Fire
1482,POINT (-125.81423359155956 51.734738371959025),51.734700000000004,-125.8142,433.0,V93289,2023,Monitor,Fire
1483,POINT (-126.38396748619326 54.01512235278547),54.015100000000004,-126.384,6758.0,R21234,2023,Full,Fire
1484,POINT (-115.63431436370215 50.273673519282504),50.273700000000005,-115.63430000000001,5419.6,N22240,2023,Full,Fire
1485,POINT (-121.07114911140235 52.61655599798989),52.616600000000005,-121.0711,964.0,C30399,2023,Modified,Fire
1486,POINT (-117.10514766092497 50.29528935416162),50.295300000000005,-117.10510000000001,228.0,N72601,2023,Monitor,Fire
1487,POINT (-125.77159995568697 52.82688840698358),52.8269,-125.7716,100.0,VA1167,2023,Full,Fire
1488,POINT (-126.08164982802721 52.32718835447495),52.327200000000005,-126.08160000000001,115.0,VA1306,2023,Monitor,Fire
1489,POINT (-126.41530064443049 54.41015535608677),54.4102,-126.4153,2061.0,R21250,2023,Full,Fire
1490,POINT (-125.29296744545084 54.342055506052866),54.3421,-125.293,1400.0,R11378,2023,Monitor,Fire
1491,POINT (-125.64346745937223 54.235172456205845),54.235200000000006,-125.6435,8044.0,R11244,2023,Full,Fire
1492,POINT (-128.7224352763118 55.14617205107286),55.1462,-128.7224,200.0,R51336,2023,Full,Fire
1493,POINT (-127.6510173344555 53.12500516758704),53.125,-127.65100000000001,230.0,R51710,2023,Monitor,Fire
1494,POINT (-126.10020049951498 54.160122393754),54.1601,-126.1002,138.0,R11546,2023,Full,Fire
1495,POINT (-127.07116738988513 53.49925525185817),53.499300000000005,-127.0712,1255.0,R23091,2023,Monitor,Fire
1496,POINT (-126.76116765444883 54.30527230747465),54.3053,-126.7612,1444.72,R21178,2023,Full,Fire
1497,POINT (-116.94188173204144 50.66047339486972),50.6605,-116.9419,241.0,N71690,2023,Modified,Fire
1498,POINT (-117.06834777990196 50.74195638466549),50.742000000000004,-117.06830000000001,519.0,N72419,2023,Modified,Fire
1499,POINT (-125.27618448849235 54.45470551049443),54.4547,-125.2762,428.0,R11274,2023,Modified,Fire
1500,POINT (-126.17370035279812 53.75035537592906),53.7504,-126.17370000000001,12142.0,R11387,2023,Monitor,Fire
1501,POINT (-126.75348427200555 53.30208828993173),53.3021,-126.7535,913.0,R13093,2023,Monitor,Fire
1502,POINT (-123.09288283442454 50.661572670859876),50.6616,-123.0929,220.57,K71032,2023,Modified,Fire
1503,POINT (-122.94048795171913 51.12820770750478),51.1282,-122.9405,178.0,K73206,2023,Monitor,Fire
1504,POINT (-123.55271563289145 49.712255577235815),49.7123,-123.5527,415.5,V53027,2023,Modified,Fire
1505,POINT (-115.00821395641043 49.20667351584936),49.206700000000005,-115.0082,1909.0,N12589,2023,Monitor,Fire
1506,POINT (-121.26621509634764 49.108855814085594),49.108900000000006,-121.26620000000001,1517.7,V12722,2023,Monitor,Fire
1507,POINT (-119.5056807628656 49.00105600708979),49.0011,-119.5057,7060.6,K52318,2023,Full,Fire
1508,POINT (-123.55972134975003 52.062178666063446),52.062200000000004,-123.5597,1235.3,C53002,2023,,Fire
1509,POINT (-122.24384831304698 49.311522712091616),49.3115,-122.24380000000001,215.0,V11152,2023,Modified,Fire
1510,POINT (-119.63284802738411 49.90812304306546),49.908100000000005,-119.6328,13970.4,K52767,2023,Full,Fire
1511,POINT (-121.88946567134185 50.783088820303746),50.783100000000005,-121.88950000000001,589.0,K71778,2023,Full,Fire
1512,POINT (-122.73443275675241 50.59588871093943),50.5959,-122.73440000000001,300.0,V33258,2023,Monitor,Fire
1513,POINT (-117.13003179261989 50.74405637819278),50.7441,-117.13,287.0,N72169,2023,Modified,Fire
1514,POINT (-127.7280173572316 53.1590051584471),53.159000000000006,-127.72800000000001,110.0,R51709,2023,Monitor,Fire
1515,POINT (-125.66748296988304 49.772038328389534),49.772000000000006,-125.6675,107.0,V82755,2023,Monitor,Fire
1516,POINT (-117.12131477671048 50.69308937620228),50.6931,-117.1213,1337.0,N72170,2023,Modified,Fire
1517,POINT (-117.26684778326816 50.61767335477973),50.6177,-117.2668,1038.0,N52251,2023,Monitor,Fire
1518,POINT (-117.59739780293522 50.46200630769888),50.462,-117.59740000000001,876.0,N52156,2023,Modified,Fire
1519,POINT (-117.76681481955492 50.40530628500237),50.405300000000004,-117.7668,200.0,N52372,2023,Modified,Fire
1520,POINT (-119.44131502572189 50.02750607135526),50.0275,-119.44130000000001,372.6,K42815,2023,Full,Fire
1521,POINT (-132.86385397734736 59.45782143243128),59.457800000000006,-132.8638,1171.95,R92525,2023,Modified,Fire
1522,POINT (-117.29564779298907 50.63233935196189),50.6323,-117.29560000000001,372.0,N52138,2023,Modified,Fire
1523,POINT (-117.13896463062503 50.16192334176371),50.1619,-117.13900000000001,366.0,N72833,2023,Modified,Fire
1524,POINT (-115.4511471675329 49.67838950002662),49.6784,-115.45110000000001,2952.0,N12352,2023,Modified,Fire
1525,POINT (-125.70001597213079 49.76408832485983),49.7641,-125.7,2320.0,V82558,2023,Monitor,Fire
1526,POINT (-116.7933915662596 50.17176138205207),50.171800000000005,-116.7934,479.0,N72365,2023,Modified,Fire
1527,POINT (-117.31713184664981 50.804589360066224),50.8046,-117.31710000000001,890.0,N72369,2023,Modified,Fire
1528,POINT (-125.89871776068982 54.893405435465766),54.8934,-125.8987,7984.0,R21217,2023,Monitor,Fire
1529,POINT (-124.62909983043352 52.971022558697705),52.971000000000004,-124.62910000000001,376.0,C11319,2023,Full,Fire
1530,POINT (-116.21418023711128 49.360172394443566),49.3602,-116.2142,1457.0,N71918,2023,Modified,Fire
1531,POINT (-121.98871531865858 49.48370574907071),49.4837,-121.98870000000001,767.2,V10588,2023,Modified,Fire
1532,POINT (-126.0436661988946 50.3708723031868),50.3709,-126.0437,230.0,V80527,2023,Full,Fire
1533,POINT (-121.22193465126125 56.51122310966442),56.5112,-121.2219,29505.9,G80291,2023,Full,Fire
1534,POINT (-121.64001539698086 49.98150581339841),49.981500000000004,-121.64,17405.9,V11337,2023,Full,Fire
1535,POINT (-127.85150040049265 53.228105143096975),53.228100000000005,-127.8515,100.0,R51402,2023,Monitor,Fire
1536,POINT (-123.31593288462344 50.70780564553344),50.707800000000006,-123.3159,399.0,V31726,2023,Monitor,Fire
1537,POINT (-121.26223232114621 49.93960585553421),49.939600000000006,-121.2622,104.0,K61768,2023,Modified,Fire
1538,POINT (-126.0644838134157 52.29157235591424),52.2916,-126.06450000000001,900.0,VA2884,2023,Monitor,Fire
1539,POINT (-126.49863401950027 52.70220530996472),52.702200000000005,-126.49860000000001,3555.0,VA1638,2023,Monitor,Fire
1540,POINT (-122.66563268807047 50.399088710974645),50.399100000000004,-122.66560000000001,410.0,V33029,2023,Modified,Fire
1541,POINT (-119.46106500315159 49.934273063656825),49.9343,-119.4611,733.0,K52808,2023,Full,Fire
1542,POINT (-125.57331588166576 49.50760533060362),49.507600000000004,-125.5733,1217.1000000000001,V83128,2023,Monitor,Fire
1543,POINT (-126.11168298773762 49.608638270215444),49.6086,-126.1117,121.87,V81938,2023,Monitor,Fire
1544,POINT (-115.73684748329892 50.62978952975951),50.6298,-115.7368,2946.6,N21453,2023,Full,Fire
1545,POINT (-116.75423185082532 51.2003394477202),51.200300000000006,-116.75420000000001,284.0,N42228,2023,Modified,Fire
1546,POINT (-119.82549837558008 51.00350607708253),51.0035,-119.8255,45613.0,K21633,2023,Full,Fire
1547,POINT (-120.26196575776265 51.9805390705849),51.9805,-120.262,103.0,K22190,2023,Monitor,Fire
1548,POINT (-118.43138214577948 51.096123246129864),51.0961,-118.43140000000001,1265.3,N42074,2023,Monitor,Fire
1549,POINT (-124.73983370067543 52.54713853205427),52.5471,-124.7398,6651.900000000001,C51562,2023,Modified,Fire
1550,POINT (-127.76200356631766 59.93737221071759),59.937400000000004,-127.762,316.5,G92594,2023,Full,Fire
1551,POINT (-120.00041887072587 59.463006350037745),59.463,-120.0004,35000.0,G91933,2023,Modified,Fire
1552,POINT (-120.08268395217372 55.37917322738368),55.379200000000004,-120.0827,4427.0,G70644,2023,Full,Fire
1553,POINT (-121.79524996227852 54.60895597712878),54.609,-121.79520000000001,351.7,G12002,2023,Monitor,Fire
1554,POINT (-126.76620096836703 55.07608831975758),55.076100000000004,-126.76620000000001,520.0,R31585,2023,Modified,Fire
1555,POINT (-123.84718388914737 53.481505674498),53.481500000000004,-123.8472,2420.0,G11293,2023,Full,Fire
1556,POINT (-124.15226697825337 53.59103863758322),53.591,-124.15230000000001,44641.700000000004,G41307,2023,Full,Fire
1557,POINT (-121.74436856448253 58.220389077201354),58.220400000000005,-121.7444,43512.0,G83130,2023,Full,Fire
1558,POINT (-125.64105078844368 55.05520547307824),55.0552,-125.641,1590.6000000000001,G52955,2023,Full,Fire
1559,POINT (-123.4914833377455 52.061222674099284),52.0612,-123.4915,1306.0,C51974,2023,Full,Fire
1560,POINT (-118.70211548823315 52.04508926285975),52.045100000000005,-118.7021,1160.0,N40596,2023,Modified,Fire
1561,POINT (-118.78106544863788 51.872173244541365),51.8722,-118.78110000000001,166.22,N41962,2023,Modified,Fire
1562,POINT (-120.66974997307712 55.15405614260088),55.1541,-120.6697,25095.0,G70645,2023,Full,Fire
1563,POINT (-118.18286528504515 51.71392330837618),51.7139,-118.1829,303.0,N42216,2023,Modified,Fire
1564,POINT (-120.02564876777349 52.147173106635464),52.147200000000005,-120.02560000000001,350.0,K21382,2023,Modified,Fire
1565,POINT (-120.40089831623555 50.44843898130258),50.4484,-120.40090000000001,11382.0,K22024,2023,Full,Fire
1566,POINT (-121.86271930959283 59.57180608447885),59.5718,-121.8627,3056.4,G93291,2023,Full,Fire
1567,POINT (-128.05910319533592 59.226938166012154),59.2269,-128.0591,12806.0,G92947,2023,Monitor,Fire
1568,POINT (-124.84355169012449 57.353388622729156),57.3534,-124.8435,24705.0,G60325,2023,Modified,Fire
1569,POINT (-116.37456472034542 51.01057348062856),51.010600000000004,-116.3746,449.0,N42102,2023,Modified,Fire
1570,POINT (-119.3283657123689 52.373873203125385),52.3739,-119.3284,277.0,G30612,2023,Full,Fire
1571,POINT (-121.0546855428891 58.444056179436444),58.444100000000006,-121.05470000000001,180.0,G82494,2023,Monitor,Fire
1572,POINT (-119.69676535501266 51.011389092814795),51.0114,-119.69680000000001,10004.9,K21620,2023,Full,Fire
1573,POINT (-123.67031754356432 55.24018874473093),55.2402,-123.67030000000001,22372.75,G60853,2023,Full,Fire
1574,POINT (-124.44268472579616 55.36650564274649),55.3665,-124.4427,18195.4,G60861,2023,Full,Fire
1575,POINT (-125.08243343163545 51.581055459684805),51.5811,-125.0824,16842.0,C52978,2023,,Fire
1576,POINT (-128.85130121160387 54.949422031156),54.949400000000004,-128.8513,230.0,R51555,2023,Full,Fire
1577,POINT (-124.9940164501829 51.6808384741224),51.680800000000005,-124.994,200.0,C53189,2023,Full,Fire
1578,POINT (-120.91181794392737 57.2791061721129),57.2791,-120.9118,19136.5,G80875,2023,Full,Fire
1579,POINT (-120.20013487421593 57.429023274427436),57.429,-120.2001,6108.900000000001,G81530,2023,Full,Fire
1580,POINT (-127.65002008247825 59.1395052268898),59.139500000000005,-127.65,22393.46,G90981,2023,Monitor,Fire
1581,POINT (-126.65085314426372 59.52483837790298),59.524800000000006,-126.6508,12107.210000000001,G90956,2023,Monitor,Fire
1582,POINT (-126.95318725450073 59.62800533259937),59.628,-126.95320000000001,5278.13,G90949,2023,Monitor,Fire
1583,POINT (-123.60466862239636 57.65097280320241),57.651,-123.60470000000001,228.5,G90810,2023,Monitor,Fire
1584,POINT (-119.56939868038087 52.13808916231741),52.1381,-119.5694,1711.6100000000001,K20469,2023,Monitor,Fire
1585,POINT (-122.622117249356 54.961388878018994),54.961400000000005,-122.6221,1100.0,G11532,2023,Full,Fire
1586,POINT (-121.36384918734694 52.69030596404743),52.6903,-121.36380000000001,308.0,C31143,2023,Modified,Fire
1587,POINT (-127.44756804026008 55.01038822542092),55.010400000000004,-127.44760000000001,556.13,R31512,2023,Modified,Fire
1588,POINT (-128.25286818394108 55.0779221146164),55.0779,-128.2529,105.0,R41510,2023,Modified,Fire
1589,POINT (-122.30123368890948 53.64612287968399),53.646100000000004,-122.30120000000001,123.0,G12186,2023,Full,Fire
1590,POINT (-126.37553520533756 55.76927238428997),55.7693,-126.3755,816.9,G50912,2023,Full,Fire
1591,POINT (-123.64925021180517 54.421855727114995),54.4219,-123.64920000000001,47888.3,G51279,2023,Full,Fire
1592,POINT (-123.87085037658697 54.748505705372686),54.7485,-123.8708,5219.6,G51344,2023,Monitor,Fire
1593,POINT (-123.78434994382187 53.65900568766806),53.659000000000006,-123.7843,262.0,G41466,2023,Full,Fire
1594,POINT (-124.90645196602237 53.225204529889034),53.2252,-124.9064,4878.8,G41493,2023,Modified,Fire
1595,POINT (-125.24528414359489 53.56818849360421),53.568200000000004,-125.2453,34853.6,G41502,2023,Full,Fire
1596,POINT (-125.04968409891737 53.52835551884329),53.528400000000005,-125.0497,104.4,G41509,2023,Modified,Fire
1597,POINT (-124.42565009161709 53.775538607436424),53.7755,-124.4256,4767.8,G41511,2023,Full,Fire
1598,POINT (-124.20509993770138 53.45413862698694),53.454100000000004,-124.2051,1144.3,G41560,2023,Modified,Fire
1599,POINT (-124.33373403883027 53.67502261613536),53.675000000000004,-124.33370000000001,801.1,G41569,2023,Full,Fire
1600,POINT (-125.01704929025662 51.167888454657025),51.1679,-125.01700000000001,238.0,V51696,2023,Monitor,Fire
1601,POINT (-120.03459875664312 52.10603910453521),52.106,-120.03460000000001,2407.14,K21379,2023,Modified,Fire
1602,POINT (-125.35144385630994 55.328828518442606),55.3288,-125.35140000000001,451.6,G51411,2023,Full,Fire
1603,POINT (-126.40138525827977 55.879838382326675),55.8798,-126.40140000000001,5712.7,G50856,2023,Full,Fire
1604,POINT (-123.55190277824113 59.82650584019716),59.8265,-123.5519,37793.9,G90709,2023,Modified,Fire
1605,POINT (-120.4118184446292 58.50212327133789),58.502100000000006,-120.4118,173376.2,G90628,2023,Modified,Fire
1606,POINT (-123.93118581057568 57.913172761047356),57.9132,-123.9312,192.9,G90565,2023,Monitor,Fire
1607,POINT (-123.3252357724644 58.05172284963553),58.051700000000004,-123.32520000000001,21056.0,G90292,2023,Monitor,Fire
1608,POINT (-124.28430023409547 54.211955637131375),54.212,-124.2843,501.06,G41149,2023,Full,Fire
1609,POINT (-124.51990017371034 53.95227259942657),53.9523,-124.5199,142.68,G40324,2023,Full,Fire
1610,POINT (-124.84096776292418 55.30137258731408),55.3014,-124.84100000000001,17333.8,G50872,2023,Full,Fire
1611,POINT (-124.33963299265992 50.532222515163475),50.5322,-124.3396,262.0,V53075,2023,Monitor,Fire
1612,POINT (-124.99448327749344 51.137588456269164),51.1376,-124.9945,122.0,V51695,2023,Monitor,Fire
1613,POINT (-123.80131573750872 49.94113855670519),49.941100000000006,-123.80130000000001,162.0,V53097,2023,Monitor,Fire
1614,POINT (-119.37396568905814 52.27697319237234),52.277,-119.37400000000001,213.8,G32441,2023,Modified,Fire
1615,POINT (-123.87396991120998 59.950822794059206),59.9508,-123.87400000000001,112.25,G90713,2023,Full,Fire
1616,POINT (-123.4067496593752 53.04190571742097),53.041900000000005,-123.4067,1297.6000000000001,C11243,2023,Full,Fire
1617,POINT (-122.93451650028925 52.8138387702874),52.8138,-122.9345,2784.7000000000003,C11290,2023,Full,Fire
1618,POINT (-123.66863379186441 53.29600569210723),53.296,-123.66860000000001,4422.1,C11437,2023,Full,Fire
1619,POINT (-123.988815980008 50.66928856293999),50.6693,-123.98880000000001,302.0,V52804,2023,Monitor,Fire
1620,POINT (-121.04409229895076 57.96210617049297),57.9621,-121.0441,116.03,G80839,2023,Full,Fire
1621,POINT (-126.72150109176751 55.38667233102108),55.386700000000005,-126.7215,639.0,R31465,2023,Full,Fire
1622,POINT (-121.89015215536243 59.283806076233496),59.2838,-121.8901,71003.0,G92940,2023,Full,Fire
1623,POINT (-123.65563656508733 59.42030582121033),59.420300000000005,-123.6556,33426.0,G91739,2023,Modified,Fire
1624,POINT (-121.42758430896554 55.63192305702238),55.6319,-121.42760000000001,1246.0,G73406,2023,Full,Fire
1625,POINT (-128.59351773682863 53.85380505354361),53.8538,-128.5935,200.0,R51245,2023,Modified,Fire
1626,POINT (-122.24981631389396 52.60942284956997),52.6094,-122.24980000000001,270.0,C12135,2023,Full,Fire
1627,POINT (-125.43618393470342 52.911905452871885),52.9119,-125.4362,341.90000000000003,C11892,2023,Full,Fire
1628,POINT (-114.99496420285138 50.16170658298158),50.1617,-114.995,2512.0,N12546,2023,Modified,Fire
1629,POINT (-123.18735070713508 55.82550582439753),55.825500000000005,-123.18730000000001,375.53000000000003,G62150,2023,Full,Fire
1630,POINT (-123.54360066274674 55.57558877032356),55.5756,-123.54360000000001,205.06,G62952,2023,Full,Fire
1631,POINT (-123.13485073573162 55.91200583351299),55.912000000000006,-123.13480000000001,363.88,G60603,2023,Monitor,Fire
1632,POINT (-124.08185093447106 55.994505706079366),55.9945,-124.0818,3215.3,G60655,2023,Monitor,Fire
1633,POINT (-124.54463499080472 55.94677264108073),55.9468,-124.5446,176539.1,G60666,2023,Full,Fire
1634,POINT (-125.92716900731747 57.632438471670824),57.632400000000004,-125.9272,4638.0,G60858,2023,Full,Fire
1635,POINT (-119.70079849197454 51.46232311428287),51.4623,-119.7008,1771.9,K22757,2023,Modified,Fire
1636,POINT (-126.64940008235253 52.81905529315932),52.819100000000006,-126.6494,2337.6,VA1335,2023,Modified,Fire
1637,POINT (-124.82573423381214 53.98288855931252),53.9829,-124.82570000000001,780.0,G41422,2023,Full,Fire
1638,POINT (-121.5983483644611 49.88900581401635),49.889,-121.59830000000001,112.06,V11332,2023,Monitor,Fire
1639,POINT (-121.38298214327295 49.20880580542362),49.208800000000004,-121.38300000000001,805.0,V11256,2023,Modified,Fire
1640,POINT (-125.58023390734384 52.772838430634955),52.772800000000004,-125.5802,3350.0,C51571,2023,Full,Fire
1641,POINT (-120.98658635785911 59.96357321766868),59.9636,-120.98660000000001,290073.32,G90288,2023,Modified,Fire
1642,POINT (-118.03531532071875 51.92120633655214),51.921200000000006,-118.0353,131.09,N41861,2023,Monitor,Fire
1643,POINT (-120.93715158918396 58.57863919932215),58.5786,-120.9371,275174.6,G92498,2023,Full,Fire
1644,POINT (-126.73401820325957 55.63860533310767),55.638600000000004,-126.73400000000001,3030.0,R31391,2023,Modified,Fire
1645,POINT (-127.71055287846858 58.75957221737978),58.759600000000006,-127.71050000000001,811.6,G93120,2023,Monitor,Fire
1646,POINT (-122.62501951362295 59.66900597438304),59.669000000000004,-122.625,150.20000000000002,G91355,2023,Modified,Fire
1647,POINT (-121.64271877640788 58.67195610037553),58.672000000000004,-121.6427,74686.0,G91313,2023,Modified,Fire
1648,POINT (-125.15013326951885 51.03642243393487),51.0364,-125.15010000000001,181.0,V52831,2023,Monitor,Fire
1649,POINT (-123.33201677261242 53.396505739005136),53.3965,-123.33200000000001,224.0,G11240,2023,Full,Fire
1650,POINT (-127.2702013230048 55.73030525932848),55.7303,-127.2702,278.1,R41659,2023,Modified,Fire
1651,POINT (-122.01235131512335 57.618673027394735),57.618700000000004,-122.01230000000001,619072.5,G80280,2023,Full,Fire
1652,POINT (-123.2241366112398 59.64312288646824),59.643100000000004,-123.2241,3764.8,G91013,2023,Modified,Fire
1653,POINT (-114.92079706839938 49.712756560383625),49.7128,-114.9208,1295.0,N12046,2023,Full,Fire
1654,POINT (-123.88468595966538 58.222572772893905),58.2226,-123.88470000000001,804.46,G90776,2023,Monitor,Fire
1655,POINT (-125.03296748459032 54.54472254531935),54.544700000000006,-125.033,6143.2,G51564,2023,Full,Fire
1656,POINT (-125.67201698699012 52.95712242345364),52.957100000000004,-125.67200000000001,21926.5,G41158,2023,Modified,Fire
1657,POINT (-119.96189875485233 52.14578911479427),52.1458,-119.9619,20745.0,K21384,2023,Modified,Fire
1658,POINT (-126.68374871369791 56.785718353664834),56.785700000000006,-126.6837,297.0,G60887,2023,Monitor,Fire
1659,POINT (-121.92569893998099 51.63657285226911),51.6366,-121.9257,536.0,C40384,2023,Full,Fire
1660,POINT (-125.17535058434724 54.735338529761385),54.7353,-125.17530000000001,1503.4,G51474,2023,Full,Fire
1661,POINT (-121.03065206312995 59.4272062017034),59.427200000000006,-121.0306,32257.2,G91534,2023,Modified,Fire
1662,POINT (-121.78538642725971 59.80510609950234),59.8051,-121.78540000000001,6996.400000000001,G91494,2023,Modified,Fire
1663,POINT (-122.1495522048347 59.28393903833403),59.2839,-122.1495,888.01,G91467,2023,Modified,Fire
1664,POINT (-123.8975177594198 55.66150572399725),55.661500000000004,-123.89750000000001,100.0,G60649,2023,Full,Fire
1665,POINT (-125.1299345345032 54.63062253428637),54.6306,-125.1299,122.0,G51755,2023,Full,Fire
1666,POINT (-125.03593381324937 52.740038499358626),52.74,-125.03590000000001,1282.0,C11405,2023,Full,Fire
1667,POINT (-123.71263375234801 53.16607268207092),53.1661,-123.71260000000001,7864.0,C11499,2023,Full,Fire
1668,POINT (-121.92456779115302 56.53187301468664),56.5319,-121.92460000000001,385.0,G80175,2023,Full,Fire
1669,POINT (-119.92878396507845 56.26922294726172),56.269200000000005,-119.92880000000001,6422.17,G80220,2023,Full,Fire
1670,POINT (-120.99888269614554 51.37088895369209),51.370900000000006,-120.9989,113.0,C40128,2023,Full,Fire
1671,POINT (-121.06955071150283 56.71073913606219),56.7107,-121.0695,154.0,G80122,2023,Full,Fire
1672,POINT (-121.84788447220721 55.835423006172825),55.8354,-121.84790000000001,107.0,G70124,2023,Full,Fire
1673,POINT (-125.42578377417568 52.45653844175569),52.456500000000005,-125.42580000000001,145.0,C50354,2023,Full,Fire
1674,POINT (-120.83516594876217 52.25477301185358),52.2548,-120.8352,226.0,C30675,2023,Full,Fire
1675,POINT (-120.07053315974268 53.28842315034834),53.2884,-120.07050000000001,1017.8000000000001,G30210,2023,Full,Fire
1676,POINT (-119.70909787713072 49.30142300053453),49.3014,-119.7091,2043.8,K52813,2023,Full,Fire
1677,POINT (-121.23243461049393 56.416073105464825),56.4161,-121.23240000000001,2947.0,G80223,2023,Full,Fire
1678,POINT (-119.96181504918941 49.77103899738291),49.771,-119.96180000000001,1116.2,K53294,2023,Full,Fire
1679,POINT (-118.38693236533585 51.846123291191944),51.8461,-118.38690000000001,408.8,N40826,2024,Modified,Fire
1680,POINT (-128.24998506779332 54.80115511241873),54.8012,-128.25,219.3,R50752,2024,Full,Fire
1681,POINT (-122.17484930126552 52.60983885920798),52.6098,-122.1748,1800.0,C20117,2024,Full,Fire
1682,POINT (-122.97558613631134 58.868922912876876),58.868900000000004,-122.9756,12348.0,G90267,2024,Full,Fire
1683,POINT (-120.64673335991058 53.55230608846509),53.5523,-120.64670000000001,173.70000000000002,G30263,2024,Full,Fire
1684,POINT (-120.48610054366048 56.58738921193558),56.5874,-120.48610000000001,651.86,G80305,2024,Full,Fire
1685,POINT (-116.72723197701119 51.63988947704131),51.639900000000004,-116.72720000000001,1104.0,N41259,2024,Modified,Fire
1686,POINT (-126.02351719390033 53.38483838735193),53.384800000000006,-126.02350000000001,33285.0,R11201,2024,Monitor,Fire
1687,POINT (-126.72816739339706 53.63882229932594),53.6388,-126.7282,14698.0,R12015,2024,Monitor,Fire
1688,POINT (-124.18051983669298 59.72733874641202),59.7273,-124.18050000000001,117.75,G91033,2024,Full,Fire
1689,POINT (-124.14565046198894 54.84530567100423),54.8453,-124.1456,1278.3,G52123,2024,Full,Fire
1690,POINT (-118.06076493476803 50.613423262984334),50.613400000000006,-118.0608,146.0,N41086,2024,Full,Fire
1691,POINT (-124.09018680935533 59.70933875949997),59.709300000000006,-124.09020000000001,354.17,G91714,2024,Full,Fire
1692,POINT (-124.40535028502939 54.29340562310405),54.293400000000005,-124.40530000000001,139.9,G41243,2024,Full,Fire
1693,POINT (-126.06001791231714 55.20000541866624),55.2,-126.06,914.44,G51268,2024,Full,Fire
1694,POINT (-124.35239976762061 52.915888592951966),52.9159,-124.3524,995.0,C11233,2024,Full,Fire
1695,POINT (-121.41138327965673 52.933822967624124),52.933800000000005,-121.4114,147.6,C10810,2024,Full,Fire
1696,POINT (-121.46734887469106 51.68037290998864),51.680400000000006,-121.46730000000001,290.0,C41440,2024,Full,Fire
1697,POINT (-124.49734986863024 53.13617257994774),53.1362,-124.49730000000001,2424.0,G41159,2024,Full,Fire
1698,POINT (-124.69001699073043 53.39045556209577),53.3905,-124.69,2840.8,G41227,2024,Full,Fire
1699,POINT (-119.97654912682302 53.245456160975316),53.2455,-119.9765,461.92,G31220,2024,Full,Fire
1700,POINT (-119.8279330457656 53.08942317323369),53.089400000000005,-119.8279,190.6,G31269,2024,Full,Fire
1701,POINT (-119.71871604055194 53.131623188373716),53.131600000000006,-119.71870000000001,100.58,G31191,2024,Full,Fire
1702,POINT (-121.383351333375 57.90000612124073),57.9,-121.3833,1835.25,G80549,2024,Full,Fire
1703,POINT (-121.40713329716769 52.98753896995296),52.987500000000004,-121.4071,14277.0,C11303,2024,Full,Fire
1704,POINT (-121.13934929872639 53.12945600933031),53.1295,-121.1393,358.5,C10786,2024,Modified,Fire
1705,POINT (-121.00516558793339 51.01025593653305),51.0103,-121.0052,150.0,C41510,2024,Full,Fire
1706,POINT (-117.92629832805494 52.011173354262525),52.0112,-117.92630000000001,487.0,N40834,2024,Modified,Fire
1707,POINT (-121.56886807308877 57.287873081490034),57.2879,-121.5689,2788.58,G80262,2024,Full,Fire
1708,POINT (-119.73028111203463 53.332188195339604),53.3322,-119.7303,129.42000000000002,G31245,2024,Full,Fire
1709,POINT (-121.1520163572792 53.28800601387063),53.288000000000004,-121.152,139.6,C11348,2024,Modified,Fire
1710,POINT (-125.24029997608763 53.11095548329106),53.111000000000004,-125.2403,5465.5,G41261,2024,Full,Fire
1711,POINT (-125.88151784897634 55.11167244179611),55.111700000000006,-125.8815,1365.8,R21996,2024,Full,Fire
1712,POINT (-119.06484871672357 52.54017324252781),52.540200000000006,-119.0648,117.4,G31262,2024,Full,Fire
1713,POINT (-123.8886529113853 59.946088792300635),59.9461,-123.88860000000001,306.73,G90777,2024,Full,Fire
1714,POINT (-117.54496483763035 50.6213393233973),50.621300000000005,-117.545,205.6,N51132,2024,Modified,Fire
1715,POINT (-126.64305017849259 53.0910552996512),53.091100000000004,-126.643,1569.0,R12040,2024,Monitor,Fire
1716,POINT (-126.28540030983388 53.5915223571894),53.5915,-126.28540000000001,55284.0,R11204,2024,Full,Fire
1717,POINT (-117.94296533963681 52.0389733539907),52.039,-117.94300000000001,1038.0,N40835,2024,Modified,Fire
1718,POINT (-123.9886028245907 59.765872775526894),59.7659,-123.9886,514.23,G90765,2024,Full,Fire
1719,POINT (-127.93428711895719 59.12600518477681),59.126000000000005,-127.93430000000001,1644.3400000000001,G92348,2024,Modified,Fire
1720,POINT (-120.7715834488227 53.73368907963122),53.733700000000006,-120.7716,185.0,G10827,2024,Full,Fire
1721,POINT (-120.13978491203173 57.53402328571225),57.534000000000006,-120.13980000000001,2132.63,G80854,2024,Full,Fire
1722,POINT (-121.28473270407837 51.234305913046825),51.234300000000005,-121.2847,271.0,C41501,2024,Full,Fire
1723,POINT (-117.00506465821611 50.35430636908495),50.3543,-117.0051,606.2,N71144,2024,Modified,Fire
1724,POINT (-124.62026692251723 53.23100556648825),53.231,-124.6203,1417.0,G41160,2024,Full,Fire
1725,POINT (-123.75188618813384 58.702288797900636),58.7023,-123.7519,291.3,G91031,2024,Full,Fire
1726,POINT (-127.22583724498658 59.53838829180046),59.5384,-127.2258,405.0,G91790,2024,Full,Fire
1727,POINT (-127.91446719840901 59.27224118790116),59.272200000000005,-127.9144,166.0,G90741,2024,Full,Fire
1728,POINT (-119.81971618090532 53.482673190299764),53.4827,-119.81970000000001,175.0,G31382,2024,Monitor,Fire
1729,POINT (-119.06296545334425 51.71855620331094),51.7186,-119.063,121.5,K21552,2024,Monitor,Fire
1730,POINT (-121.29013315147644 52.62203897116059),52.622,-121.29010000000001,140.6,C30799,2024,Modified,Fire
1731,POINT (-119.70549871424996 52.166123146973625),52.1661,-119.7055,3830.7000000000003,K21560,2024,Monitor,Fire
1732,POINT (-124.59368370462145 52.62580555344893),52.625800000000005,-124.59370000000001,542.0,C51951,2024,Modified,Fire
1733,POINT (-119.19851539793461 51.45667317454513),51.456700000000005,-119.19850000000001,237.0,K21490,2024,Monitor,Fire
1734,POINT (-120.10777555325431 51.420043063247306),51.42,-120.10780000000001,2577.0,K21354,2024,Full,Fire
1735,POINT (-120.12518280945686 52.218073097589645),52.2181,-120.1252,2847.1,K21172,2024,Monitor,Fire
1736,POINT (-119.72069878176744 52.36097315377118),52.361000000000004,-119.72070000000001,1095.5,K21563,2024,Monitor,Fire
1737,POINT (-119.9217156844164 51.94650611085645),51.9465,-119.9217,1469.26,K21056,2024,Monitor,Fire
1738,POINT (-122.79710242928759 59.464688947335304),59.4647,-122.7971,3571.34,G92253,2024,Modified,Fire
1739,POINT (-125.79981785238967 55.15202245338338),55.152,-125.7998,748.8000000000001,G52030,2024,Full,Fire
1740,POINT (-123.56379882360558 50.36892260293917),50.368900000000004,-123.5638,541.0,V32132,2024,Modified,Fire
1741,POINT (-120.34923286984095 52.27847307302045),52.2785,-120.34920000000001,571.6,K21077,2024,Monitor,Fire
1742,POINT (-120.11913282543209 52.27215610133027),52.272200000000005,-120.1191,163.5,K21329,2024,Monitor,Fire
1743,POINT (-125.56240055815188 54.51978847359022),54.519800000000004,-125.56240000000001,1220.0,R11930,2024,Full,Fire
1744,POINT (-129.6194348867783 53.891787915030044),53.8918,-129.6194,113.0,R80763,2024,Monitor,Fire
1745,POINT (-117.95881492117198 50.63455627616059),50.6346,-117.95880000000001,489.0,N41079,2024,Full,Fire
1746,POINT (-120.00860042618486 56.530189274492606),56.5302,-120.0086,165.59,G81369,2024,Full,Fire
1747,POINT (-118.88398113985937 50.78563917636755),50.7856,-118.884,281.40000000000003,K41070,2024,Modified,Fire
1748,POINT (-120.2772488928502 52.388073086430474),52.3881,-120.27720000000001,119.9,K21360,2024,Monitor,Fire
1749,POINT (-119.68643276541658 52.33247315687338),52.3325,-119.6864,200.0,K21564,2024,Monitor,Fire
1750,POINT (-120.10094879212515 52.17837309919463),52.1784,-120.10090000000001,228.0,K21173,2024,Monitor,Fire
1751,POINT (-119.73531573322742 52.206906144972095),52.206900000000005,-119.73530000000001,500.0,K21562,2024,Monitor,Fire
1752,POINT (-122.34270212581843 59.07212300753449),59.072100000000006,-122.34270000000001,458.0,G90994,2024,Full,Fire
1753,POINT (-123.28251943396305 59.310322874421296),59.310300000000005,-123.2825,170806.9,G90207,2024,Full,Fire
1754,POINT (-128.19090221115385 59.22144914660925),59.2214,-128.1909,14171.0,G90939,2024,Modified,Fire
1755,POINT (-124.52363605179899 58.184222679679124),58.184200000000004,-124.5236,1304.26,G90992,2024,Modified,Fire
1756,POINT (-121.62688583912127 58.79397310518442),58.794000000000004,-121.6269,508453.29000000004,G90228,2024,Full,Fire
1757,POINT (-120.68151898054894 59.40573925181608),59.4057,-120.6815,18597.38,G90399,2024,Full,Fire
1758,POINT (-121.85521949364234 59.8979560905913),59.898,-121.85520000000001,10754.82,G90686,2024,Full,Fire
1759,POINT (-120.54418222986543 50.05258894464332),50.052600000000005,-120.5442,100.0,K60105,2024,,Nuisance Fire
1760,POINT (-117.16973179966922 50.74378937351259),50.7438,-117.1697,197.20000000000002,N71232,2024,Modified,Fire
1761,POINT (-121.15021624473184 52.967206001983435),52.967200000000005,-121.15020000000001,180.0,C11153,2024,Full,Fire
1762,POINT (-120.36943523867696 58.111406268609834),58.1114,-120.3694,11155.64,G80286,2024,Full,Fire
1763,POINT (-121.70045156123123 58.2328560837896),58.2329,-121.7004,25379.65,G80270,2024,Full,Fire
1764,POINT (-119.21159784562111 49.516473068842686),49.5165,-119.2116,223.0,K51472,2024,Full,Fire
1765,POINT (-120.53306496492435 49.08717289617088),49.0872,-120.5331,6684.0,K61067,2024,Full,Fire
1766,POINT (-118.87629835046471 51.49585621428966),51.495900000000006,-118.8763,164.0,K42023,2024,Monitor,Fire
1767,POINT (-117.59581486948515 50.69583932110895),50.695800000000006,-117.59580000000001,213.0,N51127,2024,Modified,Fire
1768,POINT (-127.91880157959693 56.094922171677034),56.0949,-127.9188,976.99,R40993,2024,Monitor,Fire
1769,POINT (-121.2322162734638 53.00900599308863),53.009,-121.2322,142.0,C10840,2024,Full,Fire
1770,POINT (-117.71221470268863 50.02257326840961),50.022600000000004,-117.71220000000001,107.2,N51223,2024,Modified,Fire
1771,POINT (-120.33934898582919 52.63567308940636),52.6357,-120.33930000000001,1382.0,C31182,2024,Full,Fire
1772,POINT (-121.85053267485024 50.81352282654902),50.813500000000005,-121.85050000000001,151.0,K70591,2024,Full,Fire
1773,POINT (-121.40008248983908 50.44903886345046),50.449000000000005,-121.40010000000001,249.0,K70913,2024,Modified,Fire
1774,POINT (-120.46478285951703 52.1822390545454),52.1822,-120.46480000000001,6695.0,C31291,2024,Modified,Fire
1775,POINT (-121.33198316437682 52.636388966467344),52.6364,-121.33200000000001,1555.0,C30788,2024,Modified,Fire
1776,POINT (-115.95293133216248 49.91828946026434),49.9183,-115.9529,940.9,N21284,2024,Modified,Fire
1777,POINT (-117.5298145920487 49.740706272680065),49.740700000000004,-117.52980000000001,2234.8,N51117,2024,Full,Fire
1778,POINT (-117.44088156823591 49.71708928048623),49.7171,-117.4409,1858.6000000000001,N51069,2024,Full,Fire
1779,POINT (-121.91681752945262 55.93712299950727),55.9371,-121.91680000000001,295.0,G70301,2024,Full,Fire
1780,POINT (-123.1821662694911 52.00492271126614),52.0049,-123.18220000000001,133.0,C50214,2024,Full,Fire
1781,POINT (-117.65123171707876 50.11737328157153),50.1174,-117.6512,135.9,N51120,2024,Modified,Fire
1782,POINT (-117.5359646425879 49.923073283088364),49.923100000000005,-117.536,399.40000000000003,N51228,2024,Modified,Fire
1783,POINT (-117.63546490544314 50.796756322172854),50.796800000000005,-117.63550000000001,848.8000000000001,N51130,2024,Modified,Fire
1784,POINT (-118.53951503777171 50.65583921003707),50.6558,-118.5395,183.0,K41814,2024,Monitor,Fire
1785,POINT (-122.36754854916637 50.088672733442486),50.0887,-122.3675,393.7,V31825,2024,Modified,Fire
1786,POINT (-117.70971482081882 50.44938929436119),50.449400000000004,-117.70970000000001,247.0,N51134,2024,Modified,Fire
1787,POINT (-117.49418184764325 50.68995633245266),50.69,-117.4942,550.0,N51156,2024,Modified,Fire
1788,POINT (-118.05439792656605 50.59047326202453),50.590500000000006,-118.0544,122.0,N41288,2024,Modified,Fire
1789,POINT (-121.36801549741674 50.49212286984604),50.4921,-121.36800000000001,27956.0,K70910,2024,Full,Fire
1790,POINT (-116.77579782432497 51.09542343971006),51.095400000000005,-116.7758,5680.0,N21427,2024,Full,Fire
1791,POINT (-127.43306805802912 55.057472227618184),55.057500000000005,-127.43310000000001,275.0,R32019,2024,Modified,Fire
1792,POINT (-123.73061532716247 48.46683850264721),48.4668,-123.73060000000001,228.6,V61401,2024,Full,Fire
1793,POINT (-115.6586144178018 50.45375652772281),50.4538,-115.6586,8615.0,N21610,2024,Modified,Fire
1794,POINT (-122.69284863762901 50.213505700264875),50.2135,-122.6928,405.3,V31860,2024,Modified,Fire
1795,POINT (-126.94883521436093 55.59193830185073),55.5919,-126.9488,100.0,R32020,2024,Full,Fire
1796,POINT (-117.3817822337797 52.05032342182323),52.0503,-117.38180000000001,2565.0,N40871,2024,Modified,Fire
1797,POINT (-118.03268187450783 50.41878925563706),50.418800000000005,-118.0327,138.15,N51090,2024,Full,Fire
1798,POINT (-116.93281466042906 50.411223380846884),50.4112,-116.9328,122.0,N71292,2024,Modified,Fire
1799,POINT (-121.57822328717445 52.87098994398734),52.871,-121.57820000000001,198.3,C10792,2024,Full,Fire
1800,POINT (-116.98176434763562 49.20692330003658),49.206900000000005,-116.9818,670.0,N71176,2024,Modified,Fire
1801,POINT (-122.10058247260876 49.973455758939075),49.9735,-122.1006,202.8,V12286,2024,Modified,Fire
1802,POINT (-127.06985108679561 55.25117228102428),55.251200000000004,-127.0698,1755.2,R31901,2024,Full,Fire
1803,POINT (-117.02784674975074 50.662789384801115),50.662800000000004,-117.0278,129.45,N71657,2024,Modified,Fire
1804,POINT (-117.42376462531087 49.93808929657215),49.938100000000006,-117.4238,5979.900000000001,N51103,2024,Modified,Fire
1805,POINT (-116.78618159068638 50.26503938852696),50.265,-116.78620000000001,303.0,N71105,2024,Monitor,Fire
1806,POINT (-118.38993193021285 50.380223211765895),50.3802,-118.38990000000001,1261.9,K41109,2024,Modified,Fire
1807,POINT (-115.38623119790346 49.84388951770617),49.843900000000005,-115.3862,11903.300000000001,N21014,2024,Modified,Fire
1808,POINT (-116.88059758427728 50.17187337180839),50.1719,-116.8806,19153.0,N71058,2024,Modified,Fire
1809,POINT (-117.36488160075041 49.88900629973126),49.889,-117.3649,4082.0,N51210,2024,Full,Fire
1810,POINT (-122.68981573888607 50.561388714914806),50.5614,-122.6898,772.0,V31836,2024,Modified,Fire
1811,POINT (-119.33699114458307 50.51470310970067),50.514700000000005,-119.337,784.0,K41796,2024,Full,Fire
1812,POINT (-122.66869883450376 50.8912887309641),50.8913,-122.6687,205.0,K70302,2024,Full,Fire
1813,POINT (-131.41888802632022 59.835537650755434),59.8355,-131.4189,355.0,R90740,2024,Modified,Fire
1814,POINT (-125.52280222153819 58.184222535679424),58.184200000000004,-125.5228,3460.0,G61013,2024,Modified,Fire
