FIRE_LABEL,FIRE_NUMBER,STATION_CODE,weather_station_distance_km,FIRE_SIZE_HECTARES,IGNITION_DATE,avg_tmp_igd,avg_tmp_7d,avg_hmd_igd,avg_hmd_7d,avg_wind_igd,avg_wind_7d,precp_igd,total_precp_7d,total_precp_30d,MUNICIPALITY,POPULATION,municipality_distance_km
2019-K70014,K70014,292,15.285059112781678,2.8,2019-04-02,6.758333333333334,6.673214285714286,64.0,67.85714285714286,2.2041666666666666,2.817857142857143,0.0,2.0,5.0,Lillooet,2341,29.53838468598888
2019-K20034,K20034,311,14.117258428635315,1.5,2019-04-08,3.6833333333333336,5.5321428571428575,67.45833333333333,54.851190476190474,6.8500000000000005,9.213095238095239,0.0,1.5999999999999994,2.8,Ashcroft,1634,4.642230032498984
2019-K60058,K60058,291,15.758593898199148,113.4,2019-04-15,0.8666666666666667,1.136904761904762,54.083333333333336,75.0059523809524,6.166666666666667,6.5946428571428575,0.0,13.799999999999999,19.400000000000002,Merritt,7522,31.992453328323982
2019-G80070,G80070,132,38.89820808823976,1.6,2019-04-17,7.154166666666668,4.178571428571429,46.875,62.80952380952381,12.025,7.444642857142858,0.0,0.6,7.6,Hudson's Hope,1027,19.815040201945187
2019-G80072,G80072,1045,36.342785451302696,2.0,2019-04-19,6.325,4.681806418219462,43.29166666666666,62.22230848861284,15.504166666666668,12.239078674948242,0.0,12.4,13.600000000000001,Fort St John,22377,3.3828350303824397
2019-V10123,V10123,1339,0.9500854735726028,2.4,2019-04-26,10.339130434782607,9.817805383022774,57.65217391304348,70.7468944099379,9.178260869565218,5.468012422360248,0.0,0.0,0.0,Lytton,222,26.29249706705426
2019-K70117,K70117,1055,13.738919050437422,1.1,2019-04-26,11.6375,11.078571428571427,39.5,54.13095238095237,9.579166666666667,9.977380952380953,0.0,5.199999999999999,6.8,Lytton,222,0.1121283628364858
2019-V60139,V60139,934,7.268327468568604,1.5,2019-04-28,8.1625,9.181547619047619,56.04166666666666,73.36309523809523,5.054166666666666,5.342261904761905,,,,Lake Cowichan,3431,0.0
2019-G80129,G80129,1045,51.99466945954982,1.5,2019-04-27,2.2916666666666665,4.830357142857143,57.66666666666666,40.94047619047619,9.070833333333333,14.188690476190475,0.0,1.6,15.200000000000001,Taylor,1455,36.78187988322715
2019-V80138,V80138,1093,18.869920761553598,4.0,2019-04-27,8.729166666666666,9.804166666666665,49.41666666666666,64.41071428571428,10.083333333333334,4.5738095238095235,0.0,6.4,131.4,Campbell River,35949,5.196457859758214
2019-C10094,C10094,211,38.02842771038927,12.7,2019-02-21,-13.454166666666666,-12.555357142857142,57.0,68.0,5.054166666666666,5.5130952380952385,0.0,2.0,16.6,Vanderhoof,4575,88.35845292628105
2019-C40192,C40192,244,19.2754742032787,2.0,2019-05-08,10.658333333333331,6.352380952380953,42.375,51.904761904761905,11.370833333333332,9.26845238095238,0.0,3.399999999999998,43.2,100 Mile House,1998,24.80557595870189
2019-K20194,K20194,307,16.171308977158954,2.3,2019-05-08,11.3875,7.358928571428572,50.25,56.589285714285715,11.395833333333334,7.992261904761905,0.0,0.0,10.0,Kamloops,100630,23.43179213992987
2019-V60236,V60236,944,13.081199984004083,3.4,2019-05-11,12.779166666666669,13.947619047619046,75.75,64.2797619047619,5.966666666666666,5.485119047619047,0.0,0.0,123.2,Sooke,14800,23.43175958804497
2019-G80227,G80227,1045,48.91263332236749,9.0,2019-05-06,5.708333333333333,0.41878881987577643,66.58333333333333,69.10636645962732,6.979166666666667,9.095419254658385,0.0,4.4,21.000000000000004,Fort St John,22377,19.651356372733503
2019-G10272,G10272,190,26.12626069182102,8.3,2019-05-13,10.504166666666666,10.35,46.833333333333336,60.19642857142856,4.766666666666667,4.663095238095238,0.0,0.0,37.0,Prince George,80196,26.507395570986294
2019-G80260,G80260,136,30.52495271684577,298.6,2019-04-08,5.654166666666666,-1.798214285714286,42.083333333333336,72.37500000000001,18.0875,11.589880952380954,,,,Hudson's Hope,1027,30.74034888892161
2019-G90283,G90283,121,61.97486229471448,28.3,2019-05-12,9.795833333333333,10.194047619047621,43.958333333333336,47.46428571428571,13.129166666666668,7.942857142857143,0.0,0.2,5.0,Fort St John,22377,232.82882941670587
2019-G80318,G80318,1045,24.862990484098628,7.6,2019-05-19,14.29090909090909,9.280357142857143,38.68181818181818,52.577380952380956,12.745454545454544,11.664880952380953,0.0,0.6,8.4,Fort St John,22377,43.69109003149091
2019-G60370,G60370,148,61.99285039887631,12.6,2019-05-27,16.579166666666666,11.379166666666666,35.25,55.845238095238095,7.270833333333333,5.867857142857143,0.0,8.0,21.0,Hudson's Hope,1027,132.43259558658826
2019-N60437,N60437,390,10.031958707292029,11.2,2019-05-30,13.895833333333334,12.72797619047619,75.79166666666667,70.10119047619047,4.091666666666667,3.674404761904762,0.4,7.399999999999999,17.4,Penticton,37460,24.2751190789294
2019-K20417,K20417,232,8.223210030361413,15.4,2019-05-30,16.254166666666666,12.153571428571427,55.04166666666666,64.00595238095238,5.133333333333334,5.05952380952381,0.0,10.600000000000001,23.599999999999998,Clearwater,2402,26.481547521533955
2019-K20467,K20467,291,11.65498958464874,1.6,2019-06-03,11.075,15.520238095238096,46.25,47.982142857142854,8.950000000000001,5.922023809523809,0.0,0.0,48.8,Kamloops,100630,27.392613550041453
2019-N10484,N10484,1075,9.262700362227145,47.0,2019-06-04,18.916666666666668,17.998809523809523,30.625,57.22619047619048,9.704166666666667,5.849404761904762,0.0,6.200000000000001,26.4,Fernie,6267,53.9862801536684
2019-K50430,K50430,328,4.32868961355149,2.9,2019-06-01,23.891666666666666,19.052380952380954,31.08333333333333,52.52380952380952,5.0625,3.2130952380952382,0.0,2.2,16.200000000000003,Penticton,37460,0.4536381783430895
2019-N10122,N10122,886,19.83893492213257,6.9,2019-04-25,5.8125,7.182738095238095,49.0,70.52976190476191,6.216666666666666,6.827380952380952,0.0,12.2,46.4,Fernie,6267,7.37671728590483
2019-G90535,G90535,118,47.50107994117344,1.2,2019-06-09,10.1125,6.305952380952382,72.58333333333333,79.2797619047619,7.7875,9.160119047619046,3.2,12.4,25.4,Fort St John,22377,346.29688593453744
2019-K20596,K20596,322,21.105974361847224,3.0,2019-06-15,22.695833333333336,18.68097826086957,34.291666666666664,48.82505175983437,8.366666666666667,11.677872670807451,0.0,1.6,10.0,Kamloops,100630,5.244724400394509
2019-C40654,C40654,244,19.583253811433565,4.2,2019-06-18,12.016666666666666,16.517261904761906,58.04166666666666,48.11904761904761,11.208333333333334,8.636904761904763,0.0,0.8,32.2,100 Mile House,1998,22.547674028173525
2019-N20636,N20636,790,14.472175657905606,4.2,2019-06-13,17.860869565217392,10.861309523809524,54.47826086956522,65.87499999999999,7.647826086956522,7.184523809523809,0.0,9.8,27.2,Canal Flats,768,26.579920593756047
2019-G90640,G90640,599,55.83302564437104,13.5,2019-06-17,18.92083333333333,18.470238095238095,66.91666666666667,58.339285714285715,5.366666666666667,6.503571428571429,0.0,3.4000000000000004,27.200000000000003,Fort St John,22377,354.16301711554337
2019-V50714,V50714,1251,26.461707540235672,9.1,2019-06-24,13.429166666666667,15.438690476190477,73.16666666666667,67.64880952380952,4.633333333333334,4.816666666666667,0.0,0.0,6.2,Parksville,13426,36.89385063311734
2019-G90719,G90719,118,31.997713943508007,5.5,2019-06-25,16.816666666666666,10.94702380952381,62.458333333333336,83.80952380952381,7.341666666666668,9.413690476190476,1.4,53.800000000000004,83.4,Fort St John,22377,350.4886724029095
2019-R90909,R90909,108,37.84507920252182,5.5,2019-07-06,20.675,18.740476190476187,48.875,56.42857142857143,7.970833333333334,8.535119047619046,0.0,2.1999999999999993,56.4,Stewart,491,274.84630180180744
2019-G80933,G80933,136,38.41560601807258,10.3,2019-07-12,16.008333333333333,12.769887539996237,67.54166666666667,74.71612083568606,14.7,8.845400432900432,0.0,0.0,86.6,Fort St John,22377,35.49110022809772
2019-VA0920,VA0920,1199,38.17740897487007,33.3,2019-07-10,10.770833333333334,12.261309523809526,93.16666666666669,79.25,4.75,9.857738095238094,7.0,2.4,71.8,Kitimat,8395,177.14038000498564
2019-G10597,G10597,153,22.0348725023168,2.7,2019-06-14,14.020833333333334,12.080357142857144,74.125,75.39880952380952,5.270833333333333,7.4750000000000005,0.0,12.600000000000003,37.6,Mackenzie,3868,36.180442746573824
2019-G90982,G90982,118,62.68711433718836,4.1,2019-07-17,20.054166666666667,16.63214285714286,50.0,62.839285714285715,8.495833333333334,9.633333333333335,0.0,5.2,73.80000000000001,Fort St John,22377,400.70574406098416
2019-G90969,G90969,440,34.53789489149769,12.9,2019-07-07,15.995833333333332,15.991071428571429,69.79166666666667,67.45833333333334,6.9625,5.525595238095238,0.0,6.8,54.2,Stewart,491,382.044542669337
2019-G90998,G90998,440,35.011120168577094,1.5,2019-07-20,17.204166666666666,15.574404761904761,76.5,73.83928571428571,5.404166666666666,5.277380952380952,0.0,19.6,51.599999999999994,Stewart,491,436.9594971427417
2019-G91031,G91031,117,72.68205356643956,2.3,2019-07-22,19.65,18.041071428571428,68.20833333333333,68.01785714285714,3.7916666666666665,5.817857142857143,4.6,17.8,38.60000000000001,Fort St John,22377,226.34100085518045
2019-G41084,G41084,654,12.144439787671065,1.7,2019-07-24,14.129166666666668,13.91547619047619,57.083333333333336,70.19047619047619,12.9375,8.91904761904762,1.6,8.2,64.4,Fraser Lake,969,9.88071402034354
2019-R90897,R90897,1377,5.180815048393781,48.4,2019-07-07,22.77083333333333,21.47678571428571,50.5,54.851190476190474,6.470833333333334,8.224404761904763,0.0,0.6,32.2,Stewart,491,56.55856676289609
2019-K51089,K51089,334,20.914653992949614,387.4,2019-07-23,21.695833333333336,16.798809523809524,49.25,49.857142857142854,6.404166666666666,6.866071428571428,0.0,2.0,33.4,Osoyoos,5527,12.437489488914943
2019-R90918,R90918,1377,49.82924206785099,136.8,2019-07-10,19.7125,21.49285714285714,62.875,54.47023809523809,6.883333333333333,7.302380952380952,0.0,11.0,42.2,Stewart,491,100.6892828787611
2019-N11171,N11171,791,8.678649499269525,32.9,2019-07-30,19.1125,17.135119047619046,43.958333333333336,57.31547619047619,7.2875,7.657738095238095,0.0,5.4,61.400000000000006,Cranbrook,21278,27.814233662926355
2019-R51309,R51309,113,40.63224210215874,44.4,2019-08-07,20.40833333333333,16.80892857142857,68.20833333333333,70.66666666666667,4.454166666666667,4.175595238095238,0.0,22.0,72.80000000000001,Stewart,491,50.77015075311189
2019-N40062,N40062,1262,12.94638185377243,27.7,2019-04-16,0.0454545454545454,-0.25176427092576176,75.45454545454545,80.96725820763088,2.909090909090909,3.6202898550724636,,0.0,0.0,Revelstoke,8590,1.7339396126850946
2019-C21414,C21414,206,41.89540553246053,1.2,2019-08-14,13.725,15.35,67.45833333333333,66.53571428571429,4.7,6.357142857142857,3.6,6.200000000000004,72.2,Williams Lake,11381,46.84775965916564
2019-K21435,K21435,311,17.45957733538171,5.8,2019-08-17,15.208333333333334,16.536309523809525,58.75,62.327380952380956,8.495833333333334,7.814285714285715,0.0,7.9999999999999964,30.4,Ashcroft,1634,1.2637215119124143
2019-V71472,V71472,1383,15.121232731652857,3.1,2019-08-19,14.458333333333334,15.29,75.29166666666667,77.85208333333333,12.395833333333334,6.5625,0.0,0.0,0.0,Port Alberni,18631,3.8964158668262887
2019-K60152,K60152,302,26.495092659874818,17.1,2019-05-01,4.95,3.229761904761905,48.958333333333336,56.06547619047619,13.291666666666666,8.68452380952381,0.0,2.2,9.399999999999999,Merritt,7522,2.837780012843696
2019-K60153,K60153,302,22.631473541029216,1.6,2019-05-01,4.95,3.229761904761905,48.958333333333336,56.06547619047619,13.291666666666666,8.68452380952381,0.0,2.2,9.399999999999999,Merritt,7522,14.011546569010529
2019-N71697,N71697,380,5.0980793403237366,4.8,2019-08-03,18.5875,19.76547619047619,54.5,45.767857142857146,11.854166666666666,9.566666666666666,0.0,0.0,63.6,Kaslo,1059,7.01461692239368
2019-V31674,V31674,1083,18.214657950495315,1.1,2019-09-04,19.0,19.365864389233955,58.79166666666666,60.03053830227743,5.0875,5.296842650103519,0.0,0.0,4.000000000000008,Pemberton,3251,29.220518224533844
2019-K41592,K41592,882,21.31566310915998,5.3,2019-08-31,17.941666666666666,14.438095238095238,65.58333333333333,67.44642857142857,5.733333333333333,5.747619047619047,0.0,13.999999999999993,52.599999999999994,Sicamous,2708,15.93417283987696
2019-K51708,K51708,283,15.864147210052035,11.4,2019-09-05,15.204166666666666,15.536309523809523,59.16666666666666,60.541666666666664,5.216666666666667,7.2232142857142865,0.0,18.4,29.2,Peachland,5710,22.51739154992897
2019-K61709,K61709,302,14.739425160698325,0.4,2019-09-03,13.504166666666668,16.348214285714285,70.25,58.05357142857143,5.645833333333333,9.236309523809524,0.0,0.0,8.0,Merritt,7522,27.98138119840852
2019-K61721,K61721,279,14.798967633817009,8.3,2019-09-03,14.475,14.758333333333331,60.583333333333336,62.142857142857146,7.608333333333333,7.248214285714285,0.0,5.199999999999998,7.6000000000000005,Merritt,7522,25.23418265844899
2019-K61682,K61682,302,6.973569868603915,4.3,2019-09-04,14.6375,16.007738095238096,68.58333333333333,60.732142857142854,12.025,8.820833333333335,4.4,0.0,8.0,Merritt,7522,18.910316566856405
2019-K71327,K71327,1029,27.89272628450068,1.1,2019-08-09,21.2125,19.51785714285714,39.91666666666666,48.44642857142857,5.5625,6.702380952380953,0.0,9.2,24.799999999999997,Lillooet,2341,28.021322808873308
2020-C50012,C50012,209,13.161135742874352,1.2,2020-04-06,1.2708333333333333,-4.1571428571428575,42.208333333333336,48.42857142857143,7.6875,9.034523809523808,0.0,0.0,1.2,Williams Lake,11381,67.70429142983191
2020-C50010,C50010,209,18.234694618469057,13.2,2020-04-06,1.2708333333333333,-4.1571428571428575,42.208333333333336,48.42857142857143,7.6875,9.034523809523808,0.0,0.0,1.2,Williams Lake,11381,66.9849583672687
2020-C50036,C50036,209,22.4044824743829,0.3,2020-04-10,7.0125,0.789285714285714,48.333333333333336,42.517857142857146,7.854166666666667,6.692261904761905,0.0,0.0,1.2,Williams Lake,11381,62.95421101691515
2020-V30030,V30030,301,8.36411488713951,1.8,2020-04-08,7.975,4.1535714285714285,65.08333333333333,61.095238095238095,3.8666666666666663,5.1309523809523805,0.0,4.4,29.200000000000003,Pemberton,3251,7.947321569669724
2020-C50047,C50047,209,0.1815779192433098,0.8,2020-04-12,0.8041666666666667,3.395833333333333,39.625,40.24404761904761,7.241666666666667,7.436904761904762,0.0,0.0,1.2,Williams Lake,11381,73.75083651573522
2020-C20057,C20057,210,0.8342524472805309,3.8,2020-04-13,4.4375,2.1077380952380933,44.54166666666666,47.351190476190474,10.3875,10.736904761904762,0.0,0.0,3.8000000000000003,Williams Lake,11381,28.96105626099041
2020-V10062,V10062,1040,21.17284959786084,10.9,2020-04-14,7.908333333333334,6.691071428571428,54.54166666666666,56.148809523809526,5.666666666666667,6.018452380952381,0.0,6.0,107.8,Hope,6796,21.950230764825385
2020-N10043,N10043,412,0.5789738929475611,1.7,2020-04-11,0.7333333333333334,4.921428571428572,38.083333333333336,53.86309523809524,24.60833333333333,7.986309523809524,0.0,5.8000000000000105,17.600000000000005,Fernie,6267,20.971106958078373
2020-K70045,K70045,1055,2.7108108847680965,30.8,2020-04-12,7.1375,8.93452380952381,22.875,46.72619047619047,9.0,9.213095238095237,0.0,1.0,8.4,Lytton,222,15.454634607663198
2020-K60048,K60048,291,9.98015838119762,68.7,2020-04-12,-0.9208333333333332,2.2535714285714286,29.125,48.39880952380952,7.295833333333333,5.894642857142857,0.0,0.2,9.8,Merritt,7522,27.16253316343532
2020-V30074,V30074,292,13.50707507237566,0.5,2020-04-16,8.745833333333334,8.431547619047619,56.91666666666666,52.386904761904766,3.170833333333333,3.6351190476190474,0.0,0.8,17.2,Pemberton,3251,15.054738910278797
2020-N60078,N60078,390,9.481779924568542,5.3,2020-04-16,3.4958333333333336,3.710714285714286,56.25,58.07142857142857,3.4458333333333333,5.188690476190476,0.0,7.4,15.599999999999998,Penticton,37460,33.2578340164402
2020-N10091,N10091,1075,8.80758528524256,7.4,2020-04-17,8.220833333333333,3.7172619047619047,43.958333333333336,47.07142857142856,6.770833333333333,5.776190476190477,0.0,0.799999999999999,16.000000000000004,Fernie,6267,49.210360376679375
2020-G80109,G80109,1045,6.407229495509017,1.1,2020-04-20,11.245454545454546,4.254736024844719,45.5,56.588768115942024,12.318181818181818,9.99914596273292,0.0,0.5999999999999982,6.4,Fort St John,22377,39.1067933261787
2020-R40105,R40105,428,34.02574563621606,0.8,2020-04-19,9.966666666666669,7.227380952380953,58.29166666666666,68.63095238095238,6.616666666666667,4.458333333333334,0.0,10.8,36.2,New Hazelton,607,0.0
2020-C50100,C50100,209,15.55839949421398,2.0,2020-04-19,11.541666666666666,6.632738095238095,44.958333333333336,53.583333333333336,7.183333333333334,7.234523809523809,0.0,5.6000000000000005,6.8,Williams Lake,11381,68.18847227281894
2020-G80116,G80116,132,39.06098171773326,115.1,2020-04-17,5.758333333333333,3.414285714285715,85.54166666666667,57.351190476190474,6.3875,8.608928571428573,2.0,3.5999999999999996,21.0,Hudson's Hope,1027,19.617863623886915
2020-R40115,R40115,431,4.972692246091459,2.5,2020-04-20,9.5,7.167261904761905,59.29166666666666,63.779761904761905,9.35,5.735119047619048,0.0,1.0,30.8,Hazelton,301,48.9275238957675
2020-G80127,G80127,136,25.009184173480037,14.8,2020-04-22,8.254166666666666,8.001785714285715,40.458333333333336,43.76190476190476,22.47083333333333,15.611309523809524,0.0,1.1999999999999995,4.6,Hudson's Hope,1027,39.6634732410948
2020-G80168,G80168,124,7.4582596880668515,25.4,2020-04-27,5.741666666666667,8.071428571428571,57.708333333333336,46.72023809523809,11.691666666666668,11.023809523809524,0.0,5.4,14.799999999999999,Hudson's Hope,1027,34.86865763172501
2020-K20182,K20182,322,20.52997193707926,1.5,2020-05-01,12.216666666666669,9.745238095238095,40.583333333333336,54.47619047619047,13.470833333333331,14.888095238095238,0.0,2.2,6.200000000000002,Kamloops,100630,0.0
2020-G10254,G10254,175,15.698421615785438,7.0,2020-05-11,9.220833333333331,9.25,37.75,49.470238095238095,9.029166666666669,10.317261904761905,0.0,6.799999999999997,12.200000000000001,Prince George,80196,12.414474282270971
2020-K20275,K20275,311,18.84675701839836,1.1,2020-05-15,10.4875,12.376785714285715,68.83333333333333,42.63095238095239,6.716666666666666,8.570833333333335,4.2,0.0,10.0,Ashcroft,1634,3.450679217365804
2020-G70303,G70303,132,36.368123082430266,1.2,2020-05-24,14.454166666666666,8.958928571428572,47.91666666666666,82.33928571428571,15.191666666666668,6.4071428571428575,0.0,21.0,26.8,Chetwynd,2512,11.81381671619491
2020-G70311,G70311,127,8.53883889074024,2.9,2020-05-27,10.920833333333334,8.936904761904762,38.79166666666666,70.42857142857143,10.325,9.757738095238096,0.0,20.2,26.0,Tumbler Ridge,2422,0.0
2020-K70415,K70415,1339,14.018248292976033,1.9,2020-06-27,14.382608695652175,19.58589544513458,80.26086956521739,66.54399585921325,5.943478260869565,7.002225672877848,0.0,5.800000000000014,49.800000000000004,Lytton,222,11.209017403009817
2020-K20531,K20531,322,5.251860376381825,3.1,2020-07-14,18.34583333333333,15.392857142857142,51.29166666666666,63.30357142857143,6.2875000000000005,9.725595238095238,0.0,6.599999999999998,72.60000000000001,Kamloops,100630,0.0
2020-V60595,V60595,45,34.84451867232704,2.0,2020-07-21,18.95,18.117857142857144,76.04166666666667,74.05952380952382,8.237499999999999,7.033928571428571,0.0,0.0,13.2,Langford,43509,0.0
2020-K50732,K50732,1332,9.373804276072397,18.2,2020-06-29,11.895833333333334,13.09345238095238,65.875,68.0,5.875,5.967857142857143,5.0,4.8,71.4,Penticton,37460,22.684204073749044
2020-C40806,C40806,236,29.46413610440738,1.2,2020-08-01,20.616666666666667,18.282142857142855,55.208333333333336,59.75595238095237,6.095833333333334,7.00952380952381,0.0,0.0,95.4,Clinton,687,4.738239689776042
2020-V60740,V60740,11,26.288298924444984,16.9,2020-07-31,16.658333333333335,18.982738095238094,71.95833333333333,57.333333333333336,1.9375,0.8785714285714287,0.0,0.0,43.0,Lantzville,3839,21.79567267180811
2020-K50848,K50848,1277,3.7769193302155313,3.0,2020-08-02,26.504166666666663,26.422619047619047,26.666666666666668,32.19642857142857,6.945833333333333,6.095833333333333,0.0,0.0,10.800000000000004,West Kelowna,35955,0.0
2020-V10874,V10874,67,22.706491269408904,15.4,2020-08-02,20.245833333333334,22.080357142857142,70.58333333333333,67.79761904761905,7.083333333333333,6.898809523809524,0.0,0.0,24.0,Kent,6589,3.683528146108861
2020-K40921,K40921,882,5.34687480529598,1.6,2020-08-04,17.641666666666666,21.12261904761905,64.125,50.35714285714285,5.654166666666666,6.117261904761905,0.0,1.2000000000000002,50.60000000000001,Sicamous,2708,5.937441367245447
2020-K50962,K50962,328,4.714953221160879,1.4,2020-08-06,18.991666666666667,25.61130952380952,57.583333333333336,37.154761904761905,5.6375,6.067261904761905,0.0,1.7999999999999983,8.4,Penticton,37460,1.9577624393412243
2020-V50747,V50747,1349,28.824670928471622,2.8,2020-07-31,16.720833333333335,15.019642857142856,55.41666666666666,55.410714285714285,5.270833333333333,2.922619047619048,4.0,1.000000000000007,41.2,Campbell River,35949,93.73692735044388
2020-N11005,N11005,426,6.377500759574673,2.9,2020-08-08,16.833333333333332,21.77202380952381,48.16666666666666,45.3154761904762,8.516666666666667,9.028571428571428,0.0,7.199999999999993,10.0,Kimberley,8090,0.5283482625737901
2020-R21068,R21068,180,9.043265906410891,5.9,2020-08-01,16.883333333333333,17.245238095238093,62.083333333333336,58.34523809523809,6.4750000000000005,5.658928571428571,1.6,0.0,17.4,Houston,3140,62.362064024385376
2020-K41122,K41122,480,24.9155765875724,1.1,2020-08-16,20.320833333333333,10.245082815734989,34.541666666666664,65.79399585921325,10.179166666666667,5.5675983436853,0.0,0.0,0.0,Coldstream,11302,8.774677830207725
2020-V61168,V61168,45,32.23360970441453,5.4,2020-08-17,19.941666666666663,16.80297619047619,72.0,73.83928571428571,7.383333333333333,6.047023809523809,0.0,0.8000000000000054,10.8,Sooke,14800,6.679882379722397
2020-V61180,V61180,45,29.826997558637,2.2,2020-08-17,19.941666666666663,16.80297619047619,72.0,73.83928571428571,7.383333333333333,6.047023809523809,0.0,0.8000000000000054,10.8,Sooke,14800,9.50872434865646
2020-V61194,V61194,59,12.658005335197815,0.7,2020-08-17,24.633333333333336,19.036309523809525,60.16666666666666,64.35119047619047,7.204166666666667,6.192857142857143,0.0,0.0,24.39999999999999,Ladysmith,9133,9.794656643802083
2020-K51304,K51304,283,16.038235312794836,6.6,2020-08-18,21.6125,15.3375,26.291666666666668,49.613095238095234,10.104166666666666,7.494642857142857,0.0,0.0,0.0,Summerland,12161,13.583849329803876
2020-K41325,K41325,363,25.895610383484406,6.8,2020-08-01,23.379166666666663,19.972619047619048,68.25,65.54166666666666,6.229166666666667,5.819047619047619,0.0,4.000000000000007,98.0,Revelstoke,8590,24.187956423707742
2020-K41295,K41295,363,27.402826896384838,3.6,2020-08-17,21.129166666666663,16.79345238095238,71.83333333333333,68.4047619047619,5.383333333333333,5.360714285714286,0.0,0.0,36.0,Revelstoke,8590,25.790906937990076
2020-V61167,V61167,934,7.757496643562487,6.1,2020-08-17,21.65,17.938095238095237,68.875,67.99404761904762,5.954166666666667,5.247619047619048,0.6,0.0,12.399999999999999,Lake Cowichan,3431,3.191309513122368
2020-V31176,V31176,301,15.617255406221965,34.2,2020-08-17,23.50833333333333,18.577976190476193,66.54166666666667,67.90476190476191,3.8125,3.811309523809524,0.0,0.0,8.2,Pemberton,3251,15.144710978904952
2020-K61363,K61363,1399,5.236747529519245,2.0,2020-08-22,18.1625,22.732738095238094,44.458333333333336,43.36904761904761,22.79583333333333,12.713690476190477,,,,Merritt,7522,1.4238158105434655
2020-K21208,K21208,1176,7.0893095990657065,39.5,2020-08-17,24.120833333333334,16.208333333333332,49.66666666666666,65.0952380952381,6.4750000000000005,5.608333333333333,0.2,1.2,41.2,Clearwater,2402,31.798314763291614
2020-K71220,K71220,1024,6.796491301884378,10.9,2020-08-17,21.15,13.164285714285715,38.16666666666666,60.529761904761905,14.083333333333334,10.43452380952381,0.0,0.0,6.6,Lytton,222,21.900963414599257
2020-N11451,N11451,789,13.081189596976175,3.1,2020-08-07,10.066666666666666,19.88809523809524,70.875,48.392857142857146,8.904166666666667,8.226785714285715,9.4,0.0,14.799999999999999,Cranbrook,21278,5.286350901708027
2020-N21450,N21450,417,15.275695147547658,1.3,2020-08-28,18.65,18.026190476190475,36.16666666666666,47.31547619047618,6.008333333333333,8.388690476190476,0.0,2.0000000000000036,18.2,Radium Hot Springs,1144,14.985353280203226
2020-K41637,K41637,298,10.725690222178452,26.9,2020-09-07,20.116666666666667,21.201785714285712,27.58333333333333,46.19642857142857,9.5625,5.608333333333334,0.0,0.0,4.3999999999999995,Vernon,44267,0.2983449736898506
2020-N51248,N51248,404,16.33403236492364,1.2,2020-08-18,24.58333333333333,20.41488095238095,41.375,40.839285714285715,6.15,5.6119047619047615,0.6,0.0,15.800000000000008,Nelson,11505,16.85607452112903
2020-K71750,K71750,1083,25.87355208067642,18.4,2020-09-12,20.013636363636365,20.49585383560539,55.54545454545455,44.676205264714575,3.2409090909090907,4.314532749858837,0.0,0.0,29.80000000000001,Pemberton,3251,65.09662529990193
2020-N41302,N41302,361,3.9329752830554288,7.3,2020-08-19,19.48333333333333,16.40595238095238,46.41666666666666,63.06547619047619,6.108333333333333,6.341666666666667,0.0,4.600000000000007,51.8,Revelstoke,8590,103.23066823031694
2020-K41841,K41841,1359,10.486366668131256,0.4,2020-10-04,13.933333333333332,13.339880952380952,56.458333333333336,66.29166666666667,5.595833333333334,4.752976190476191,0.0,0.8,15.799999999999999,Kamloops,100630,20.12955370020252
2020-V11633,V11633,72,26.4617175491862,1.9,2020-09-07,19.695833333333333,17.08154761904762,56.16666666666666,85.38690476190477,4.970833333333333,2.625595238095238,0.0,0.4000000000000071,46.199999999999996,Mission,42836,4.665801892163867
2020-V30067,V30067,1221,20.23818697118962,204.0,2020-04-15,4.833333333333333,2.7035714285714283,31.541666666666668,38.738095238095234,5.1625000000000005,2.4625,0.0,0.0,47.2,Squamish,22601,2.3597546411744714
2020-N11283,N11283,426,13.98044059822338,4.9,2020-08-18,23.829166666666666,20.352380952380948,42.875,38.535714285714285,9.041666666666666,8.949404761904761,0.0,0.5999999999999929,7.8,Cranbrook,21278,15.21638573081811
2020-K40276,K40276,480,7.98019684002949,2.1,2020-05-15,4.016666666666667,5.553571428571429,90.16666666666669,68.60714285714286,3.4875000000000003,4.045238095238096,0.0,0.0,0.0,Coldstream,11302,4.993920626728553
2021-C50023,C50023,209,17.522513118445396,6.4,2021-04-02,1.925,3.2815476190476183,54.458333333333336,56.13690476190476,3.9625,8.07202380952381,0.0,5.4,6.800000000000001,Williams Lake,11381,67.93561498395522
2021-C50024,C50024,209,19.19035640462741,3.0,2021-04-02,1.925,3.2815476190476183,54.458333333333336,56.13690476190476,3.9625,8.07202380952381,0.0,5.4,6.800000000000001,Williams Lake,11381,66.63640234147138
2021-K50191,K50191,334,9.38647065630088,0.6,2021-04-14,8.71304347826087,2.741045548654245,26.0,42.963768115942024,6.934782608695652,7.710817805383022,0.0,0.4000000000000018,4.200000000000002,Osoyoos,5527,2.857423545583228
2021-C50169,C50169,209,8.365939855809422,3.4,2021-04-11,1.4541666666666666,2.9684523809523804,39.958333333333336,49.613095238095234,5.9875,7.598809523809523,0.0,2.8000000000000007,9.0,Williams Lake,11381,82.0057150134196
2021-C50172,C50172,209,8.361297791331397,5.3,2021-04-11,1.4541666666666666,2.9684523809523804,39.958333333333336,49.613095238095234,5.9875,7.598809523809523,0.0,2.8000000000000007,9.0,Williams Lake,11381,81.90421555345841
2021-C50184,C50184,209,11.635448197268484,37.9,2021-04-13,4.254166666666666,2.8249999999999993,38.04166666666666,46.988095238095234,4.233333333333333,7.310119047619047,0.0,2.200000000000001,9.0,Williams Lake,11381,67.15622689938355
2021-C20224,C20224,225,28.50418978386564,2.7,2021-04-15,9.4625,2.8440476190476196,47.333333333333336,48.202380952380956,4.466666666666667,6.343452380952381,0.0,4.199999999999993,15.599999999999985,Williams Lake,11381,7.831499134433633
2021-C50327,C50327,209,4.605084115106048,3.3,2021-04-19,7.191666666666666,8.779166666666667,37.75,39.02380952380952,6.0875,5.852380952380953,0.0,0.0,9.0,Williams Lake,11381,70.31751614409215
2021-C50366,C50366,216,0.1262017886790868,38.4,2021-04-21,6.916666666666667,6.394642857142857,41.66666666666666,47.113095238095234,8.775,6.063690476190476,0.0,0.0,15.0,Williams Lake,11381,133.47341710058953
2021-G80389,G80389,1045,45.86636526956211,1.8,2021-04-23,1.325,4.739518633540371,40.75,52.94306418219462,8.549999999999999,9.446376811594202,0.0,2.3999999999999964,4.4,Taylor,1455,0.4266708109189508
2021-K50388,K50388,328,3.4027831903184893,1.5,2021-04-23,9.595833333333331,12.923809523809524,40.833333333333336,34.13690476190476,5.3,5.868452380952381,0.0,0.0,0.0,Penticton,37460,1.873294290685368
2021-K50390,K50390,328,16.35912598795965,2.5,2021-04-22,11.579166666666667,13.038690476190476,36.29166666666666,33.57142857142857,8.395833333333334,5.35297619047619,0.0,0.0,0.0,Penticton,37460,8.383842323013315
2021-C20385,C20385,832,13.10655033021885,48.7,2021-04-22,4.2375,11.031547619047618,35.833333333333336,29.089285714285715,17.283333333333335,9.689880952380951,0.0,0.0,7.9999999999999964,100 Mile House,1998,60.45336070631588
2021-R40422,R40422,428,18.632358314669105,1.1,2021-04-27,5.791666666666667,8.411309523809523,70.25,46.91666666666667,5.6000000000000005,7.482142857142857,0.6,0.0,0.2,New Hazelton,607,0.5998053304714376
2021-G80438,G80438,136,52.59287180147843,2.2,2021-04-24,0.1625000000000001,3.3720238095238093,39.29166666666666,51.017857142857146,8.762500000000001,12.525000000000002,0.0,1.2000000000000002,1.400000000000007,Fort St John,22377,20.713238171338965
2021-G80471,G80471,1045,19.98738761760454,17.0,2021-05-07,11.1875,8.592805383022773,57.25,55.93115942028986,14.433333333333332,12.955564182194617,0.6,0.5999999999999964,6.2,Fort St John,22377,23.28769873616537
2021-C50222,C50222,209,8.592367823576167,13.1,2021-04-15,10.958333333333334,3.4136904761904754,41.833333333333336,41.279761904761905,5.3,7.133928571428571,0.0,1.000000000000001,9.0,Williams Lake,11381,81.80191962851185
2021-N70508,N70508,379,14.37950967923962,6.4,2021-05-14,12.141666666666666,9.150595238095237,57.083333333333336,68.38690476190476,5.195833333333334,5.501785714285714,0.0,7.599999999999993,26.6,Kaslo,1059,41.54481625862776
2021-V10532,V10532,1040,13.584572433014094,17.7,2021-05-17,11.1125,13.453571428571427,78.25,67.82142857142857,6.479166666666667,4.921428571428572,0.8,0.9999999999999929,46.39999999999999,Kent,6589,26.165560749132183
2021-C50413,C50413,209,7.82993959015198,1.3,2021-04-24,6.391666666666667,8.344642857142857,28.916666666666668,37.3154761904762,8.333333333333334,7.632142857142857,0.0,0.0,8.6,Williams Lake,11381,68.9925913117699
2021-G70728,G70728,437,11.739683384522714,1.8,2021-06-06,9.920833333333333,15.189285714285715,46.958333333333336,45.738095238095234,13.266666666666666,15.528571428571427,0.0,0.0,68.39999999999999,Tumbler Ridge,2422,21.094835100539797
2021-K50901,K50901,328,24.190054519565077,46.9,2021-06-24,25.275,22.925000000000004,39.0,39.172619047619044,7.391666666666667,5.738690476190476,0.0,0.0,28.799999999999997,Penticton,37460,14.082440840605646
2021-K50974,K50974,1277,22.09394770857848,0.7,2021-06-28,34.02916666666667,27.175,25.20833333333333,32.523809523809526,4.683333333333334,6.402380952380952,0.0,0.0,13.600000000000003,Peachland,5710,0.9811812035416164
2021-G81007,G81007,120,32.99750457118497,3359.0,2021-06-28,27.53333333333333,19.860119047619047,53.333333333333336,53.62499999999999,3.525,4.470833333333333,0.0,7.7,106.0,Hudson's Hope,1027,104.73672005567046
2021-G91065,G91065,118,22.327495917524168,100.1,2021-06-29,27.454166666666666,21.69107142857143,55.208333333333336,52.339285714285715,12.616666666666667,13.789285714285715,1.4,26.4,192.39999999999998,Fort St John,22377,367.9664581456425
2021-N51165,N51165,407,23.70843473458321,20.8,2021-07-01,24.7875,24.863690476190477,42.458333333333336,41.88095238095237,7.054166666666667,7.564880952380952,0.0,0.0,45.99999999999999,Castlegar,8595,0.0592944675615424
2021-N71279,N71279,1092,18.10435706258795,5.9,2021-07-02,19.133333333333333,23.335008469791074,55.75,41.200710521362694,6.125,5.793722943722945,0.0,0.0,18.799999999999997,Nakusp,1709,55.1783235368944
2021-N21319,N21319,425,23.11527734289785,4.6,2021-07-03,21.1875,25.01904761904762,54.54166666666666,41.25595238095239,7.895833333333333,7.639880952380953,0.0,0.0,24.000000000000007,Canal Flats,768,10.962948881985614
2021-C11206,C11206,166,32.96980157852499,0.2,2021-07-01,20.954166666666666,23.84047619047619,44.16666666666666,50.36309523809524,8.566666666666666,5.376785714285715,1.0,0.0,35.400000000000006,Vanderhoof,4575,103.07609817480296
2021-C11060,C11060,211,0.6014181569336409,0.3,2021-06-30,24.7625,22.941666666666663,55.125,56.47023809523809,5.883333333333333,5.170238095238096,0.0,1.000000000000007,33.2,Quesnel,10388,71.16528481180772
2021-G91020,G91020,131,43.982527832546666,3470.2,2021-06-28,24.820833333333336,20.542261904761904,57.458333333333336,46.857142857142854,6.2,11.674404761904762,0.0,0.9999999999999929,68.79999999999998,Hudson's Hope,1027,181.9553797900777
2021-N41262,N41262,868,20.97957296523041,22.1,2021-07-01,26.34166666666667,25.051190476190474,44.29166666666666,42.89285714285713,9.3625,6.617261904761902,0.0,0.0,62.599999999999994,Clearwater,2402,90.38619212468522
2021-K51453,K51453,334,13.063447536154596,1.9,2021-07-05,22.572727272727278,27.676785714285717,39.40909090909091,32.76190476190476,6.395454545454545,7.788690476190475,0.0,0.0,26.4,Osoyoos,5527,4.723386628649026
2021-V11341,V11341,93,6.906257041549794,1.8,2021-07-03,16.104166666666668,18.232789855072465,71.91666666666667,70.47282608695653,6.5375000000000005,5.719254658385094,0.0,0.0,37.600000000000016,Daajing Giids,969,4.258141926103548
2021-N21360,N21360,425,29.42610073975492,25.1,2021-07-03,21.1875,25.01904761904762,54.54166666666666,41.25595238095239,7.895833333333333,7.639880952380953,0.0,0.0,24.000000000000007,Canal Flats,768,38.76172756221608
2021-K41277,K41277,388,12.852895472711609,27.9,2021-07-02,21.066666666666663,26.098214285714285,52.083333333333336,39.52380952380952,4.795833333333333,4.685714285714285,0.0,0.0,53.0,Lumby,2058,42.995892012173606
2021-N11286,N11286,789,9.373333978501728,27.0,2021-07-02,21.8625,24.07919254658385,47.41666666666666,43.39699792960663,8.895833333333334,8.126811594202898,0.0,1.9999999999999964,28.2,Cranbrook,21278,22.532836324823485
2021-C41139,C41139,244,18.126229466083178,7.2,2021-07-01,23.475,25.417261904761908,47.708333333333336,35.9345238095238,8.620833333333334,8.680357142857144,0.0,0.0,23.8,100 Mile House,1998,23.073365345987312
2021-C41308,C41308,218,5.071352761041051,34.2,2021-07-03,18.241666666666667,25.93035714285714,50.375,40.964285714285715,7.058333333333334,7.758333333333334,0.0,0.0,22.800000000000008,100 Mile House,1998,17.233507004772385
2021-R11557,R11557,181,25.765666355612968,181.9,2021-07-06,19.29583333333333,20.655952380952378,53.875,52.738095238095234,6.529166666666666,9.596428571428572,0.0,4.199999999999997,26.6,Burns Lake,1950,20.255428573073328
2021-C41145,C41145,244,19.174698171611524,26.3,2021-07-01,23.475,25.417261904761908,47.708333333333336,35.9345238095238,8.620833333333334,8.680357142857144,0.0,0.0,23.8,100 Mile House,1998,20.71072968537853
2021-C41310,C41310,244,17.26082881192157,55.9,2021-07-03,20.275,26.683333333333334,33.708333333333336,31.51785714285714,9.520833333333334,8.01547619047619,0.0,0.0,23.8,100 Mile House,1998,22.126246948621223
2021-C41149,C41149,218,15.016225329393482,19.5,2021-07-01,23.0625,24.5125,52.16666666666666,46.97023809523809,8.429166666666667,8.007142857142858,0.0,0.0,22.800000000000008,100 Mile House,1998,7.629191120602327
2021-K41727,K41727,480,15.379473670827894,34.8,2021-07-10,18.34583333333333,15.94047619047619,40.708333333333336,57.92261904761905,6.441666666666666,2.8791666666666678,0.0,0.0,0.0,Coldstream,11302,0.4579975508748904
2021-C41088,C41088,218,5.510796416084185,6.7,2021-07-01,23.0625,24.5125,52.16666666666666,46.97023809523809,8.429166666666667,8.007142857142858,0.0,0.0,22.800000000000008,100 Mile House,1998,7.656349348892235
2021-C41125,C41125,218,6.65519186921625,6.8,2021-06-30,29.1625,22.552380952380954,33.875,50.422619047619044,8.7125,7.718452380952381,0.0,0.0,22.800000000000008,100 Mile House,1998,10.46981442093326
2021-N51756,N51756,402,20.63278170949661,32.3,2021-07-09,24.625,24.536309523809525,43.833333333333336,46.06547619047619,5.108333333333333,5.17202380952381,0.0,0.8000000000000036,20.000000000000007,Castlegar,8595,8.785049162021533
2021-G91083,G91083,131,31.00580396345881,95.3,2021-06-29,26.45,21.21904761904762,53.75,49.19642857142856,10.05,10.489880952380954,0.8,0.9999999999999929,68.79999999999998,Hudson's Hope,1027,186.1477674447772
2021-G41728,G41728,166,6.194664741972273,309.4,2021-07-10,18.54583333333333,18.541071428571428,47.875,51.857142857142854,8.487499999999999,4.9488095238095235,0.0,0.0,17.000000000000007,Vanderhoof,4575,73.89998660978159
2021-G90986,G90986,118,14.225157152194171,10.3,2021-06-28,25.0375,21.067261904761903,57.66666666666666,50.74404761904761,10.125,14.028571428571428,6.0,20.400000000000002,186.39999999999998,Fort St John,22377,339.0282326559579
2021-G11920,G11920,175,30.148564126919236,11.1,2021-07-14,20.575,20.767857142857142,40.375,50.80357142857142,7.191666666666666,6.172023809523809,0.0,6.6,12.399999999999993,Prince George,80196,26.35843624398246
2021-N51939,N51939,402,20.980389946657542,1.4,2021-07-07,20.370833333333334,27.220238095238095,55.04166666666666,40.452380952380956,5.470833333333334,5.3761904761904775,0.0,0.0,21.400000000000006,Salmo,1189,10.953837668582256
2021-K21932,K21932,322,8.64784216191159,33.4,2021-07-15,24.0875,24.755952380952383,34.958333333333336,37.029761904761905,12.266666666666666,10.707142857142856,0.0,0.5999999999999982,12.0,Kamloops,100630,0.0856901799041191
2021-G51847,G51847,154,30.974389199556654,9.7,2021-07-12,17.341666666666665,18.16547619047619,51.583333333333336,51.07142857142857,6.870833333333334,8.098809523809525,0.0,1.3999999999999857,24.800000000000004,Fort St James,1603,57.47040313337047
2021-N51953,N51953,406,34.44908327735411,2.5,2021-07-02,21.79583333333333,27.58988095238095,54.833333333333336,33.55357142857143,9.933333333333334,9.739285714285714,0.0,0.0,53.60000000000001,New Denver,485,10.692975219265936
2021-N51992,N51992,383,20.72305597488491,4.5,2021-07-09,21.279166666666665,19.877976190476193,59.875,66.36309523809523,5.7,5.8934523809523816,12.0,3.4000000000000035,56.0,Nakusp,1709,12.630081952143344
2021-C31056,C31056,264,12.205644076883283,1833.9,2021-06-27,26.47083333333333,17.93809523809524,44.208333333333336,61.07142857142857,6.558333333333334,5.582738095238095,0.0,3.2000000000000126,69.8,100 Mile House,1998,69.18838147196423
2021-G11935,G11935,189,33.7998641985183,22.3,2021-07-15,17.95,19.3625,50.333333333333336,52.017857142857146,5.425,5.302976190476191,0.0,2.8,4.399999999999993,Prince George,80196,50.83490982208903
2021-R21558,R21558,179,12.59375042881334,72.1,2021-07-07,20.166666666666668,17.84428053830228,46.79166666666666,59.47567287784678,8.141666666666667,6.759601449275363,0.0,4.2,28.8,Houston,3140,35.55034643393132
2021-N62005,N62005,390,12.974236714516907,1.6,2021-07-03,22.725,26.389648033126292,54.583333333333336,49.7324016563147,4.0,3.9952639751552796,0.0,0.0,35.39999999999999,Penticton,37460,29.124511732633103
2021-N51734,N51734,383,19.224921482264094,77.1,2021-07-09,21.279166666666665,19.877976190476193,59.875,66.36309523809523,5.7,5.8934523809523816,12.0,3.4000000000000035,56.0,Nakusp,1709,2.672257821202022
2021-N61679,N61679,394,24.47212566213668,3.9,2021-07-09,23.516666666666666,23.63154761904762,51.583333333333336,47.529761904761905,5.6875,5.694642857142857,0.0,1.200000000000007,15.399999999999993,Greenwood,711,17.17662752415315
2021-G51748,G51748,167,36.23853381114307,309.1,2021-07-10,16.5625,18.944306418219462,65.91666666666667,52.075828157349896,7.445833333333333,6.437396480331263,0.0,0.0,14.2,Fort St James,1603,43.66394315293823
2021-K21899,K21899,322,10.891633990835766,4.5,2021-07-14,25.225,24.21904761904762,33.5,39.86904761904761,9.370833333333334,11.0,0.0,0.5999999999999982,13.2,Kamloops,100630,1.3184670225637891
2021-V11707,V11707,67,19.90207674527107,19.8,2021-07-09,21.854166666666668,20.92142857142857,75.66666666666667,71.97619047619048,5.858333333333333,7.257738095238095,2.6,0.0,24.200000000000003,Hope,6796,17.423112997354067
2021-G11951,G11951,190,34.42591062387244,4.4,2021-07-15,16.679166666666667,18.07559523809524,58.04166666666666,60.49404761904761,3.920833333333333,4.5946428571428575,0.0,7.6,20.0,Prince George,80196,58.17889436727311
2023-K62013,K62013,302,13.962468134168711,10.6,2023-07-21,19.816666666666663,17.888257575757574,49.25,51.7012987012987,10.970833333333331,10.17949134199134,0.0,0.0,18.19999999999999,Merritt,7522,20.30391303651435
2021-N42121,N42121,367,5.595463307177601,45.6,2021-07-22,11.833333333333334,18.36845238095238,56.91666666666666,52.13095238095237,7.3875,5.688690476190476,1.4,0.0,5.0,Golden,4071,41.42487436049803
2021-C41866,C41866,236,23.68698969587447,454.3,2021-07-13,20.854166666666668,18.854166666666668,43.125,54.09523809523809,5.529166666666666,6.616666666666667,0.0,10.0,18.200000000000003,Clinton,687,5.368485688507988
2021-K21224,K21224,322,16.681127082061515,55.7,2021-07-02,24.183333333333334,31.23095238095238,49.625,30.339285714285715,9.320833333333333,12.849404761904763,8.0,0.0,15.6,Kamloops,100630,0.0
2021-K51241,K51241,331,17.60092090531395,1.7,2021-07-02,17.525,25.210714285714282,56.333333333333336,36.74999999999999,12.020833333333334,7.889285714285713,0.0,0.0,25.400000000000002,Keremeos,1581,10.369128636441117
2021-N22147,N22147,417,23.458232963959144,103.7,2021-07-23,17.679166666666667,23.86488095238095,38.41666666666666,30.529761904761905,7.754166666666666,11.502976190476192,0.0,0.0,28.200000000000003,Invermere,3825,20.96678486640525
2021-K71039,K71039,1055,7.765460974174237,1.3,2021-06-29,36.7625,30.069047619047616,21.375,31.994047619047617,5.5625,7.942261904761905,0.0,0.0,0.0,Lytton,222,5.230623031684339
2021-N51677,N51677,387,13.844047122309822,38.3,2021-07-09,20.341666666666665,18.23392857142857,56.375,69.34523809523809,8.129166666666666,5.451190476190476,5.4,14.6,63.800000000000004,Nakusp,1709,37.886661315628494
2021-N51806,N51806,387,4.814739665124407,26.4,2021-07-07,17.0125,20.526785714285715,67.625,62.029761904761905,4.375,5.464285714285714,0.0,11.0,67.8,Nakusp,1709,33.21691720702944
2021-N52172,N52172,1263,25.173383319682365,12.7,2021-07-04,17.133333333333333,24.1297619047619,69.08333333333333,44.625,3.9916666666666663,4.044642857142857,0.6,10.200000000000001,89.89999999999999,Revelstoke,8590,37.17985512800857
2021-N11870,N11870,426,12.260111708815897,10.8,2021-07-13,25.0125,22.212500000000002,33.083333333333336,46.5595238095238,7.949999999999999,8.085714285714285,0.0,4.799999999999994,26.0,Cranbrook,21278,11.221328577066917
2021-N21737,N21737,425,12.83855426051807,4.4,2021-07-08,17.945833333333333,19.423214285714284,68.29166666666667,60.714285714285715,6.316666666666666,7.369047619047619,15.8,10.800000000000004,34.800000000000004,Canal Flats,768,3.5136758404881574
2021-N72257,N72257,380,13.121075728665618,1.2,2021-07-30,26.1875,22.123214285714283,27.875,34.94642857142857,7.120833333333334,7.095238095238094,0.0,0.0,24.0,Kaslo,1059,8.423650904795277
2021-N62234,N62234,392,5.653615099102223,2.1,2021-07-28,26.10833333333333,24.224999999999998,30.916666666666668,26.273809523809522,8.254166666666666,10.773214285714287,0.0,0.0,0.6000000000000071,Grand Forks,4220,5.6238077609725385
2021-V12263,V12263,1040,13.285786201953242,0.6,2021-07-31,23.0875,22.070833333333333,51.083333333333336,49.857142857142854,3.345833333333333,5.247619047619048,0.0,0.0,0.1999999999999858,Kent,6589,27.7836341914308
2021-R91496,R91496,112,42.2697699846237,7493.8,2021-07-05,18.45833333333333,16.905357142857145,72.75,69.11309523809524,3.1875,4.2160714285714285,2.4,9.6,59.6,Stewart,491,180.76460123084564
2021-K62285,K62285,1691,14.527419610420022,0.4,2021-08-01,18.433333333333334,23.65625,85.91666666666667,35.979166666666664,3.358333333333333,5.04375,2.6,0.0,0.0,Merritt,7522,19.988327596412987
2021-G61132,G61132,141,17.30023806330795,8438.1,2021-06-30,25.575,21.560714285714283,39.04166666666666,53.17857142857143,6.141666666666667,4.448214285714285,0.0,0.0,30.6,Mackenzie,3868,71.53821510000242
2021-C12300,C12300,221,38.75558340092612,5.2,2021-08-01,19.954166666666666,14.325595238095238,45.333333333333336,57.5595238095238,7.904166666666666,7.872619047619048,0.0,3.000000000000007,42.6,Vanderhoof,4575,112.33123628564556
2021-K51924,K51924,283,0.1549206965946024,870.9,2021-07-09,18.02083333333333,18.48392857142857,55.625,50.4404761904762,6.9125000000000005,9.179166666666665,0.0,2.400000000000007,17.4,Peachland,5710,15.870636598720663
2021-N42008,N42008,919,7.148762038479812,297.2,2021-07-17,17.858333333333334,20.189104554865423,53.54166666666666,41.85584886128364,7.341666666666666,7.588742236024844,1.8,0.8000000000000071,19.79999999999999,Revelstoke,8590,76.28279231100511
2021-G42408,G42408,654,23.57149904618746,2.0,2021-08-04,19.7125,19.275051759834366,65.625,60.89389233954451,6.191666666666666,4.672644927536232,0.0,0.0,45.4,Fraser Lake,969,8.73984942094282
2021-G51212,G51212,171,14.003415624481402,151.7,2021-06-30,21.75,22.801785714285717,56.75,50.45238095238095,7.908333333333334,5.176190476190476,0.0,0.0,18.400000000000002,Granisle,325,58.26084254455237
2021-V12262,V12262,1040,20.78379248470716,223.4,2021-07-31,23.0875,22.070833333333333,51.083333333333336,49.857142857142854,3.345833333333333,5.247619047619048,0.0,0.0,0.1999999999999858,Kent,6589,17.553568854664746
2021-N52447,N52447,396,16.827550414357248,36.5,2021-08-04,20.475,21.19345238095238,46.0,45.642857142857146,6.241666666666667,4.602380952380953,2.4,3.0,12.2,Castlegar,8595,30.087676427695577
2021-K41651,K41651,352,5.8507135995589215,1353.7,2021-07-09,17.858333333333334,17.994047619047617,70.33333333333333,63.875,3.858333333333333,3.850595238095238,1.6,12.600000000000003,63.39999999999999,Lumby,2058,40.4921888473932
2021-C32368,C32368,264,21.203340216197844,2.3,2021-08-04,20.45,19.940476190476186,46.25,57.44047619047619,6.5875,5.673214285714286,0.0,4.200000000000013,15.400000000000002,Wells,233,84.69358913206469
2021-G61204,G61204,140,32.57849042546766,76.7,2021-07-01,22.40833333333333,24.629761904761903,68.66666666666667,51.96428571428571,8.254166666666666,6.829166666666667,3.8,0.39999999999999647,27.0,Mackenzie,3868,39.92681144935492
2021-G92303,G92303,118,22.39997456087671,166.3,2021-08-01,26.054166666666664,18.807738095238097,40.583333333333336,54.404761904761905,7.454166666666667,9.94107142857143,0.0,5.4,42.400000000000006,Fort St John,22377,350.91597535767977
2021-V32358,V32358,1221,13.756916193882049,8.3,2021-08-04,18.504166666666663,18.871428571428567,32.291666666666664,43.63690476190476,1.8625,2.0648809523809524,0.0,0.9000000000000283,4.1,Squamish,22601,10.25523021572834
2021-G61266,G61266,155,25.11162796279903,42.3,2021-07-02,18.6375,25.089285714285715,53.91666666666666,57.029761904761905,7.745833333333334,7.086904761904762,0.0,9.999999999999996,56.0,Mackenzie,3868,17.53606054480111
2021-N52517,N52517,873,26.06123319310558,11.7,2021-08-07,14.879166666666668,21.499999999999996,78.70833333333333,54.017857142857146,5.916666666666667,5.089880952380952,1.2,1.6000000000000054,5.800000000000001,Revelstoke,8590,34.278442502697665
2021-C51290,C51290,208,27.778285984432355,7195.4,2021-07-01,23.65,26.24404761904762,41.625,36.84523809523809,9.983333333333333,8.423809523809522,0.0,0.0,25.6,Williams Lake,11381,183.1749326408221
2021-N41801,N41801,868,16.646288307510652,4.1,2021-07-11,20.591666666666665,19.702380952380953,50.708333333333336,58.779761904761905,8.020833333333334,9.10535714285714,2.0,6.0,38.6,Clearwater,2402,95.03117806337345
2021-N42605,N42605,361,2.396607850909918,18.6,2021-07-18,19.28333333333333,20.507738095238096,55.16666666666666,50.482142857142854,6.141666666666667,7.691071428571429,0.2,20.0,41.2,Revelstoke,8590,106.47483670856911
2021-R11562,R11562,170,1.8433561478826448,20886.1,2021-07-06,19.541666666666668,19.59805900621118,46.41666666666666,49.57039337474121,7.116666666666667,8.527225672877845,0.0,0.4000000000000071,27.4,Fraser Lake,969,71.71422055122316
2021-N71686,N71686,838,0.7027094069901152,3795.1,2021-07-07,19.891666666666666,25.28154761904762,57.208333333333336,48.79166666666667,7.370833333333334,7.048809523809524,0.0,1.2000000000000053,21.0,Nelson,11505,35.69041217889841
2021-N71743,N71743,789,19.678955537451124,910.6,2021-07-07,16.195833333333333,21.352406832298136,68.375,48.051759834368525,7.008333333333333,8.089906832298137,0.0,0.0,21.799999999999997,Creston,5651,29.15187760425763
2021-C12569,C12569,165,16.732852413143,4.8,2021-08-05,13.720833333333331,18.463095238095235,74.25,60.05357142857143,6.3875,4.5095238095238095,2.4,4.2,33.0,Fraser Lake,969,119.38351492890013
2021-C12573,C12573,221,38.349049427276256,0.9,2021-08-12,18.59583333333333,13.510119047619046,42.458333333333336,60.75595238095237,9.858333333333333,11.480357142857143,0.0,1.000000000000007,38.6,Fraser Lake,969,119.7406509609004
2021-N52624,N52624,402,16.338082849755448,3.4,2021-08-08,14.033333333333331,23.76190476190476,89.41666666666667,51.57738095238095,5.575,5.2559523809523805,4.2,0.8000000000000036,0.8000000000000036,Trail,8183,2.4254030542085605
2021-C11553,C11553,206,52.35193630298176,3.1,2021-07-07,19.666666666666668,19.447023809523813,47.5,51.62499999999999,6.358333333333333,6.635714285714286,0.0,4.499999999999996,32.9,Williams Lake,11381,46.85022681883071
2021-N12620,N12620,791,6.5015188453529,286.4,2021-08-15,22.620833333333334,18.249404761904763,32.625,56.654761904761905,8.908333333333333,7.046428571428572,0.0,17.599999999999998,20.0,Fernie,6267,38.44118813556501
2021-K51794,K51794,1332,11.063594311921191,10596.9,2021-07-11,17.858333333333334,16.657738095238095,43.0,58.41666666666667,5.841666666666666,5.115476190476191,0.0,13.200000000000001,30.4,Penticton,37460,4.875626012260746
2021-C11753,C11753,263,16.19244173052189,914.2,2021-07-10,19.95,19.07559523809524,60.91666666666666,54.33333333333333,6.05,4.970833333333333,1.8,0.19999999999999646,33.8,Wells,233,28.480129762224596
2021-C41119,C41119,244,16.764858770355538,19.0,2021-07-01,23.475,25.417261904761908,47.708333333333336,35.9345238095238,8.620833333333334,8.680357142857144,0.0,0.0,23.8,100 Mile House,1998,23.753634091468115
2021-K41752,K41752,344,11.176661439723889,27.0,2021-07-09,24.179166666666664,23.102380952380948,60.04166666666666,55.61309523809524,3.85,3.395833333333333,1.0,19.20000000000001,44.0,Revelstoke,8590,54.25564780334224
2021-N11960,N11960,421,9.717077463398663,146.8,2021-07-14,20.745833333333334,18.597619047619048,43.66666666666666,54.898809523809526,5.0125,4.960119047619047,0.0,4.0,30.400000000000006,Kimberley,8090,32.67172166018531
2021-V12269,V12269,1339,7.867190297671706,396.7,2021-07-31,21.58695652173913,25.148461321287414,58.26086956521739,38.35566064370412,3.1608695652173915,6.884897891963109,0.2,0.0,0.6,Lytton,222,30.71237041685938
2021-V12270,V12270,1040,5.151498721264738,461.4,2021-07-31,23.0875,22.070833333333333,51.083333333333336,49.857142857142854,3.345833333333333,5.247619047619048,0.0,0.0,0.1999999999999858,Kent,6589,34.88815505733943
2021-V12312,V12312,1040,15.491985229716777,104.1,2021-08-02,21.854166666666668,22.26190476190476,72.95833333333333,53.285714285714285,4.120833333333334,4.417261904761905,0.0,3.999999999999993,4.199999999999986,Hope,6796,42.05688991951756
2021-V12329,V12329,1040,12.82837819398045,150.8,2021-08-01,19.504166666666663,22.496428571428567,84.0,49.36904761904761,2.25,4.908928571428571,4.0,0.0,0.1999999999999858,Hope,6796,42.60635451543615
2021-C11189,C11189,166,37.42065209954575,9.7,2021-07-01,20.954166666666666,23.84047619047619,44.16666666666666,50.36309523809524,8.566666666666666,5.376785714285715,1.0,0.0,35.400000000000006,Vanderhoof,4575,108.3446111394236
2021-K42579,K42579,882,19.632135554619165,19.5,2021-08-11,21.778260869565216,18.13284161490683,39.391304347826086,54.535455486542446,6.734782608695652,5.33944099378882,0.0,0.6000000000000019,1.8000000000000071,Sicamous,2708,13.80726576219057
2021-N51724,N51724,406,10.84134194931324,2359.5,2021-07-09,22.379166666666663,19.65773809523809,41.66666666666666,60.577380952380956,8.845833333333333,9.723809523809523,0.0,21.2,66.80000000000001,Slocan,364,11.5760725478553
2021-G52377,G52377,154,30.819090832318697,7.3,2021-08-03,17.662499999999998,17.244642857142857,45.75,60.74999999999999,8.049999999999999,6.25,0.0,0.9999999999999858,28.200000000000003,Fort St James,1603,75.35763752346296
2021-K21001,K21001,305,0.0,89626.7,2021-06-28,31.6875,23.47083333333333,25.291666666666668,39.89880952380952,5.791666666666667,6.008333333333333,0.0,0.0,3.3999999999999986,Barriere,1820,12.166316391356192
2021-C11491,C11491,211,26.957556173032444,8086.3,2021-07-06,18.59583333333333,20.88035714285714,52.583333333333336,54.32142857142856,4.066666666666667,6.035119047619048,0.0,2.600000000000007,34.60000000000001,Vanderhoof,4575,79.27571780816453
2021-K71030,K71030,280,13.783143730860504,44964.2,2021-06-29,35.9125,29.217779503105593,21.5,34.07298136645962,8.570833333333333,9.000232919254659,0.0,0.0,5.800000000000002,Lillooet,2341,6.433604280520063
2021-V11669,V11669,1339,6.695448517497486,5098.0,2021-07-08,21.382608695652173,24.207919254658385,59.43478260869565,49.825051759834366,5.943478260869565,7.9137681159420294,0.0,0.0,4.2,Lytton,222,12.792598766803945
2021-V62669,V62669,59,3.923168681725769,61.5,2021-08-19,21.0625,22.014880952380953,59.66666666666666,59.13690476190476,11.604166666666666,6.65297619047619,0.0,0.5999999999999982,3.999999999999993,Ladysmith,9133,3.243887356789492
2021-C21722,C21722,210,31.49310095180133,6.6,2021-07-10,23.1,20.998214285714283,38.458333333333336,49.38095238095237,11.254166666666668,8.270238095238094,0.0,1.400000000000007,6.000000000000002,Williams Lake,11381,36.7760511511357
2021-G52558,G52558,154,40.49035473300201,1.1,2021-08-11,14.85,13.662499999999998,50.208333333333336,69.13095238095238,9.108333333333333,8.527380952380954,0.0,11.199999999999987,37.60000000000001,Fort St James,1603,46.35448444561137
2021-K42399,K42399,250,12.178555300693592,167.7,2021-08-04,18.370833333333334,18.327380952380953,54.083333333333336,59.142857142857146,4.929166666666666,3.9351190476190476,0.0,4.799999999999993,22.0,Clearwater,2402,55.42879747467392
2021-C31947,C31947,266,33.076237203351226,1517.0,2021-07-15,21.154166666666665,21.782738095238095,41.04166666666666,43.220238095238095,5.0625,5.429761904761905,0.0,0.0,21.400000000000002,McBride,634,70.7848805032308
2021-C32369,C32369,264,20.136072748394334,255.5,2021-08-02,19.95,18.86785714285714,77.54166666666667,55.541666666666664,4.9750000000000005,5.4386904761904775,2.6,2.8000000000000123,11.200000000000003,Wells,233,86.36134350278276
2021-K71086,K71086,1055,0.0,83671.3,2021-06-30,31.975,31.435119047619047,38.79166666666666,30.39880952380952,16.016666666666666,7.179761904761904,0.0,0.0,0.0,Lytton,222,0.0
2021-G71134,G71134,127,31.417284718300188,283.1,2021-07-01,21.191666666666663,24.767261904761906,72.33333333333333,48.72023809523809,6.783333333333334,7.438095238095237,0.0,0.4,8.399999999999997,Tumbler Ridge,2422,6.30723666019847
2021-C41972,C41972,251,25.134151433468343,1.5,2021-07-12,18.275,18.05,49.875,60.77380952380952,4.570833333333334,5.179761904761905,0.0,1.8,15.8,100 Mile House,1998,33.59726523262417
2021-G61199,G61199,148,17.227576336658565,11664.8,2021-06-30,19.29583333333333,21.3422619047619,62.708333333333336,46.84523809523809,8.591666666666667,7.161904761904762,0.0,0.0,36.39999999999999,Mackenzie,3868,154.4608900592622
2021-G61316,G61316,148,0.0,16835.6,2021-06-30,19.29583333333333,21.3422619047619,62.708333333333336,46.84523809523809,8.591666666666667,7.161904761904762,0.0,0.0,36.39999999999999,Granisle,325,142.1614961092871
2021-G61333,G61333,140,26.74428842116495,38.4,2021-06-30,26.104166666666668,22.954761904761906,57.083333333333336,53.31547619047619,6.533333333333334,6.491071428571428,0.0,1.1999999999999966,27.0,Mackenzie,3868,33.300054870170904
2021-G62563,G62563,148,24.468032115235584,435.0,2021-08-11,14.55,13.810714285714283,47.04166666666666,67.33333333333333,10.125,8.11845238095238,0.0,3.199999999999992,23.599999999999994,Granisle,325,162.07853276309902
2021-C41114,C41114,234,19.88201052502832,18.2,2021-07-01,22.758333333333336,25.62142857142857,56.458333333333336,42.77380952380952,6.116666666666667,6.332738095238095,0.0,0.0,42.800000000000004,100 Mile House,1998,19.49966694666456
2021-N71245,N71245,1203,4.337109525408295,7588.9,2021-07-02,20.9875,24.05535714285714,45.208333333333336,39.089285714285715,5.8,7.069642857142857,0.0,0.0,41.400000000000006,Creston,5651,21.97773951501023
2021-C41602,C41602,236,0.9088554248058948,73862.5,2021-07-08,16.4875,19.837500000000002,66.625,49.589285714285715,8.1625,7.827976190476191,0.8,2.800000000000001,11.800000000000004,100 Mile House,1998,6.438848998103641
2021-C41091,C41091,218,4.121565335617275,3.9,2021-07-01,23.0625,24.5125,52.16666666666666,46.97023809523809,8.429166666666667,8.007142857142858,0.0,0.0,22.800000000000008,100 Mile House,1998,15.930592534746204
2021-C52274,C52274,209,10.906200254268764,1.7,2021-07-31,22.95,19.889285714285712,38.91666666666666,44.875,4.195833333333334,5.9750000000000005,0.0,0.2000000000000018,5.4,Williams Lake,11381,68.40689394955496
2021-C41191,C41191,251,14.977069504773294,3278.3,2020-07-01,8.641666666666667,12.113690476190476,97.875,79.75,3.6,4.743452380952381,20.8,32.400000000000006,136.6,100 Mile House,1998,33.41916128685767
2021-K61884,K61884,298,0.0,83046.5,2021-07-12,27.67083333333333,25.60043995859213,27.08333333333333,39.128105590062106,5.908333333333332,6.526811594202899,0.0,0.2,17.2,Vernon,44267,2.279727923994142
2021-K42750,K42750,1359,19.646811447220227,1.1,2021-08-30,14.6875,13.808928571428575,44.04166666666666,56.57738095238095,11.895833333333334,7.472619047619048,0.0,1.7999999999999983,23.0,Salmon Arm,19377,10.912040523180956
2021-K52627,K52627,1277,9.35284902257578,976.0,2021-08-15,28.15416666666667,23.667261904761908,23.45833333333333,40.99404761904761,8.7125,5.275595238095237,0.0,6.200000000000004,9.400000000000004,Peachland,5710,0.0
2021-K52791,K52791,328,5.655310313559922,1.0,2021-09-06,19.679166666666667,17.20654761904762,44.0,50.029761904761905,4.858333333333333,5.301785714285714,0.0,0.0,17.0,Penticton,37460,0.3100406686167378
2021-K62088,K62088,317,10.480281227561502,14617.9,2021-07-19,18.04583333333333,17.589285714285715,44.91666666666666,56.48809523809524,7.391666666666667,7.3875,0.0,0.0,8.6,Princeton,2808,4.392935315342016
2021-N42099,N42099,363,23.828528791350323,1.1,2021-07-20,22.9,21.789285714285715,45.75,54.083333333333336,5.945833333333333,5.342261904761905,0.0,0.0,4.799999999999993,Revelstoke,8590,23.51653859042914
2021-N21307,N21307,411,7.580537210261927,1.7,2021-07-02,19.5375,23.519642857142856,68.33333333333333,56.732142857142854,4.779166666666667,3.754761904761905,0.0,0.0,44.8,Invermere,3825,17.695598441232832
2021-N42293,N42293,868,10.69827503642963,20.5,2021-07-22,12.725,20.462987012987014,69.0,45.60551948051948,9.6,8.662067099567096,1.4,2.0,10.0,Revelstoke,8590,84.00865878773224
2021-G72604,G72604,138,39.30689459888743,2.5,2021-08-13,22.791666666666668,13.926785714285716,34.666666666666664,56.19642857142857,13.6125,16.748214285714287,0.0,8.200000000000008,22.4,Tumbler Ridge,2422,37.26692334794882
2021-N11956,N11956,412,14.154361252513674,1.1,2021-07-13,26.666666666666668,24.383928571428573,34.916666666666664,40.154761904761905,15.7,10.189285714285715,1.8,0.20000000000001422,15.80000000000001,Fernie,6267,32.09150925142703
2021-K52061,K52061,334,0.0,19930.0,2021-07-19,23.0875,22.5297619047619,26.75,31.98214285714285,8.291666666666666,7.369642857142856,0.0,0.0,7.199999999999999,Osoyoos,5527,0.9796750281756998
2021-N21981,N21981,790,15.941738306566126,66.5,2021-07-15,21.0875,19.452380952380945,41.25,54.24404761904761,6.329166666666667,6.044642857142857,0.0,15.399999999999999,70.60000000000001,Canal Flats,768,20.433587836984756
2021-G71693,G71693,127,54.06656519147275,10.5,2021-07-09,18.366666666666667,16.672619047619047,56.29166666666666,62.34523809523809,7.966666666666666,6.519047619047619,0.0,2.8,10.999999999999996,Tumbler Ridge,2422,11.105406799354736
2021-G12564,G12564,189,27.65522947392219,2.3,2021-08-12,20.120833333333334,17.08095238095238,51.16666666666666,57.125,4.15,7.086904761904763,0.0,0.4,44.599999999999994,Vanderhoof,4575,60.33719517490106
2021-G11185,G11185,153,11.502823264146151,1.7,2021-06-30,25.2625,22.971169772256726,56.41666666666666,54.23007246376812,7.225,6.242857142857143,0.0,0.0,33.00000000000001,Mackenzie,3868,49.15236873447196
2021-N52080,N52080,388,26.61604560250016,1.5,2021-07-20,21.80555555555556,20.60654761904762,31.83333333333333,37.5,5.4944444444444445,3.836309523809524,0.0,0.0,43.8,Nakusp,1709,38.99391277508127
2021-N12891,N12891,788,6.338158669307935,24.8,2021-10-14,-0.3541666666666667,0.030952380952380842,72.875,67.80357142857143,9.558333333333334,10.507738095238095,0.6,2.2,12.2,Elkford,2804,0.0
2021-R10362,R10362,181,11.10937315535793,0.4,2021-04-21,7.175,7.837499999999999,49.375,46.6845238095238,14.470833333333331,7.104761904761905,0.0,0.0,2.9999999999999996,Burns Lake,1950,5.556252661002296
2021-C11552,C11552,255,32.31097036477297,28.0,2021-07-05,18.72083333333333,22.598809523809525,61.125,59.589285714285715,6.125,5.463690476190477,0.0,0.0,34.6,Wells,233,16.236493377465166
2021-V52938,V52938,1218,11.334458119837278,2.5,2022-03-09,3.1750000000000003,5.949404761904762,34.083333333333336,77.89285714285714,5.158333333333333,4.016071428571427,0.0,14.800000000000015,64.60000000000001,Powell River,13990,5.955254271348761
2022-C50002,C50002,209,20.96369804805218,10.8,2022-04-02,4.670833333333333,4.08181818181818,48.875,65.81601731601732,7.3,5.469264069264069,1.2,9.000000000000004,14.0,Williams Lake,11381,65.11234509481507
2022-K60004,K60004,1399,9.249542799571566,28.5,2022-04-02,6.654166666666666,7.307142857142857,50.625,61.089285714285715,25.125,14.21547619047619,0.0,1.4,7.200000000000003,Merritt,7522,4.468259942649336
2022-C20012,C20012,225,16.812652148805796,1.6,2022-04-07,9.904166666666669,3.510714285714286,32.583333333333336,55.5,12.8125,7.4363095238095225,0.0,1.2,14.2,Williams Lake,11381,3.981378708316704
2022-C50024,C50024,209,20.84826271151183,2.7,2022-04-09,0.3083333333333333,4.966071428571427,47.583333333333336,46.52380952380952,9.45,9.670238095238094,0.0,1.2000000000000017,14.799999999999999,Williams Lake,11381,67.57806566255985
2022-C50044,C50044,209,28.303983060085173,1.1,2022-04-13,-3.2416666666666667,2.105952380952379,35.708333333333336,42.57142857142856,9.041666666666666,9.267261904761904,0.0,0.0,12.399999999999999,Williams Lake,11381,101.31056565379134
2022-K20051,K20051,1082,20.430923143709453,6.8,2022-04-13,-6.383333333333333,-1.6750000000000007,50.333333333333336,57.244047619047606,6.8125,8.060714285714285,0.0,12.000000000000002,37.400000000000006,Barriere,1820,12.137832828590769
2022-C50057,C50057,209,11.240774191048525,6.3,2022-04-15,-1.5458333333333334,-0.31071428571428766,40.0,40.482142857142854,4.716666666666667,9.599404761904761,0.0,0.0,12.399999999999999,Williams Lake,11381,67.59811035202232
2022-C20073,C20073,210,0.6901593979829032,3.3,2022-04-18,3.970833333333333,-1.3422619047619055,50.54166666666666,39.625,23.191666666666663,11.558333333333334,0.0,0.0,10.000000000000004,Williams Lake,11381,28.94719888376182
2022-C50071,C50071,209,47.385239173791454,0.5,2022-04-17,2.5708333333333333,-1.5529761904761923,40.25,39.589285714285715,5.333333333333333,7.3690476190476195,0.0,0.0,12.399999999999999,Williams Lake,11381,120.20853311257716
2022-K20084,K20084,1024,22.78630771705013,6.0,2022-04-20,-0.2749999999999999,-3.082142857142855,61.583333333333336,62.47619047619048,8.958333333333334,7.660714285714286,0.2,5.599999999999998,33.0,Logan Lake,2183,0.0
2022-C20110,C20110,210,8.030646731193565,6.6,2022-04-24,8.775,4.668167701863354,42.125,54.003623188405804,16.170833333333334,12.36511387163561,0.0,0.8000000000000071,9.800000000000004,Williams Lake,11381,33.815400897564245
2022-C20104,C20104,210,4.322423568175331,23.0,2022-04-23,7.8875,3.4907867494824005,46.833333333333336,54.11076604554865,10.854166666666666,12.10201863354037,0.0,0.8000000000000071,10.000000000000005,Williams Lake,11381,25.21347468933689
2022-C50056,C50056,209,10.493783303694803,7.0,2022-04-14,-2.145833333333333,1.4535714285714267,36.583333333333336,40.99404761904761,7.595833333333334,9.696428571428571,0.0,0.0,12.399999999999999,Williams Lake,11381,81.88170664074899
2022-K20147,K20147,239,8.358278337982075,3.5,2022-05-01,10.075,8.542857142857143,56.79166666666666,53.32142857142856,3.8666666666666663,5.732142857142857,0.0,0.4000000000000018,8.600000000000005,Clearwater,2402,0.5510423924559631
2022-K60151,K60151,1399,9.67388417286628,21.4,2022-05-03,11.4125,8.225000000000001,54.0,55.30357142857142,28.05,12.292857142857144,0.0,1.8,23.000000000000004,Merritt,7522,4.624492833626478
2022-K60175,K60175,1399,8.886190659437988,2.9,2022-05-11,8.566666666666666,8.067261904761905,47.875,60.80357142857143,14.825,19.23095238095238,0.0,4.0,7.600000000000003,Merritt,7522,3.687538429121799
2022-G80182,G80182,132,54.85233429501324,3.9,2022-05-13,8.8125,5.21845238095238,54.083333333333336,68.19047619047619,11.054166666666667,9.504761904761907,0.0,17.200000000000003,50.2,Fort St John,22377,20.135022454566705
2022-C50189,C50189,216,8.007746455703693,92.2,2022-05-16,6.2125,4.096593757120073,45.958333333333336,47.786625655046706,12.404166666666669,8.660964912280702,0.0,0.0,4.4,Williams Lake,11381,139.94022842907356
2022-G80210,G80210,129,30.98638274701724,10.5,2022-05-22,8.75,5.082919254658387,45.625,54.37707039337473,7.820833333333333,8.978493788819875,0.0,5.600000000000008,24.4,Hudson's Hope,1027,102.31501454004044
2022-G70212,G70212,437,39.52778350197136,1.7,2022-05-22,12.870833333333332,6.1489130434782595,23.70833333333333,53.475414078674945,14.920833333333334,9.297877846790891,0.0,9.800000000000008,71.60000000000001,Dawson Creek,13014,20.886173755044304
2022-G70213,G70213,132,16.185396271190122,102.6,2022-05-23,12.6625,8.95067287784679,39.5,47.31288819875777,12.266666666666666,9.829994824016564,0.0,6.800000000000003,45.6,Hudson's Hope,1027,0.0
2022-R10204,R10204,161,13.729120089504496,2.3,2022-05-21,8.320833333333333,5.333359213250517,55.5,69.85300207039337,6.791666666666667,8.724974120082814,0.2,10.399999999999995,57.0,Burns Lake,1950,29.465368101625483
2022-R10111,R10111,161,17.483290905816798,4.8,2022-04-24,6.4375,1.883333333333333,67.45833333333333,65.57738095238095,8.379166666666666,8.9625,1.0,5.599999999999996,19.6,Burns Lake,1950,47.18743347321851
2022-C50155,C50155,209,12.754259602635818,6.5,2022-05-05,7.587499999999999,7.704166666666665,68.20833333333333,52.357142857142854,5.8875,5.97440476190476,0.0,1.0000000000000018,1.8,Williams Lake,11381,66.31775757957776
2022-G80265,G80265,129,36.62601557505969,552.1,2022-06-03,12.645833333333334,9.266071428571431,50.41666666666666,63.80357142857143,6.779166666666666,7.767261904761905,0.0,5.600000000000007,32.6,Hudson's Hope,1027,138.6766309351066
2022-G70293,G70293,437,13.706496461607395,1.2,2022-06-11,12.152173913043478,13.196118012422358,53.17391304347826,60.40527950310559,13.904347826086957,10.356418219461698,0.0,4.800000000000007,55.4,Tumbler Ridge,2422,32.111526165450194
2022-G30304,G30304,200,10.590310048961287,2.3,2022-06-14,11.75,11.050595238095237,67.375,68.0212215320911,5.745833333333334,6.585093167701863,0.6,4.199999999999996,45.6,Valemount,1041,8.17759607983761
2022-G10307,G10307,190,30.98940790747124,2.1,2022-06-13,9.929166666666667,11.340685582533409,65.41666666666667,68.18273574251836,5.4,5.843061829474874,0.2,30.4,89.0,Prince George,80196,20.307736491719474
2022-G90317,G90317,118,18.734568162072275,2.0,2022-06-20,17.216666666666665,14.654063146997931,62.16666666666666,62.27303312629399,8.895833333333334,7.604011387163561,6.6,8.0,27.600000000000005,Fort St John,22377,333.1031029193105
2022-G90319,G90319,118,15.486505899939338,4.8,2022-06-20,17.216666666666665,14.654063146997931,62.16666666666666,62.27303312629399,8.895833333333334,7.604011387163561,6.6,8.0,27.600000000000005,Fort St John,22377,335.67715249344315
2022-G60369,G60369,156,60.06385538388915,1.6,2022-06-28,16.662499999999998,14.286387163561075,64.83333333333333,59.232142857142854,6.816666666666666,7.92057453416149,0.0,1.8000000000000065,57.2,New Hazelton,607,182.4252545865643
2022-G60375,G60375,156,60.95737018512608,1.7,2022-06-28,16.662499999999998,14.286387163561075,64.83333333333333,59.232142857142854,6.816666666666666,7.92057453416149,0.0,1.8000000000000065,57.2,New Hazelton,607,183.34800384209387
2022-G60391,G60391,145,25.63527757245684,28.2,2022-06-30,16.849999999999998,16.202380952380953,62.5,59.6845238095238,3.7375,5.667261904761905,0.0,8.399999999999999,36.0,Hudson's Hope,1027,191.0014093683324
2022-G60465,G60465,154,33.8546049118475,2.0,2022-06-30,14.704166666666666,14.351190476190476,76.41666666666667,64.19047619047619,7.254166666666666,7.420833333333333,0.0,7.599999999999985,57.4,Mackenzie,3868,39.83322912021072
2022-R90455,R90455,110,72.44432884590172,8.9,2022-07-01,20.229166666666668,19.670833333333338,57.458333333333336,52.232142857142854,6.758333333333333,8.907738095238095,0.0,0.0,17.0,Stewart,491,209.85028202914472
2022-G80463,G80463,117,74.63728027808786,2.4,2022-07-02,16.8,16.99345238095238,55.958333333333336,64.88690476190476,3.8666666666666663,5.526190476190476,0.0,6.600000000000003,75.4,Fort St John,22377,220.3854131301153
2022-G90480,G90480,599,28.629897964272047,3.9,2022-07-04,19.85,19.03276397515528,56.208333333333336,60.476190476190474,4.15,3.4320652173913047,0.0,0.2,63.800000000000004,Hudson's Hope,1027,292.48678103866223
2022-G90381,G90381,440,20.83031646407064,58.7,2022-06-27,17.525000000000002,14.25952380952381,61.375,69.93452380952381,4.275,5.005357142857142,0.0,10.0,29.199999999999996,Stewart,491,414.9252267344137
2022-G90509,G90509,118,37.28697745145873,2.5,2022-07-06,20.320833333333333,18.05892857142857,51.958333333333336,53.15476190476191,10.416666666666666,7.0857142857142845,0.0,0.0,53.80000000000001,Fort St John,22377,334.394637439106
2022-G90517,G90517,118,86.49249665257318,20.5,2022-07-07,20.491666666666667,18.23988095238095,53.958333333333336,53.05357142857143,11.225,7.734523809523809,0.0,0.0,53.400000000000006,Fort St John,22377,390.5522403411253
2022-R90449,R90449,445,83.69813822663879,63.4,2022-07-01,17.733333333333334,18.336309523809522,65.125,55.66666666666667,3.6,4.022619047619048,0.2,5.599999999999992,34.2,Stewart,491,363.0845541761036
2022-R90512,R90512,108,66.77085638255957,16.6,2022-07-02,18.70833333333333,18.070833333333333,48.708333333333336,51.357142857142854,7.6875,7.746428571428569,0.0,0.5999999999999965,48.6,Stewart,491,303.84527156922843
2022-R90518,R90518,1270,19.40874570356139,8.8,2022-07-07,16.245833333333334,18.185119047619047,69.08333333333333,54.38690476190476,4.954166666666667,6.170238095238095,0.0,0.4,45.0,Stewart,491,387.42025812928296
2022-G90598,G90598,118,43.25556859101307,1.4,2022-07-16,18.229166666666668,16.29404761904762,65.0,63.33333333333333,7.883333333333333,10.930952380952379,0.2,17.2,59.00000000000001,Fort St John,22377,340.9451052640096
2022-R90474,R90474,445,121.8234094605036,1101.1,2022-07-01,17.733333333333334,18.336309523809522,65.125,55.66666666666667,3.6,4.022619047619048,0.2,5.599999999999992,34.2,Stewart,491,352.54235282232975
2022-G90477,G90477,599,54.45165976375432,37.0,2022-07-04,19.85,19.03276397515528,56.208333333333336,60.476190476190474,4.15,3.4320652173913047,0.0,0.2,63.800000000000004,Hudson's Hope,1027,247.26146567634865
2022-G51350,G51350,171,38.44390308797762,12.2,2022-08-12,19.52173913043478,17.29702380952381,56.391304347826086,52.44642857142857,4.495652173913044,5.44047619047619,0.0,6.599999999999996,21.4,Granisle,325,59.76992577156303
2022-G90597,G90597,118,44.67038962178979,6.2,2022-07-16,18.229166666666668,16.29404761904762,65.0,63.33333333333333,7.883333333333333,10.930952380952379,0.2,17.2,59.00000000000001,Fort St John,22377,335.3138144002119
2022-N51245,N51245,396,12.49778633768043,2.0,2022-08-11,21.0125,18.042261904761904,49.29166666666666,44.86904761904761,7.945833333333333,8.586904761904762,0.0,0.5999999999999929,1.2000000000000002,Slocan,364,51.94537144286058
2022-G90594,G90594,118,36.51299111504903,5.6,2022-07-16,18.229166666666668,16.29404761904762,65.0,63.33333333333333,7.883333333333333,10.930952380952379,0.2,17.2,59.00000000000001,Fort St John,22377,319.28762294788186
2022-G60665,G60665,141,46.356823566324536,1.0,2022-06-15,12.1625,10.174999999999999,59.16666666666666,62.18452380952381,4.279166666666667,4.608928571428572,0.0,11.0,80.6,Mackenzie,3868,60.97631886107965
2022-G90692,G90692,118,44.596247510616415,1.9,2022-07-16,18.229166666666668,16.29404761904762,65.0,63.33333333333333,7.883333333333333,10.930952380952379,0.2,17.2,59.00000000000001,Fort St John,22377,305.8467068570294
2022-K20675,K20675,266,24.910430694226907,0.1,2022-07-17,16.645833333333332,16.784276773950687,64.04166666666667,64.17520703933748,5.466666666666666,5.135937794089968,0.0,11.000000000000007,99.6,Clearwater,2402,49.43610931209001
2022-G60770,G60770,152,50.21567837985957,6.0,2022-07-26,19.3875,13.860429606625258,56.75,60.8393966282165,2.6958333333333333,1.5849452824608103,0.0,4.199999999999994,31.599999999999998,Hudson's Hope,1027,254.32436313232648
2022-R40809,R40809,429,20.96435548727856,7.9,2022-07-28,25.175,21.452380952380953,54.16666666666666,62.875,4.808333333333334,6.751785714285715,0.0,1.1999999999999926,69.2,Terrace,12261,36.94448638013016
2022-G10813,G10813,153,4.667220313451908,14.8,2022-07-28,22.48333333333333,18.355357142857144,54.833333333333336,62.625,8.283333333333333,7.517261904761905,0.0,0.0,56.2,Mackenzie,3868,55.35226488312771
2022-K20824,K20824,253,11.37873680632304,0.2,2022-07-29,20.04583333333333,19.01736542443064,65.91666666666667,51.19901656314699,4.854166666666667,6.302510351966873,3.8,0.0,36.199999999999996,Sun Peaks,1225,5.059578345548417
2022-K20853,K20853,253,28.03807114360548,0.0,2022-07-29,20.04583333333333,19.01736542443064,65.91666666666667,51.19901656314699,4.854166666666667,6.302510351966873,3.8,0.0,36.199999999999996,Kamloops,100630,9.856237749166729
2022-K20818,K20818,311,14.608779672294927,16.7,2022-07-29,27.391666666666666,23.66845238095238,28.916666666666668,37.29761904761905,10.516666666666667,7.758928571428571,0.0,0.0,33.6,Ashcroft,1634,0.0
2022-G10918,G10918,153,20.9647021707518,0.4,2022-07-31,20.629166666666663,20.472023809523808,69.5,62.05357142857143,6.379166666666666,7.092261904761905,0.0,0.0,38.20000000000001,Mackenzie,3868,41.50946287701902
2022-K20984,K20984,239,11.009744131195363,0.1,2022-08-01,21.829166666666666,24.710119047619052,68.41666666666667,58.666666666666664,5.379166666666666,4.292261904761905,0.0,0.8000000000000036,47.800000000000004,Clearwater,2402,2.7802208257599106
2022-K20902,K20902,1176,12.58843369981363,1.1,2022-07-29,24.0125,23.532738095238095,55.708333333333336,43.49404761904761,6.954166666666667,5.619642857142858,7.2,0.0,34.6,Chase,2447,31.142994715943725
2022-K20817,K20817,311,15.168162569641616,3.7,2022-07-29,27.391666666666666,23.66845238095238,28.916666666666668,37.29761904761905,10.516666666666667,7.758928571428571,0.0,0.0,33.6,Ashcroft,1634,0.2126459727786329
2022-V11036,V11036,72,28.748822317515263,5.5,2022-08-02,18.758333333333333,24.95952380952381,79.41666666666667,70.38095238095238,1.6375,1.5946428571428568,0.0,0.0,35.2,Mission,42836,10.378743661445434
2022-C41031,C41031,236,17.189525892094046,2.4,2022-08-02,18.416666666666668,23.04702380952381,38.833333333333336,43.51785714285713,4.354166666666667,5.413095238095238,0.0,0.0,16.0,100 Mile House,1998,35.301630976721746
2022-K20872,K20872,322,15.43937710529333,267.7,2022-07-29,27.78333333333333,26.06928053830228,44.25,35.44953416149068,10.379166666666666,9.9449016563147,2.0,0.0,27.4,Kamloops,100630,8.363914118351156
2022-K70580,K70580,1055,4.100592339022918,3745.7,2022-07-14,23.229166666666668,22.074404761904763,36.833333333333336,43.33928571428571,11.7625,10.349999999999998,0.0,0.0,27.999999999999996,Lytton,222,1.0417605982508278
2022-C40996,C40996,235,22.694495563086324,3.4,2022-08-01,20.966666666666665,22.15535714285715,47.375,50.160714285714285,8.091666666666667,6.707738095238095,0.0,0.0,22.4,Clinton,687,13.04830042448937
2022-R90484,R90484,111,66.84840322904036,5.9,2022-07-02,18.141666666666666,18.607142857142858,57.16666666666666,50.41666666666667,6.483333333333333,7.3863095238095235,0.0,0.0,66.6,Stewart,491,351.0253676127446
2022-C40845,C40845,235,23.41012612756705,42.9,2022-07-29,24.3625,20.126785714285717,45.5,50.666666666666664,6.483333333333333,7.5041666666666655,0.0,0.0,30.599999999999998,Clinton,687,10.933897231692471
2022-K21132,K21132,1176,8.466440270390343,2.1,2022-07-29,24.0125,23.532738095238095,55.708333333333336,43.49404761904761,6.954166666666667,5.619642857142858,7.2,0.0,34.6,Clearwater,2402,30.337260238984864
2022-K41024,K41024,352,10.400905426159122,6.0,2022-08-02,17.670833333333334,21.14345238095238,53.91666666666666,50.97619047619048,5.758333333333333,4.827976190476191,0.0,1.0,60.0,Revelstoke,8590,32.83452799579684
2022-G90393,G90393,444,40.32508609995645,16.2,2022-06-26,17.587500000000002,14.500776397515526,65.04166666666667,65.97593167701864,5.191666666666666,5.150672877846789,0.4,19.200000000000003,22.6,Stewart,491,363.0479582608498
2022-K21305,K21305,322,19.213619748847183,0.0,2022-08-12,21.758333333333336,22.08690476190476,57.66666666666666,44.58333333333333,8.225,9.27797619047619,0.2,1.4,13.6,Kamloops,100630,9.749441950769782
2022-K21327,K21327,326,4.212405978533014,0.0,2022-08-12,17.925,16.963690476190475,55.66666666666666,52.976190476190474,8.058333333333334,8.39345238095238,1.2,4.200000000000011,8.999999999999996,Logan Lake,2183,11.682128860693028
2022-G90313,G90313,444,29.22439057502483,1608.5,2022-06-16,13.725,12.78452380952381,57.29166666666666,56.422619047619044,6.170833333333333,5.547023809523809,0.0,2.200000000000002,4.000000000000002,Stewart,491,294.3088368942331
2022-G81430,G81430,129,23.884223456985243,1.6,2022-08-13,17.058333333333334,15.117261904761907,69.04166666666667,64.66071428571429,4.15,6.482738095238095,0.0,1.0000000000000142,71.0,Hudson's Hope,1027,125.19475575057145
2022-V11286,V11286,1330,25.65739288164784,4.2,2022-08-12,17.55,16.929166666666667,66.5,53.273809523809526,5.758333333333333,6.001190476190476,16.8,14.400000000000015,22.399999999999984,Hope,6796,23.38991009841967
2022-K21435,K21435,253,25.635833644707,0.0,2022-08-14,12.558333333333332,16.942520703933745,70.625,63.31366459627329,4.170833333333333,4.831651138716356,0.0,17.799999999999994,35.800000000000004,Kamloops,100630,3.2988155503406604
2022-N51415,N51415,406,3.361548565710835,9.9,2022-08-04,13.641666666666666,24.683928571428567,70.20833333333333,32.31547619047619,11.9625,8.758928571428571,3.6,0.5999999999999929,9.400000000000007,Slocan,364,4.149959613111927
2022-C41471,C41471,236,3.3147917717325663,20.1,2022-08-15,18.791666666666668,19.689285714285713,51.41666666666666,47.23809523809524,3.829166666666667,6.3309523809523816,0.0,0.0,17.200000000000003,Clinton,687,23.46395426435064
2022-C50014,C50014,209,8.135369397340424,7.5,2022-04-07,10.204166666666667,3.4059523809523786,40.16666666666666,50.351190476190474,8.275,8.142857142857142,0.0,1.2000000000000017,14.799999999999999,Williams Lake,11381,67.5660231639564
2022-K21473,K21473,1176,11.099671905788547,1.3,2022-08-14,17.966666666666665,21.558333333333334,56.083333333333336,52.11904761904763,5.333333333333333,5.016071428571429,0.0,0.39999999999999647,42.6,Clearwater,2402,34.22671989380158
2022-K21514,K21514,305,25.021378341318616,9.4,2022-08-17,23.375,20.898809523809522,41.16666666666666,47.964285714285715,5.504166666666666,6.403571428571429,0.0,1.3999999999999928,11.600000000000001,Kamloops,100630,12.509016995118722
2022-V11596,V11596,316,17.47082503722294,5.1,2022-08-12,21.9625,20.005357142857143,49.333333333333336,60.63690476190476,4.516666666666667,3.4910714285714284,0.0,0.6000000000000177,25.400000000000002,Lytton,222,36.018223979723366
2022-C41547,C41547,236,20.41728627083453,34.7,2022-08-19,20.266666666666666,19.23690476190476,53.29166666666666,49.666666666666664,4.5375000000000005,4.697619047619048,0.0,0.0,15.000000000000004,100 Mile House,1998,39.31440404989991
2022-R41516,R41516,433,8.338327364643085,1.0,2022-08-14,16.620833333333334,18.946428571428573,71.41666666666667,58.625,4.5,9.194047619047621,0.2,1.7999999999999967,18.800000000000008,Hazelton,301,71.06653250247905
2022-N51505,N51505,1203,14.155101878679124,9.0,2022-08-16,19.925,18.44940476190476,33.791666666666664,46.970238095238095,5.954166666666667,5.440476190476191,0.0,14.400000000000007,18.59999999999999,Salmo,1189,15.368749324035198
2022-K41386,K41386,352,11.634835177976314,14.8,2022-08-13,16.095833333333335,17.901190476190475,65.16666666666667,59.083333333333336,5.8875,4.342261904761904,0.8,0.2,12.2,Revelstoke,8590,29.833110973830777
2022-K41540,K41540,344,17.852904186671967,17.9,2022-08-17,24.725,22.592261904761905,47.625,56.476190476190474,3.8041666666666663,3.8541666666666665,0.0,0.0,45.6,Revelstoke,8590,39.61883248898834
2022-N51651,N51651,396,12.042801485104915,1.6,2022-08-19,22.633333333333336,20.449404761904763,38.875,42.54166666666667,9.320833333333333,7.141666666666666,0.0,2.3999999999999932,3.0000000000000004,Castlegar,8595,50.24332051939968
2022-N11772,N11772,1389,11.480139896590869,2.6,2022-08-22,19.15833333333333,18.43095238095238,64.83333333333333,60.06547619047619,7.158333333333334,6.4434523809523805,4.8,0.4,5.4,Elkford,2804,3.901667615050978
2022-G90515,G90515,444,19.14023418364533,35.6,2022-07-02,18.879166666666663,18.563871635610763,53.833333333333336,55.77950310559006,5.333333333333333,5.675077639751551,0.0,0.6000000000000019,22.2,Stewart,491,320.18843179180885
2022-G41730,G41730,170,29.66225236851964,1.8,2022-08-20,20.429166666666667,16.26156832298137,47.583333333333336,70.43607660455487,6.883333333333333,6.6851190476190485,0.6,15.000000000000007,25.000000000000004,Fraser Lake,969,51.05361808468875
2022-G90789,G90789,440,34.33711723216221,944.8,2022-07-08,14.333333333333334,18.175,85.79166666666667,60.57142857142857,4.754166666666666,5.298214285714286,0.0,10.799999999999999,35.6,Stewart,491,439.98789144053313
2022-N41726,N41726,905,25.25175090660542,1.4,2022-08-19,20.4,20.282738095238095,72.25,63.914855072463766,5.595833333333334,4.483825051759834,0.0,0.0,47.0,Revelstoke,8590,26.59873169835413
2022-V11508,V11508,1339,5.665286604180294,27.6,2022-08-16,24.766666666666666,22.45,45.875,55.16071428571428,5.908333333333334,6.071428571428571,0.0,3.600000000000018,22.400000000000002,Lytton,222,22.732031284477877
2022-G71939,G71939,127,11.59319633175553,1.8,2022-08-24,17.8625,17.71633022774327,68.79166666666667,68.75,5.679166666666667,5.016666666666667,0.2,0.0,29.399999999999995,Tumbler Ridge,2422,5.855627572855853
2022-R21934,R21934,179,41.87623692197111,331.5,2022-08-22,19.579166666666666,18.304166666666667,67.625,66.05357142857143,6.5375000000000005,5.505952380952381,0.4,7.0,22.6,Houston,3140,89.51237702595361
2022-G61701,G61701,148,29.887649227212684,713.3,2022-07-30,19.091666666666665,19.817261904761903,65.16666666666667,49.45238095238095,4.704166666666667,7.752380952380952,0.6,0.5999999999999938,19.999999999999993,Granisle,325,121.0147124058632
2022-K21255,K21255,266,13.160633702942391,9.9,2022-08-01,19.529166666666665,23.607142857142858,64.08333333333333,45.654761904761905,4.708333333333333,5.252380952380952,0.0,0.0,61.6,Valemount,1041,70.74740583949402
2022-K22197,K22197,253,16.617678099199047,1.1,2022-08-26,15.929166666666667,17.529761904761905,71.04166666666667,61.095238095238095,5.333333333333333,4.552380952380952,0.0,0.9999999999999929,32.800000000000004,Chase,2447,12.36217505466867
2022-G61964,G61964,145,19.62565231600218,5.4,2022-08-25,18.9,18.41488095238095,60.708333333333336,57.267857142857146,4.245833333333334,5.610119047619047,0.0,0.0,32.4,Hudson's Hope,1027,214.6585253241532
2022-G72179,G72179,138,42.55292098560012,1.3,2022-08-27,11.2875,18.717261904761905,57.41666666666666,59.113095238095234,15.458333333333334,7.560714285714286,0.0,0.2000000000000111,11.999999999999998,Tumbler Ridge,2422,47.68066843801692
2022-G81831,G81831,136,7.033195794668271,1.9,2022-08-22,20.7125,20.20416666666667,59.333333333333336,49.61309523809524,7.804166666666667,12.063690476190477,0.0,0.0,61.40000000000001,Hudson's Hope,1027,63.361609646644624
2022-V12209,V12209,977,9.35364840797228,3.1,2022-09-01,21.925,19.564285714285713,58.375,59.56547619047619,4.295833333333333,4.747023809523809,0.0,0.0,4.800000000000001,Hope,6796,32.431447448780744
2022-G72090,G72090,127,38.25478085395544,35.5,2022-08-26,17.143478260869564,17.70085403726708,65.73913043478261,69.51785714285714,8.826086956521738,5.100595238095238,0.0,0.20000000000000712,29.599999999999994,Tumbler Ridge,2422,12.746539285028977
2022-V11989,V11989,1339,8.92148158190592,68.8,2022-08-25,22.4625,24.389337474120087,63.708333333333336,53.88871635610765,3.6166666666666663,5.477950310559007,0.0,0.0,8.6,Lytton,222,33.22167785185293
2022-N41303,N41303,873,19.17041326703665,322.3,2022-08-12,21.35,19.857142857142858,55.583333333333336,53.69047619047619,6.166666666666667,6.755357142857142,1.2,1.800000000000009,6.000000000000007,Revelstoke,8590,18.070963497685582
2022-N41426,N41426,905,19.39790174188559,27.6,2022-08-11,20.8625,17.123809523809523,80.95833333333333,76.75595238095238,4.5875,4.135714285714285,3.0,33.79999999999998,53.0,Revelstoke,8590,66.10022963509132
2022-V50368,V50368,1349,29.0799818938464,258.6,2022-06-28,9.554166666666667,10.530952380952382,73.33333333333333,55.72619047619048,4.3,3.439880952380953,0.0,5.599999999999996,102.8,Campbell River,35949,92.20737932165063
2022-C22320,C22320,209,24.573012170017986,10.9,2022-08-23,19.423809523809524,21.58511904761904,71.9047619047619,53.89880952380952,4.780952380952381,6.041666666666666,0.0,0.2,13.0,Williams Lake,11381,54.66467233681569
2022-N41671,N41671,363,18.854784304195928,67.4,2022-08-19,22.166666666666668,20.707142857142856,65.20833333333333,60.529761904761905,5.216666666666667,5.795833333333333,0.0,0.0,41.399999999999984,Revelstoke,8590,18.01138250027042
2022-V11595,V11595,316,17.39930612044438,888.8,2022-08-17,22.641666666666666,20.69404761904762,54.458333333333336,56.98214285714285,3.6458333333333335,4.257142857142857,0.0,0.0,25.000000000000004,Lytton,222,32.08968056892365
2022-V12158,V12158,316,13.403842656604034,123.9,2022-08-30,21.675,19.526190476190475,55.458333333333336,62.660714285714285,3.5541666666666667,3.7559523809523805,0.0,0.0,18.6,Lytton,222,30.81592706017654
2022-N41641,N41641,363,23.51285608366895,149.0,2022-08-19,22.166666666666668,20.707142857142856,65.20833333333333,60.529761904761905,5.216666666666667,5.795833333333333,0.0,0.0,41.399999999999984,Revelstoke,8590,21.98536264647757
2022-N51675,N51675,387,6.094400740813351,1.0,2022-08-19,23.6,20.86428571428571,41.0,44.172619047619044,6.579166666666667,7.454166666666667,0.0,0.4,7.8,Nakusp,1709,44.43854633222545
2022-K52317,K52317,1277,13.537487530745866,7.9,2022-09-07,21.391666666666666,23.94940476190476,29.541666666666668,33.25595238095239,8.016666666666667,5.503571428571429,0.0,0.0,5.600000000000003,West Kelowna,35955,1.8178516066400907
2022-C31974,C31974,263,27.021620848948547,1.0,2022-08-24,19.433333333333334,18.458928571428572,68.5,72.43452380952381,3.733333333333333,4.604166666666667,0.0,32.599999999999994,89.2,Wells,233,62.92406000296131
2022-C31977,C31977,263,26.13728664234741,1.9,2022-08-24,19.433333333333334,18.458928571428572,68.5,72.43452380952381,3.733333333333333,4.604166666666667,0.0,32.599999999999994,89.2,Wells,233,61.43875130708727
2022-N41639,N41639,363,22.45368763509731,51.2,2022-08-19,22.166666666666668,20.707142857142856,65.20833333333333,60.529761904761905,5.216666666666667,5.795833333333333,0.0,0.0,41.399999999999984,Revelstoke,8590,21.272729929310948
2022-G62244,G62244,155,21.642874112088418,32.0,2022-09-03,15.754166666666668,15.089182194616978,70.0,73.5072463768116,4.6125,6.076190476190476,0.0,11.200000000000005,36.800000000000004,Mackenzie,3868,13.564977239638525
2022-G12387,G12387,190,23.14882523770588,0.2,2022-09-10,12.291666666666666,10.216666666666667,65.41666666666667,78.48809523809523,4.958333333333333,4.328571428571428,0.0,18.400000000000002,69.8,Prince George,80196,33.04723975862352
2022-C22435,C22435,225,8.900918033098632,1.8,2022-09-13,16.579166666666666,15.1875,51.79166666666666,49.45833333333333,4.8375,5.154166666666667,0.0,0.8,32.800000000000004,Williams Lake,11381,7.966206441000698
2022-G72426,G72426,132,41.8048942330752,3.7,2022-09-14,10.554166666666667,10.9375,80.58333333333333,71.86309523809524,2.75,4.541666666666669,0.0,0.0,2.0,Hudson's Hope,1027,27.2273794889146
2022-G82184,G82184,124,20.264647011628867,83.6,2022-08-29,16.908333333333335,17.04940476190476,67.08333333333333,70.26190476190476,6.916666666666667,5.756547619047619,0.0,1.6,66.8,Hudson's Hope,1027,41.65158388672934
2022-R11692,R11692,167,25.96258707055141,12.8,2022-08-19,16.566666666666666,15.73095238095238,78.83333333333333,76.82142857142857,3.670833333333333,4.449404761904762,1.0,8.800000000000008,25.4,Burns Lake,1950,27.111582010020573
2022-G72491,G72491,437,56.36843259656568,4.6,2022-09-24,10.804166666666667,9.756547619047618,51.375,65.35714285714285,18.683333333333334,12.024404761904762,0.0,37.00000000000001,37.6,Dawson Creek,13014,0.0
2022-V32464,V32464,301,15.644952422656464,2.1,2022-09-15,15.4375,14.686904761904762,91.83333333333331,80.10119047619048,2.733333333333333,2.667261904761905,0.0,0.20000000000002222,9.4,Pemberton,3251,3.612999936100572
2022-N41683,N41683,905,7.300523788562987,0.5,2022-08-20,21.23333333333333,20.21309523809524,73.79166666666667,64.30175983436853,4.6875,4.644539337474121,2.0,0.0,47.0,Revelstoke,8590,57.82662933388018
2022-N41684,N41684,905,8.629882203305854,5.0,2022-08-20,21.23333333333333,20.21309523809524,73.79166666666667,64.30175983436853,4.6875,4.644539337474121,2.0,0.0,47.0,Revelstoke,8590,58.85854102468655
2022-N11064,N11064,791,13.152813916651628,274.4,2022-08-04,16.104166666666668,21.364880952380954,44.333333333333336,48.42261904761905,10.766666666666666,7.447023809523809,0.0,13.200000000000005,26.800000000000004,Cranbrook,21278,42.64453670794765
2022-G82543,G82543,136,41.10754214651011,5.9,2022-10-01,15.683333333333332,13.632971014492753,55.16666666666666,59.66123188405796,16.758333333333333,13.738975155279503,0.0,0.2,6.200000000000007,Fort St John,22377,49.03139785642857
2022-V12583,V12583,1040,19.61028368768995,0.4,2022-10-04,15.529166666666669,16.345833333333335,55.04166666666666,67.05357142857143,3.4250000000000003,3.1601190476190477,0.0,2.0000000000000036,32.4,Hope,6796,39.14304962045711
2022-V62558,V62558,944,10.685052166484477,1.7,2022-10-03,14.733333333333334,14.002380952380951,83.79166666666667,86.30952380952381,3.475,3.2869047619047618,0.0,1.1999999999999573,35.0,Sooke,14800,25.756481880678816
2022-V12537,V12537,72,9.12621852893122,13.8,2022-10-01,16.154166666666665,16.405357142857145,85.20833333333333,83.9047619047619,0.8125,0.7874999999999998,0.0,1.3999999999999717,19.8,Coquitlam,151639,0.0
2022-VA2006,VA2006,233,2.431401228195696,83.0,2022-08-24,21.191666666666663,20.33392857142857,70.70833333333333,75.26785714285714,2.845833333333333,3.182142857142857,0.0,15.800000000000015,30.799999999999997,Alert Bay,445,193.69552306511977
2022-C52638,C52638,209,13.447583706302476,2.7,2022-10-09,10.966666666666669,13.451785714285714,59.25,58.779761904761905,2.8708333333333336,3.3964285714285714,0.0,0.0,7.3999999999999995,Williams Lake,11381,65.93059040055265
2022-K52651,K52651,1277,15.729242193152244,0.5,2022-10-10,16.4375,17.026190476190475,46.625,52.5595238095238,7.129166666666666,4.008928571428571,0.0,0.0,8.200000000000003,Kelowna,144184,0.8421022620017711
2022-N52513,N52513,388,35.65242475849272,1.4,2022-09-26,14.954166666666666,9.70892857142857,50.41666666666666,58.017857142857146,3.720833333333333,3.9952380952380957,0.0,0.0,10.200000000000006,Nakusp,1709,30.006502898186653
2022-G72672,G72672,127,30.406960111638217,455.3,2022-10-10,10.929166666666667,9.258462732919254,53.958333333333336,68.05253623188406,15.9875,6.343581780538302,2.2,0.6000000000000071,33.8,Tumbler Ridge,2422,6.046340763596722
2022-V11746,V11746,317,2.8085026004839797,14970.8,2022-08-21,18.92083333333333,17.607738095238094,66.625,61.488095238095234,5.533333333333334,4.794642857142857,0.0,2.600000000000002,3.6,Princeton,2808,24.1934590973373
2022-V82307,V82307,19,22.28365460149783,358.6,2022-09-05,13.075,19.60297619047619,78.04166666666667,68.57738095238095,2.733333333333333,3.2785714285714285,2.6,2.999999999999986,7.0,Gold River,1276,8.750899533872524
2022-V62616,V62616,934,21.855425184814028,5.7,2022-10-08,14.554166666666667,14.954761904761906,76.875,76.54166666666666,1.3708333333333331,1.2244047619047618,0.0,0.0,0.6000000000000001,North Cowichan,32208,5.125933837940686
2022-V12625,V12625,1040,15.801284104174796,0.2,2022-09-13,16.516666666666666,17.508333333333333,76.75,46.988095238095234,4.375,4.753571428571428,0.0,0.8000000000000036,4.2,Lytton,222,40.04825613770644
2022-C52690,C52690,209,20.06116310220142,1.4,2022-10-11,9.416666666666666,12.529166666666665,53.083333333333336,57.88095238095239,5.758333333333333,4.563690476190476,0.0,0.0,7.3999999999999995,Williams Lake,11381,71.11432566735564
2022-K52661,K52661,1277,3.375607780241988,2.5,2022-10-11,14.470833333333331,16.75357142857143,32.75,52.12499999999999,4.3,4.489285714285715,0.0,0.0,8.200000000000003,West Kelowna,35955,0.0
2022-N62637,N62637,392,8.09712249730256,255.7,2022-10-09,14.591666666666669,15.81904761904762,51.583333333333336,55.845238095238095,7.604166666666667,7.428571428571429,0.0,0.0,20.200000000000006,Grand Forks,4220,8.268725659380515
2022-N62693,N62693,391,26.42580784180589,4.6,2022-05-15,3.583333333333333,1.751475155279503,99.75,77.52406832298136,0.9458333333333332,4.297929606625258,2.8,17.199999999999996,99.60000000000001,Kelowna,144184,47.08653882848378
2022-V50688,V50688,1349,33.63242870154183,90.0,2022-07-23,14.7125,11.58452380952381,57.083333333333336,77.5,2.5125,3.5125,0.0,8.999999999999996,52.39999999999999,Campbell River,35949,92.71409956335764
2022-V11952,V11952,317,25.369474589726927,1830.1,2022-08-11,20.48333333333333,15.483333333333334,65.875,57.464285714285715,5.9,5.423809523809523,1.0,0.0,10.8,Hope,6796,37.7750236813061
2022-C52753,C52753,209,19.838493426805687,2.4,2022-10-18,10.05,9.859523809523807,52.41666666666666,59.148809523809526,2.8708333333333336,3.448214285714286,0.0,0.0,0.0,Williams Lake,11381,71.16566335878957
2022-G71778,G71778,140,17.42269867621372,1793.5,2022-08-22,19.254166666666663,19.075,69.04166666666667,62.232142857142854,4.525,5.680952380952381,0.0,0.19999999999999912,20.400000000000002,Chetwynd,2512,10.021868932658863
2022-G82746,G82746,1045,17.99395807521586,7.1,2022-10-19,14.708333333333334,11.571997929606624,39.875,48.47282608695652,24.191666666666663,12.779321946169773,0.0,0.0,3.2000000000000015,Fort St John,22377,34.20327025745606
2022-K52759,K52759,1277,4.632309154635028,2.0,2022-10-10,16.4375,17.026190476190475,46.625,52.5595238095238,7.129166666666666,4.008928571428571,0.0,0.0,8.200000000000003,West Kelowna,35955,0.0
2022-C41573,C41573,236,12.642728759613238,3.8,2022-08-19,20.266666666666666,19.23690476190476,53.29166666666666,49.666666666666664,4.5375000000000005,4.697619047619048,0.0,0.0,15.000000000000004,Clinton,687,18.87642636410413
2022-C41740,C41740,236,20.067280629317864,2.0,2022-08-19,20.266666666666666,19.23690476190476,53.29166666666666,49.666666666666664,4.5375000000000005,4.697619047619048,0.0,0.0,15.000000000000004,100 Mile House,1998,36.91460234010141
2022-G82761,G82761,124,34.80213655605662,8.4,2022-10-18,9.645833333333334,9.558333333333334,61.91666666666666,56.08333333333333,6.3375,7.8517857142857155,0.0,0.0,2.0,Hudson's Hope,1027,68.75186096045226
2022-G12507,G12507,149,44.40493909130662,6.0,2022-08-29,15.608333333333334,17.67678571428571,92.08333333333331,67.68452380952381,5.1125,4.288690476190476,9.8,2.7999999999999963,18.4,Prince George,80196,17.17712557300189
2022-K52754,K52754,298,22.305961535953674,37.9,2022-10-19,10.904347826086957,12.460377846790891,64.0,60.26009316770187,2.756521739130435,3.345393374741201,0.0,0.0,0.20000000000000356,West Kelowna,35955,16.667323050905996
2022-C52648,C52648,208,31.76819546999505,221.5,2022-10-10,13.6,11.396428571428572,36.333333333333336,61.24404761904761,13.408333333333331,4.774404761904762,0.0,0.0,2.4000000000000066,Williams Lake,11381,132.93678764729296
2022-C41558,C41558,236,19.455414534710737,5.8,2022-08-19,20.266666666666666,19.23690476190476,53.29166666666666,49.666666666666664,4.5375000000000005,4.697619047619048,0.0,0.0,15.000000000000004,Clinton,687,42.857001567629226
2022-V12834,V12834,67,18.38373466351569,12.7,2022-11-17,5.858333333333333,1.9595238095238092,42.29166666666666,63.898809523809526,11.308333333333332,11.304166666666665,0.0,0.0,224.0,Kent,6589,0.0
2021-N52232,N52232,388,24.59555336621052,0.1,2021-07-01,26.1,24.739880952380954,37.79166666666666,43.11309523809524,5.129166666666667,4.757142857142857,0.0,8.4,53.0,Nakusp,1709,40.5276384636376
2021-N61666,N61666,392,19.168746140117605,0.3,2021-07-09,24.95833333333333,25.138690476190476,42.708333333333336,43.976190476190474,10.079166666666667,8.831547619047619,0.0,0.6,23.600000000000005,Greenwood,711,15.924545539069165
2022-V72116,V72116,37,6.592253372949573,6.4,2022-08-29,20.579166666666666,20.317857142857143,69.45833333333333,71.64285714285714,3.25,4.541071428571429,0.0,0.0,1.7000000000000037,Port Alberni,18631,14.628107906353078
2022-G62734,G62734,155,40.34361296711917,100.3,2022-10-17,9.416666666666666,9.836309523809524,66.58333333333333,65.64880952380952,4.358333333333333,5.360714285714286,0.0,2.2000000000000037,11.8,Mackenzie,3868,25.94729633407097
2022-G51598,G51598,156,22.84926616688897,2.4,2022-08-12,17.912499999999998,15.986904761904762,68.625,62.220238095238095,6.6000000000000005,7.479761904761905,0.0,0.6000000000000053,26.0,New Hazelton,607,113.77713375910024
2022-G32849,G32849,343,9.116542026231816,4.3,2023-01-16,31.5,38.01168831168831,0.25,4.321428571428571,7.225,9.732521645021645,2.4,46.00000000000001,53.2,Valemount,1041,54.56877848421567
2022-K62871,K62871,836,11.780786377333284,2.3,2023-03-19,3.529166666666667,0.47142857142857214,61.708333333333336,67.5,3.5583333333333336,3.8244047619047623,0.0,5.19999999999999,12.400000000000006,Princeton,2808,13.084982821141816
2022-K62886,K62886,1024,32.231079827061045,1.1,2023-03-26,-3.0666666666666664,0.011309523809524435,76.16666666666667,61.70833333333333,7.458333333333333,8.127380952380951,0.0,0.0,34.400000000000006,Logan Lake,2183,12.236064666253622
2022-K22885,K22885,1359,23.256644629114504,2.7,2023-03-26,1.5,2.9642857142857144,57.708333333333336,50.547619047619044,7.5375,6.08452380952381,0.0,1.4,16.199999999999996,Kamloops,100630,6.928384232846334
2022-K62903,K62903,1399,7.287856306922173,7.3,2023-03-30,5.479166666666667,3.5747929606625264,44.208333333333336,51.51578674948241,15.558333333333332,11.511723602484471,0.0,0.0,1.4000000000000035,Merritt,7522,2.0588710439868807
2022-V12901,V12901,67,7.929310279396116,14.5,2023-03-30,7.804166666666667,6.539880952380953,58.29166666666666,70.96428571428571,5.741666666666667,6.507738095238095,0.0,21.400000000000045,87.2,Kent,6589,1.277179675908806
2023-V70001,V70001,37,11.2228886538614,2.0,2023-04-01,3.9166666666666665,4.8,87.70833333333333,75.97619047619048,4.379166666666666,5.760714285714286,12.0,8.400000000000002,60.0,Port Alberni,18631,19.29849879080664
2023-C50014,C50014,216,24.05715325949767,2.1,2023-04-06,3.079166666666667,-1.686723602484472,53.41666666666666,50.908385093167695,6.708333333333333,8.483100414078674,0.0,0.9999999999999966,12.199999999999998,Williams Lake,11381,151.9151452889141
2023-K20006,K20006,1024,22.49361883515311,16.0,2023-04-04,-3.6625,-1.9976190476190472,73.91666666666667,61.95833333333333,6.9375,8.3375,0.0,1.2,26.400000000000006,Logan Lake,2183,0.0
2023-G10199,G10199,175,39.63636969690443,1.9,2023-05-04,17.818181818181817,12.889285714285716,35.45454545454545,45.05357142857143,7.122727272727272,5.591666666666668,0.0,7.8,22.8,Prince George,80196,0.0
2023-C50020,C50020,209,19.801189575017776,3.8,2023-04-09,7.275,3.169642857142855,47.9,49.297619047619044,12.13,7.473809523809524,0.0,1.2000000000000008,3.2,Williams Lake,11381,66.02895804546334
2023-K20029,K20029,322,4.241694862028916,3.1,2023-04-14,5.2625,6.567857142857142,51.958333333333336,53.91666666666667,8.637500000000001,16.626785714285713,0.0,0.0,0.0,Kamloops,100630,3.774566127307856
2023-K20034,K20034,286,7.132432601825879,11.4,2023-04-14,4.654166666666667,6.07815734989648,55.958333333333336,61.86257763975156,3.9916666666666663,5.628597308488613,0.0,1.4000000000000048,4.600000000000001,Chase,2447,3.225414008175533
2023-G80035,G80035,136,25.46933735364978,61.9,2023-04-15,3.733333333333333,2.9458333333333333,43.04166666666666,43.982142857142854,11.258333333333333,14.464880952380952,0.0,0.8,7.400000000000007,Hudson's Hope,1027,38.5370925578387
2023-K60042,K60042,1399,11.714819717041069,17.2,2023-04-15,7.004166666666666,5.724404761904763,49.29166666666666,55.50595238095237,9.879166666666666,13.648214285714287,0.0,0.0,0.0,Merritt,7522,5.214215710424973
2022-V12335,V12335,67,1.7590585858231846,758.2,2022-08-25,24.308333333333334,23.07797619047619,63.208333333333336,73.17857142857143,7.1125,5.973809523809524,0.0,0.6000000000000354,9.8,Hope,6796,0.0
2023-G80053,G80053,136,50.14861543950785,12.8,2023-04-17,1.4416666666666669,3.4696428571428575,86.83333333333333,39.80357142857143,12.633333333333333,13.125595238095238,3.2,0.8,6.200000000000006,Fort St John,22377,23.290770458590018
2023-K20063,K20063,322,9.23319468192703,0.9,2023-04-19,4.345833333333333,5.429166666666666,54.41666666666666,51.38095238095237,12.466666666666669,13.886309523809524,0.0,1.0,1.0,Kamloops,100630,0.0
2023-K20066,K20066,286,9.161431054339324,5.7,2023-04-20,5.341666666666666,4.824585921325053,58.625,60.69591097308488,5.9750000000000005,5.0244306418219455,0.0,5.600000000000005,10.200000000000001,Chase,2447,4.132268892191075
2023-G10065,G10065,187,15.97631293319218,16.4,2023-04-20,3.465217391304348,4.176190476190476,61.69565217391305,58.04166666666667,6.021739130434782,5.764285714285713,0.2,5.800000000000004,66.6,Prince George,80196,28.75410248587817
2023-G80076,G80076,1045,18.058346498352133,1.6,2023-04-22,5.216666666666667,4.594642857142857,57.5,53.599637681159415,10.125,10.206469979296068,0.0,18.2,31.4,Fort St John,22377,34.06094865690077
2023-G80052,G80052,1045,52.35309832773247,2.0,2023-04-16,7.654166666666666,3.6974378881987575,43.958333333333336,49.192805383022765,8.029166666666667,12.178545548654245,0.0,0.8,13.200000000000001,Fort St John,22377,13.024798133953878
2023-C50129,C50129,216,0.95156007819446,10.1,2023-04-29,10.3875,6.769047619047618,43.41666666666666,44.64285714285713,10.004166666666666,9.666666666666668,0.0,0.39999999999999647,12.6,Williams Lake,11381,134.23867578419956
2023-G80120,G80120,1045,36.03685225150242,1.5,2023-04-28,7.704545454545454,4.542261904761904,48.09090909090909,66.52380952380952,6.036363636363637,11.816666666666666,,5.2,36.6,Fort St John,22377,5.528709382484115
2023-R30140,R30140,182,18.930908275495423,3.1,2023-04-29,9.5125,3.9366459627329182,57.54166666666666,71.02510351966875,5.391666666666667,5.574068322981367,0.0,20.200000000000003,44.2,Telkwa,1487,11.349321511380552
2023-C20133,C20133,225,25.48972278134281,2.1,2023-04-29,15.820833333333333,9.277976190476192,40.125,49.595238095238095,5.845833333333334,7.141666666666667,0.0,2.0,2.2,Williams Lake,11381,5.541020998061388
2023-C10112,C10112,166,32.846508869898315,2.1,2023-04-28,8.366666666666667,3.691407867494823,41.125,65.90424430641822,3.5583333333333336,5.726863354037268,0.0,12.199999999999985,28.60000000000001,Vanderhoof,4575,103.46955186870252
2023-G70124,G70124,132,22.70074705755887,107.0,2023-04-29,12.379166666666668,5.996428571428572,48.875,62.16071428571428,2.779166666666667,9.345833333333335,0.0,8.400000000000006,35.4,Hudson's Hope,1027,3.911908611456954
2023-K60127,K60127,1399,7.077957016340774,38.9,2023-04-29,17.6125,10.77202380952381,36.958333333333336,51.57142857142857,11.129166666666668,15.723214285714288,0.0,1.0000000000000018,2.8000000000000034,Merritt,7522,2.080923728157817
2023-G80164,G80164,136,26.013106985491035,14.5,2023-05-02,16.104347826086954,8.926785714285714,26.82608695652174,45.19047619047619,11.31304347826087,12.295833333333333,0.0,3.8,16.000000000000007,Hudson's Hope,1027,39.00110652096773
2023-G70168,G70168,437,48.523968659644616,1.3,2023-04-30,15.991666666666667,6.140476190476191,33.083333333333336,57.05952380952381,5.254166666666666,10.658333333333333,0.0,4.8,4.8,Pouce Coupe,820,4.371508122830497
2023-N50196,N50196,404,14.327721240011549,3.4,2023-05-03,18.304166666666667,14.131547619047618,46.458333333333336,44.44047619047619,0.5458333333333334,2.370833333333333,0.0,0.4000000000000071,94.80000000000001,Nelson,11505,6.452640592578359
2023-G70226,G70226,1045,56.06074115987893,3.4,2023-01-01,-10.37391304347826,-17.66845238095238,89.3913043478261,79.15097402597404,6.856521739130434,5.423755411255412,0.0,0.0,0.0,Taylor,1455,6.32083113269998
2023-G10224,G10224,149,44.295007516841686,1.2,2023-05-05,17.056521739130435,9.645600414078674,56.04347826086956,65.02225672877847,6.6000000000000005,3.4500258799171846,0.0,0.0,29.599999999999998,Prince George,80196,10.831706301020036
2023-G70243,G70243,132,26.96986848697855,1.7,2023-05-06,14.483333333333334,14.816666666666666,49.208333333333336,42.99404761904761,3.85,6.443452380952381,0.0,0.0,27.0,Hudson's Hope,1027,9.052114520627883
2023-G80245,G80245,136,33.7404238063366,19.6,2023-05-06,14.4875,15.408954451345755,33.375,31.796583850931672,13.620833333333332,12.335196687370601,0.0,0.0,13.400000000000006,Hudson's Hope,1027,34.5382797470872
2023-G80122,G80122,136,42.4680426590349,154.9,2023-04-28,8.958333333333334,2.8642857142857143,35.125,67.47619047619047,10.020833333333334,12.180357142857144,0.0,5.4,18.200000000000006,Fort St John,22377,49.58926520070765
2023-N10166,N10166,426,13.417279663043743,3.4,2023-05-02,17.770833333333332,12.270238095238096,41.5,47.32738095238095,7.129166666666666,8.301785714285714,0.0,0.0,24.200000000000003,Kimberley,8090,0.3902704564385946
2023-G70182,G70182,132,46.728543765859655,1.1,2023-04-10,4.166666666666667,3.1321428571428567,47.66666666666666,64.51190476190476,21.58333333333333,8.655357142857143,2.2,7.600000000000007,18.4,Chetwynd,2512,2.9891515643868307
2023-G30210,G30210,195,2.006962142698512,1006.4,2023-05-04,19.3375,13.764285714285714,51.16666666666666,51.94047619047619,8.508333333333333,8.201785714285714,0.0,0.3999999999999929,17.000000000000004,McBride,634,0.8702490919406582
2023-K20046,K20046,305,10.289544903168707,2.0,2023-04-16,5.083333333333333,3.3744047619047626,64.45833333333333,60.404761904761905,11.8375,8.907738095238095,0.0,4.5999999999999925,4.8,Ashcroft,1634,22.0351056870829
2023-V80320,V80320,1056,48.95033733637346,4.3,2023-05-15,24.45,16.94702380952381,36.41666666666666,57.07142857142857,4.829166666666667,5.020833333333333,0.0,0.0,150.4,Sayward,387,36.32557122902119
2023-K40216,K40216,352,27.45463741779036,11.1,2023-05-05,10.775,11.257738095238095,71.5,58.00595238095237,3.875,3.9297619047619046,0.0,109.6,109.6,Revelstoke,8590,26.179843858725786
2023-V10313,V10313,72,25.984794639347573,19.1,2023-05-14,23.491666666666664,14.989285714285714,43.458333333333336,65.95833333333334,4.891666666666667,4.105357142857143,0.0,0.9999999999999716,138.0,Mission,42836,4.242857023903676
2023-C30401,C30401,255,8.958564236535144,2.2,2023-05-19,16.629166666666666,16.572619047619046,66.875,51.38095238095237,4.5875,6.058928571428572,1.6,0.0,32.8,Wells,233,45.38665269332184
2023-G70366,G70366,1045,67.67751494295648,1.5,2023-05-18,16.054166666666667,16.776009316770185,37.5,44.619565217391305,10.591666666666669,9.21777950310559,0.0,0.0,15.8,Taylor,1455,19.730829374206053
2023-G40324,G40324,654,16.45062257640276,142.7,2023-05-15,21.29583333333333,13.358333333333334,40.0,50.09523809523809,5.75,6.527380952380953,0.0,0.19999999999999735,20.4,Vanderhoof,4575,10.598893519872414
2023-N20406,N20406,419,5.758587664089787,7.3,2023-05-17,18.058333333333334,15.729166666666666,70.16666666666667,56.083333333333336,7.125,7.326785714285714,4.6,0.0,25.200000000000006,Kimberley,8090,25.36335058807056
2023-C50354,C50354,213,7.56911489591762,146.0,2023-05-17,17.037499999999998,14.634963768115941,44.083333333333336,46.5685817805383,5.508333333333333,7.507815734989648,0.0,2.6,6.6,Fraser Lake,969,177.19725981931376
2023-N60465,N60465,390,19.526814970598743,3.3,2023-05-19,18.9,15.623214285714283,71.41666666666667,66.54166666666667,3.5625,3.6517857142857144,5.6,2.5999999999999965,35.599999999999994,Greenwood,711,28.886634269264253
2023-K40421,K40421,344,9.898501734121956,8.5,2023-05-19,21.995833333333334,20.892727743271223,52.29166666666666,43.73550724637681,3.5125,3.8142598343685306,0.2,0.0,55.0,Revelstoke,8590,56.1285332945948
2023-G30423,G30423,1268,14.419933177633345,0.9,2023-05-20,19.354166666666668,17.72202380952381,48.75,50.125,7.679166666666667,6.611309523809523,0.0,3.0000000000000036,30.8,Valemount,1041,17.413563776832017
2023-C40392,C40392,234,16.476991333182422,23.7,2023-05-19,18.27083333333333,18.854761904761904,45.833333333333336,32.69642857142857,4.4625,6.678571428571429,0.0,0.0,42.6,100 Mile House,1998,42.12148611864666
2023-G60452,G60452,141,42.35905804402526,3.8,2023-05-20,16.091666666666665,15.998809523809525,42.208333333333336,46.86904761904761,4.7250000000000005,3.346428571428571,0.0,0.0,33.8,Mackenzie,3868,42.455495422848855
2023-G70412,G70412,132,5.769959881290539,2.8,2023-05-20,15.9,16.622619047619047,60.29166666666666,53.05952380952381,4.045833333333333,4.317857142857144,0.0,0.0,22.0,Hudson's Hope,1027,0.0
2023-C10431,C10431,206,22.88700128806732,75.0,2023-05-20,17.341666666666665,16.78988095238095,39.083333333333336,45.702380952380956,6.875,5.589880952380953,0.0,0.0,10.4,Quesnel,10388,49.13578824541048
2023-C30572,C30572,263,37.304488704589,25.6,2023-06-02,15.866666666666667,13.097023809523808,37.625,57.404761904761905,6.470833333333334,5.383333333333333,0.0,5.399999999999997,88.00000000000001,McBride,634,69.94165478969157
2023-R50580,R50580,1994,13.312993502013889,1.4,2023-06-02,13.754166666666668,11.999404761904762,62.29166666666666,60.220238095238095,8.404166666666667,12.805357142857144,0.0,1.0,2.8000000000000003,Terrace,12261,8.367023763786303
2023-G90565,G90565,131,18.08029819405693,192.9,2023-06-01,9.783333333333331,13.484523809523807,40.625,40.226190476190474,11.054166666666667,14.38095238095238,0.0,1.3999999999999928,27.799999999999983,Hudson's Hope,1027,220.61998135902076
2023-C30675,C30675,264,17.25120965333782,225.4,2023-06-08,20.570833333333333,13.906547619047618,35.333333333333336,42.464285714285715,7.833333333333333,6.801785714285714,0.0,0.0,56.6,100 Mile House,1998,69.87629763843267
2023-N10754,N10754,412,2.6098792126124546,1.7,2023-06-12,22.475,21.03095238095238,49.0,51.0654761904762,10.575,9.678571428571429,2.0,4.0,35.599999999999994,Fernie,6267,23.900021146933188
2023-G60705,G60705,141,15.10052418900473,8.5,2023-06-09,19.075,12.186309523809525,46.66666666666666,51.517857142857146,2.825,4.708333333333333,0.0,5.9999999999999964,29.799999999999997,Mackenzie,3868,79.60509965565963
2023-V90779,V90779,1378,11.465588386468315,7.5,2023-06-14,11.229166666666666,15.738690476190474,56.79166666666666,46.3154761904762,15.379166666666668,9.9375,0.0,0.7999999999999716,4.1,Alert Bay,445,31.53551288116891
2023-G70645,G70645,437,5.365765471190865,25065.9,2023-06-03,15.970833333333331,12.875,58.958333333333336,40.6845238095238,5.458333333333333,11.191666666666666,0.0,0.0,50.2,Tumbler Ridge,2422,0.0
2023-G90776,G90776,131,36.641063162272864,804.5,2023-06-09,18.375,13.650000000000002,60.75,49.922619047619044,6.2125,12.657142857142857,0.0,9.599999999999994,37.399999999999984,Hudson's Hope,1027,246.78968193299875
2023-G80117,G80117,136,26.87722131176588,89.9,2023-04-28,8.958333333333334,2.8642857142857143,35.125,67.47619047619047,10.020833333333334,12.180357142857144,0.0,5.4,18.200000000000006,Hudson's Hope,1027,38.5472427609688
2023-R10108,R10108,181,7.611212237122757,1.9,2023-04-28,9.108333333333333,4.233307453416148,40.75,64.99249482401657,3.766666666666667,5.1753623188405795,0.0,9.199999999999994,43.4,Burns Lake,1950,1.4990483126561105
2023-N10879,N10879,412,11.063910946196312,4.1,2023-06-24,18.308333333333334,13.202820910973085,48.41666666666666,60.46816770186336,7.725,8.551785714285714,0.0,15.599999999999998,54.8,Fernie,6267,32.91928541255472
2023-C50899,C50899,213,30.047484637033836,3.0,2023-06-24,16.804166666666667,10.547619047619047,51.0,63.64880952380952,7.745833333333334,9.180357142857144,0.0,4.800000000000001,14.200000000000001,Fraser Lake,969,159.62623932701163
2023-G41035,G41035,654,24.37326687877473,1.9,2023-07-01,9.7875,19.3875,61.875,42.20833333333332,10.604166666666666,9.471428571428572,0.8,3.1999999999999975,17.8,Fraser Lake,969,37.5031846430963
2023-V71098,V71098,11,23.354181050985357,16.6,2023-07-03,20.241666666666667,16.354761904761904,35.5,63.75595238095239,4.075,2.351785714285715,0.0,0.0,16.20000000000003,Port Alberni,18631,47.97891162878043
2023-G91133,G91133,119,74.67426137579558,2.1,2023-06-04,12.241666666666667,12.411080586080587,90.45833333333331,43.88461538461538,12.2125,9.986080586080586,5.8,5.0,15.799999999999999,Hudson's Hope,1027,410.7296585575662
2023-V81105,V81105,1408,29.12785426184772,2.0,2023-07-03,18.370833333333334,18.075,50.04166666666666,55.86309523809524,7.8125,7.5946428571428575,0.0,0.5,4.0,Sayward,387,3.121064294956449
2023-C51976,C51976,209,16.047998530032714,10.5,2023-07-20,23.808333333333334,17.79285714285714,39.66666666666666,55.79166666666667,6.3500000000000005,5.400595238095238,0.0,4.799999999999997,22.800000000000004,Williams Lake,11381,88.80893826754877
2023-V31141,V31141,555,23.162293123399436,20.0,2023-07-05,23.95,19.657738095238095,37.5,54.63095238095239,4.866666666666666,4.468452380952381,0.0,0.0,27.4,Squamish,22601,7.501813369352079
2023-K21148,K21148,1176,17.51309261965998,16.4,2023-07-03,17.3125,20.475,36.54166666666666,43.83333333333333,8.137500000000001,5.803571428571429,0.0,0.599999999999993,33.8,Chase,2447,27.01118167533058
2023-K41156,K41156,352,13.929088844740084,9.9,2023-07-06,18.066666666666663,16.150595238095235,44.625,47.172619047619044,3.341666666666667,5.6136904761904765,0.0,0.0,86.8,Lumby,2058,41.06687431278576
2023-K21190,K21190,239,7.912327502374194,0.3,2023-07-07,20.766666666666666,20.057738095238097,59.625,47.589285714285715,4.4375,4.834523809523809,0.0,0.0,41.0,Clearwater,2402,3.2017303914391544
2023-K41194,K41194,480,17.455361978809332,4.2,2023-07-07,16.591666666666665,12.835714285714285,43.458333333333336,46.482142857142854,0.0,0.0,0.0,0.0,0.0,Spallumcheen,5470,0.0
2023-C21329,C21329,227,20.861885649693573,1.0,2023-07-08,20.29583333333333,15.539880952380951,56.29166666666666,55.32142857142857,4.354166666666667,5.264285714285714,0.0,2.8,54.60000000000001,Williams Lake,11381,20.523484323083405
2023-R51241,R51241,105,7.770513701094997,10.0,2023-07-08,21.175,17.60833333333333,79.875,68.20238095238095,1.075,2.7720238095238092,26.0,5.399999999999993,38.599999999999994,Terrace,12261,48.91939212003501
2023-G61226,G61226,155,29.30552290118368,0.0,2023-07-06,20.254166666666663,15.99642857142857,59.875,59.333333333333336,7.3875,7.086309523809524,0.0,0.8,12.600000000000001,Mackenzie,3868,21.17289863196351
2023-G90292,G90292,131,10.013929890985535,21056.2,2023-05-11,14.070833333333333,11.337939958592132,35.333333333333336,49.43297101449275,11.841666666666669,6.827044513457556,0.0,0.0,39.399999999999984,Hudson's Hope,1027,213.60583758719943
2023-G90949,G90949,440,19.944530159701785,5278.1,2023-06-24,17.058333333333334,14.638690476190476,73.5,66.50595238095238,6.170833333333333,4.583928571428572,13.8,4.3999999999999995,38.8,Stewart,491,408.7801465795729
2023-K61322,K61322,302,12.443346967448006,10.0,2023-07-08,18.4125,15.723033126293997,59.083333333333336,51.968685300207035,5.933333333333334,6.968193581780539,0.0,0.0,37.199999999999996,Merritt,7522,28.532369173672848
2023-G71539,G71539,437,71.34769887300881,1.9,2023-07-11,19.566666666666663,18.898809523809522,56.458333333333336,59.5595238095238,7.608333333333333,6.949404761904761,0.0,10.2,62.599999999999994,Taylor,1455,23.16917129118807
2023-C51561,C51561,213,31.525215466735386,4.7,2023-07-10,16.537499999999998,16.32857142857143,61.875,58.32142857142857,8.104166666666666,5.4696428571428575,0.2,20.6,33.4,Quesnel,10388,167.2107203089041
2023-C11328,C11328,221,28.39766662116892,5.0,2023-07-07,13.945833333333333,12.787111801242235,73.08333333333333,49.394927536231876,5.245833333333334,9.441770186335404,2.2,0.4000000000000107,45.2,Quesnel,10388,105.9165887798112
2023-G41149,G41149,146,17.271350288251927,501.1,2023-07-01,10.1,19.401785714285715,72.0,47.589285714285715,9.3625,8.472023809523808,0.6,0.4000000000000018,9.0,Vanderhoof,4575,20.117556362059684
2023-R21225,R21225,179,11.776348311949128,85.7,2023-07-07,18.975,15.115476190476189,60.41666666666666,51.17261904761904,5.2,7.007142857142858,0.0,4.599999999999998,24.6,Houston,3140,35.52317089183887
2023-K21628,K21628,253,14.431819015228252,0.6,2023-07-07,15.817391304347826,13.846428571428573,56.82608695652174,47.88690476190476,4.21304347826087,6.8809523809523805,0.0,0.0,29.799999999999997,Sun Peaks,1225,6.785846363102776
2023-G61629,G61629,145,4.24418100860591,1.0,2023-07-11,17.333333333333332,18.36785714285714,63.083333333333336,64.85714285714286,4.3625,4.619642857142857,0.0,5.799999999999999,41.99999999999999,Hudson's Hope,1027,206.83285639319325
2023-R11725,R11725,179,48.5244347311878,230.3,2023-07-08,18.65294117647059,16.079761904761906,69.0,52.78571428571428,5.752941176470588,6.6000000000000005,0.8,4.599999999999998,24.6,Houston,3140,90.9392835572084
2023-R51710,R51710,179,102.22524902772518,174.0,2023-07-08,18.65294117647059,16.079761904761906,69.0,52.78571428571428,5.752941176470588,6.6000000000000005,0.8,4.599999999999998,24.6,Kitimat,8395,108.01216703051831
2023-R51711,R51711,179,100.69592591108297,483.7,2023-07-08,18.65294117647059,16.079761904761906,69.0,52.78571428571428,5.752941176470588,6.6000000000000005,0.8,4.599999999999998,24.6,Kitimat,8395,111.05381997801756
2023-R51713,R51713,1199,97.03650572616,56.4,2023-07-07,18.558333333333334,12.261309523809519,49.958333333333336,65.67857142857143,8.925,6.544047619047618,0.0,7.000000000000001,58.800000000000004,Kitimat,8395,118.7595736244996
2023-VA1167,VA1167,165,35.53428988779009,99.9,2023-07-06,16.33478260869565,13.016071428571426,66.6086956521739,57.35119047619047,4.78695652173913,5.401785714285714,0.0,2.7999999999999963,16.6,Fraser Lake,969,141.76063973414506
2023-C11489,C11489,228,12.18373441346791,13.4,2023-07-09,20.6875,17.72769151138716,51.41666666666666,50.24508281573498,6.95,6.983359213250517,1.4,10.20000000000001,33.2,Quesnel,10388,28.599939626876477
2023-G90956,G90956,440,31.46668593499461,12107.2,2023-06-24,17.058333333333334,14.638690476190476,73.5,66.50595238095238,6.170833333333333,4.583928571428572,13.8,4.3999999999999995,38.8,Stewart,491,408.9730754521214
2023-R41743,R41743,428,31.584837896418097,7.2,2023-07-14,16.2625,21.702380952380953,74.66666666666667,57.35119047619048,2.7416666666666667,6.1672619047619035,0.0,0.0,35.2,New Hazelton,607,41.72484064879807
2023-C11458,C11458,228,21.81856744794628,27.9,2023-07-09,20.6875,17.72769151138716,51.41666666666666,50.24508281573498,6.95,6.983359213250517,1.4,10.20000000000001,33.2,Quesnel,10388,21.564240452075406
2023-K51685,K51685,328,8.854822752096364,1.1,2023-07-14,25.20833333333333,23.135119047619046,44.04166666666666,48.75595238095237,5.241666666666666,5.605357142857144,0.0,9.399999999999993,12.6,Penticton,37460,0.7746298167128023
2023-R41582,R41582,428,13.95801097351343,31.7,2023-07-12,19.870833333333334,22.53095238095238,46.583333333333336,58.30952380952381,7.587499999999999,5.944642857142857,0.0,0.0,35.2,Hazelton,301,4.587047610902163
2023-R21234,R21234,183,0.0,6758.0,2023-07-08,19.641176470588235,15.658462732919256,52.05882352941177,51.654761904761905,5.976470588235294,10.19824016563147,0.0,6.0,25.2,Burns Lake,1950,32.92947939201807
2023-C11319,C11319,221,29.255352576289457,339.3,2023-07-08,17.51304347826087,12.994254658385094,56.56521739130435,53.07945134575569,7.678260869565217,8.776293995859215,0.6,2.6000000000000107,47.4,Vanderhoof,4575,116.4406472251638
2023-R51656,R51656,106,46.88955970720957,59.3,2023-07-07,22.954166666666666,18.45595238095238,66.5,65.68452380952381,5.75,5.9190476190476184,0.4,11.2,56.59999999999999,Kitimat,8395,27.84650450697402
2023-R51772,R51772,430,14.30348997340647,7.6,2023-07-16,17.794117647058822,20.215431096681098,72.76470588235294,54.665313852813846,4.264705882352941,3.7746031746031754,0.4,0.0,19.8,Stewart,491,54.751880249520674
2023-G41422,G41422,654,3.0177808945840345,780.0,2023-07-09,18.570833333333333,18.654166666666665,58.125,47.363095238095234,6.4125000000000005,7.004761904761905,0.2,0.9999999999999973,19.0,Fraser Lake,969,6.442503834751
2023-R11238,R11238,183,14.510550248120294,358.8,2023-07-07,18.8625,14.561438923395444,52.083333333333336,51.654761904761905,11.195833333333333,10.842287784679089,0.0,6.0,25.2,Burns Lake,1950,29.770602517241656
2023-R51336,R51336,427,22.817376411330223,84.0,2023-07-08,21.72083333333333,19.05595238095238,70.33333333333333,63.69642857142857,4.629166666666666,5.752380952380952,2.2,6.4000000000000075,54.000000000000014,New Hazelton,607,59.52884802969601
2023-R51555,R51555,105,2.0410865170596786,246.8,2023-07-08,21.175,17.60833333333333,79.875,68.20238095238095,1.075,2.7720238095238092,26.0,5.399999999999993,38.599999999999994,Terrace,12261,46.01436286979308
2023-R51657,R51657,105,16.53510974508115,7.3,2023-07-07,21.508333333333336,16.554166666666667,70.875,68.97619047619047,3.1833333333333336,3.0636904761904757,0.0,27.79999999999999,38.599999999999994,Terrace,12261,45.6986951671721
2023-R11546,R11546,183,23.995270527835935,125.6,2023-07-07,18.8625,14.561438923395444,52.083333333333336,51.654761904761905,11.195833333333333,10.842287784679089,0.0,6.0,25.2,Burns Lake,1950,21.93605682038922
2023-G60955,G60955,155,35.10060942213583,9.8,2023-06-28,22.29583333333333,19.117261904761904,49.458333333333336,55.74404761904761,7.770833333333333,6.798214285714286,0.0,0.4,13.4,Mackenzie,3868,20.712413151718785
2023-K61940,K61940,302,5.1316599281124375,1.5,2023-07-09,17.216666666666665,16.20059523809524,68.66666666666667,53.58928571428571,11.5875,5.479166666666667,0.0,0.0,37.199999999999996,Merritt,7522,20.281966085314384
2023-K61957,K61957,302,13.514563478311109,1.2,2023-07-21,19.816666666666663,17.888257575757574,49.25,51.7012987012987,10.970833333333331,10.17949134199134,0.0,0.0,18.19999999999999,Merritt,7522,30.12512761631039
2023-N11908,N11908,791,14.497007249336768,2.1,2023-07-12,13.404166666666669,17.101630434782606,88.29166666666667,57.855331262939956,4.875,6.111930641821947,2.0,1.800000000000008,23.2,Cranbrook,21278,47.18247808861496
2023-C51571,C51571,165,29.662296037312014,3347.0,2023-07-11,14.158333333333331,16.343659420289857,45.583333333333336,61.98576604554865,6.175,4.330279503105589,0.0,3.599999999999996,18.599999999999998,Fraser Lake,969,138.88418265596636
2023-G50912,G50912,163,19.922066121485493,816.9,2023-06-22,17.849999999999998,11.15144927536232,50.208333333333336,65.49301242236025,5.6625000000000005,5.75103519668737,0.0,9.799999999999988,23.0,Granisle,325,82.12484642908018
2023-R21250,R21250,162,11.159092990397388,2060.8,2023-07-08,19.2375,17.08511904761905,67.125,58.738095238095234,4.516666666666667,6.989285714285714,9.2,8.199999999999996,13.000000000000004,Houston,3140,7.255262268846561
2023-R51709,R51709,179,101.9429459623633,62.2,2023-07-08,18.65294117647059,16.079761904761906,69.0,52.78571428571428,5.752941176470588,6.6000000000000005,0.8,4.599999999999998,24.6,Kitimat,8395,101.52038239594502
2023-G12007,G12007,159,26.376927392851854,8.5,2023-07-20,22.85833333333333,16.522308488612836,43.958333333333336,60.30615942028986,5.3,5.246739130434783,0.0,3.6000000000000014,13.0,Prince George,80196,39.64371154571802
2023-C11914,C11914,211,44.98824422432235,1.6,2023-07-19,18.654166666666665,14.867261904761904,58.79166666666666,66.24404761904762,3.758333333333333,4.4660714285714285,0.0,12.600000000000007,46.8,Quesnel,10388,27.305340701482013
2023-K21989,K21989,2513,1.8748271295499888,0.2,2023-07-21,25.945833333333336,20.84940476190476,31.791666666666668,50.339285714285715,5.4375,4.895833333333334,0.0,2.4,14.399999999999999,Clearwater,2402,1.147908584975057
2023-C11892,C11892,165,17.18494859571756,341.9,2023-07-18,11.020833333333334,13.432738095238095,75.0,64.9047619047619,4.9625,4.3125,0.0,21.199999999999996,32.4,Fraser Lake,969,126.46808336817148
2023-R31391,R31391,172,10.575612683061465,3030.6,2023-07-09,18.379166666666663,17.42626811594203,70.375,57.725414078674945,6.9625,6.158825051759835,0.0,6.000000000000012,18.20000000000001,New Hazelton,607,64.12916068442235
2023-C31905,C31905,255,13.172530896520506,3.1,2023-07-19,19.2625,15.751785714285715,56.91666666666666,72.08928571428571,4.4375,4.2369047619047615,0.0,0.8000000000000036,48.800000000000004,Wells,233,57.7593504282168
2023-G41949,G41949,189,18.404580006983046,21.5,2023-07-14,13.695833333333333,18.435119047619047,75.41666666666667,55.05952380952381,3.608333333333333,4.672619047619048,0.0,5.400000000000004,31.599999999999994,Vanderhoof,4575,40.004215944164685
2023-K61969,K61969,302,5.69587527991219,8.3,2023-07-20,20.813636363636363,17.39047619047619,47.90909090909091,53.523809523809526,5.877272727272728,10.860714285714284,0.0,0.0,29.999999999999993,Merritt,7522,17.80417395421256
2023-G41966,G41966,166,15.29408198070651,6.3,2023-07-19,14.883333333333333,13.931547619047619,75.45833333333333,66.31547619047619,3.4125,4.2875000000000005,0.0,12.399999999999986,41.60000000000001,Vanderhoof,4575,56.28146144350463
2023-G41569,G41569,166,33.95114979495937,801.1,2023-07-07,17.720833333333335,14.044047619047618,64.5,52.31547619047619,2.825,5.305952380952381,1.0,2.3999999999999857,42.800000000000004,Vanderhoof,4575,35.5153359754735
2023-K22026,K22026,291,9.86994851724883,4.4,2023-07-21,20.65833333333333,17.942261904761903,39.04166666666666,44.01190476190476,5.775,5.76547619047619,0.0,0.39999999999999647,14.799999999999999,Kamloops,100630,29.18390373190417
2023-G41509,G41509,166,38.621929291341495,104.4,2023-07-08,17.974999999999998,14.63630952380952,68.16666666666667,55.25,4.791666666666667,4.692857142857143,0.4,3.1999999999999855,43.800000000000004,Fraser Lake,969,55.89354798588344
2023-G50856,G50856,163,23.27226427260194,5712.7,2023-06-24,17.816666666666666,13.483928571428569,57.0,60.44642857142857,6.3625,5.616071428571429,0.0,4.1999999999999895,19.8,Granisle,325,91.29212929061042
2023-G90709,G90709,119,27.823682286889994,37793.9,2023-06-04,12.241666666666667,12.411080586080587,90.45833333333331,43.88461538461538,12.2125,9.986080586080586,5.8,5.0,15.799999999999999,Hudson's Hope,1027,396.45620698034105
2023-G91013,G91013,119,49.043403021285854,3782.2,2023-06-29,16.208695652173912,20.082738095238092,70.30434782608695,54.029761904761905,10.956521739130435,8.678571428571429,4.2,2.2,25.0,Hudson's Hope,1027,387.32471342854416
2023-R11244,R11244,181,6.609469211045744,8044.1,2023-07-08,18.9375,16.717261904761905,59.958333333333336,50.82142857142857,3.1333333333333333,3.6208333333333336,0.0,3.199999999999993,14.6,Burns Lake,1950,0.1829936337185282
2023-R11274,R11274,167,17.721343958364265,427.6,2023-07-08,16.966666666666665,15.103571428571428,73.125,57.07142857142856,3.5125,5.652380952380952,1.8,6.000000000000007,24.8,Burns Lake,1950,31.437509531717986
2023-R11277,R11277,167,4.757956399090895,6890.7,2023-07-08,16.966666666666665,15.103571428571428,73.125,57.07142857142856,3.5125,5.652380952380952,1.8,6.000000000000007,24.8,Burns Lake,1950,17.48369553364657
2023-R11378,R11378,167,14.879596265890688,373.6,2023-07-08,16.966666666666665,15.103571428571428,73.125,57.07142857142856,3.5125,5.652380952380952,1.8,6.000000000000007,24.8,Burns Lake,1950,20.823010083481044
2023-R91715,R91715,108,63.24437439982111,8.9,2023-07-15,17.708333333333332,18.948214285714283,59.66666666666666,51.892857142857146,6.170833333333333,8.999404761904762,0.0,0.6,5.000000000000001,Stewart,491,302.3066294243852
2023-VA1664,VA1664,179,87.81626580754349,55.2,2023-07-06,20.491666666666667,14.201190476190476,41.875,53.988095238095234,6.15,7.40297619047619,0.0,6.399999999999998,24.6,Kitimat,8395,134.15865526422454
2023-R90857,R90857,112,80.6568641595191,762.5,2023-06-22,16.675,11.946428571428571,60.583333333333336,59.80952380952381,4.7875,5.805952380952381,0.0,4.0000000000000036,29.0,Stewart,491,135.19095083186747
2023-R90877,R90877,152,92.7964707969131,14461.7,2023-06-23,19.808333333333334,12.504865424430639,47.208333333333336,58.616200828157346,4.479166666666667,6.036361283643893,0.0,9.199999999999996,46.6,Stewart,491,189.97545122454565
2023-K22305,K22305,266,20.77342308651284,18.1,2023-07-01,15.408333333333331,18.020238095238096,59.458333333333336,68.03571428571429,5.525,5.061904761904763,0.0,8.000000000000004,59.00000000000001,Valemount,1041,63.40289757718694
2023-K21595,K21595,266,20.09134327720029,11.5,2023-07-01,15.408333333333331,18.020238095238096,59.458333333333336,68.03571428571429,5.525,5.061904761904763,0.0,8.000000000000004,59.00000000000001,Valemount,1041,63.55726117366921
2023-N22114,N22114,366,16.685800728225956,4.5,2023-07-22,20.51666666666667,16.954166666666666,55.54166666666666,57.19047619047619,6.429166666666667,6.133333333333334,0.8,6.2,9.999999999999986,Golden,4071,35.6727108577365
2023-C30399,C30399,264,25.424365292179232,963.7,2023-05-19,17.291666666666668,17.40357142857143,52.75,45.827380952380956,6.6375,7.374999999999999,0.0,1.8000000000000036,37.6,Wells,233,56.36822407523003
2023-G60858,G60858,152,18.317525095001404,4652.2,2023-06-22,19.166666666666668,11.572127329192543,46.04166666666666,58.05072463768115,4.620833333333334,6.658385093167701,0.6,8.599999999999996,47.4,Hudson's Hope,1027,264.18872157346834
2023-C31958,C31958,264,19.9091070888504,1.3,2023-07-19,20.066666666666663,16.202380952380953,50.29166666666666,68.72619047619047,5.525,5.891666666666667,0.0,7.200000000000001,28.0,100 Mile House,1998,75.4137140709973
2023-C51981,C51981,209,14.148919564387633,1406.5,2023-07-21,21.129166666666663,19.072619047619046,42.833333333333336,52.779761904761905,8.375,5.810714285714286,0.0,4.799999999999997,22.6,Williams Lake,11381,82.62718790028468
2023-C12135,C12135,228,34.83142052710768,251.9,2023-07-21,18.679166666666667,17.625792866553734,63.208333333333336,58.318228872576704,7.725,6.254761904761905,0.0,2.200000000000011,23.4,Quesnel,10388,39.214712280253735
2023-G62271,G62271,156,59.64263109499747,23.4,2023-06-23,18.57916666666667,13.286309523809523,61.29166666666666,61.226190476190474,7.183333333333334,8.148809523809524,0.0,13.400000000000007,32.400000000000006,New Hazelton,607,176.24550723283397
2023-K62315,K62315,291,12.244058547718511,5.4,2023-07-29,17.979166666666668,14.235119047619047,44.25,54.70833333333333,6.554166666666667,5.8982142857142845,0.0,2.9999999999999964,13.399999999999999,Merritt,7522,25.209876844015188
2023-VA2327,VA2327,101,16.710600924240662,1.0,2023-07-30,14.3625,14.835714285714287,93.29166666666669,87.48809523809523,2.5083333333333333,4.163095238095238,5.4,31.400000000000013,69.0,Alert Bay,445,101.96092436889116
2023-G61699,G61699,2850,29.64640955034282,7.2,2023-07-13,16.533333333333335,19.77638888888889,47.833333333333336,36.52777777777778,3.975,6.016666666666667,0.0,0.0,0.0,Granisle,325,99.34827462450684
2023-G61602,G61602,155,35.51128786479923,6.5,2023-07-11,17.712500000000002,20.1375,74.0,59.422619047619044,4.658333333333333,6.44047619047619,0.8,0.0,12.600000000000001,Mackenzie,3868,20.88590605372427
2023-K42077,K42077,2130,23.345285706987077,21.8,2023-07-22,,21.20416666666667,0.0,16.875,0.0,1.788095238095238,0.0,0.6,0.6,Spallumcheen,5470,16.785696773443963
2023-K71778,K71778,280,11.423878128362045,589.2,2023-07-16,25.191666666666663,23.590320910973087,31.625,47.429865424430645,7.220833333333334,8.112577639751553,0.0,0.20000000000000734,46.400000000000006,Lillooet,2341,5.402710857040952
2023-K22241,K22241,474,14.06114747684409,1.0,2023-07-17,,,0.0,0.0,16.108333333333334,10.523809523809524,0.0,0.0,0.0,Clearwater,2402,62.59739438634309
2023-N12363,N12363,412,24.60366445407207,9.7,2023-07-31,22.4,22.43080516791697,30.125,36.63476714796591,8.354166666666666,13.47493748487537,0.2,0.0,6.2,Sparwood,4198,20.263290151152912
2023-N52250,N52250,387,7.406664170669478,28.0,2023-07-23,21.6625,19.727380952380948,38.0,45.07738095238095,5.420833333333333,6.432738095238094,0.0,0.4,17.8,Nakusp,1709,41.877261879270016
2023-N52504,N52504,408,22.366469894193443,2.1,2023-08-05,14.716666666666669,14.116666666666665,41.958333333333336,30.333333333333332,0.0,0.0,0.0,0.0,0.0,Castlegar,8595,0.0
2023-K52318,K52318,334,13.24601263792647,13756.8,2023-07-29,21.47083333333333,18.82440476190476,33.625,41.857142857142854,12.079166666666666,9.873809523809523,0.0,0.0,14.399999999999999,Osoyoos,5527,0.0
2023-K62575,K62575,1330,10.135336900193767,15.7,2023-08-07,15.241666666666667,16.17202380952381,73.95833333333333,48.666666666666664,5.2875000000000005,6.905952380952381,0.0,0.0,35.999999999999986,Princeton,2808,8.313558916075872
2023-R11968,R11968,181,9.37936606246892,2.2,2023-07-21,15.595833333333331,15.850595238095236,78.875,64.61309523809524,1.9791666666666667,3.207738095238095,2.0,17.39999999999999,26.6,Burns Lake,1950,4.850449169426345
2023-K22543,K22543,239,25.122203158252752,2.6,2023-07-25,15.220833333333331,22.460714285714285,78.45833333333333,46.625,3.766666666666667,4.385714285714285,1.4,0.20000000000000712,4.2,Barriere,1820,23.134763174672692
2023-G92536,G92536,117,14.13857288384337,2.5,2023-08-02,15.3,16.56607142857143,85.5,77.80357142857143,4.6625000000000005,4.869642857142857,6.4,27.800000000000004,46.2,Fort St John,22377,301.4451788946943
2023-K42647,K42647,2130,23.253484004802427,1.7,2023-08-01,,,0.0,0.0,0.0,0.0,0.0,7.2,7.8,Sicamous,2708,24.039428602215693
2023-N52156,N52156,387,16.945537120663225,876.3,2023-07-21,22.175,18.499999999999996,42.25,51.702380952380956,4.741666666666666,6.065476190476191,0.0,0.2,21.6,Nakusp,1709,17.70535978898995
2023-N72419,N72419,385,7.821145439482993,519.8,2023-07-30,16.504166666666666,16.258928571428573,57.79166666666666,55.5,10.491666666666667,10.023809523809524,0.0,2.800000000000007,22.8,Golden,4071,58.006484911357205
2023-N41094,N41094,868,6.8282836992299885,62.5,2023-07-03,14.670833333333334,19.224999999999998,46.75,48.22023809523809,12.479166666666666,7.760119047619043,0.0,1.4000000000000037,49.2,Revelstoke,8590,85.69057438645669
2023-N42283,N42283,374,25.200413268055268,13.4,2023-07-26,13.366666666666667,20.620005175983437,74.58333333333333,52.17287784679088,3.9875,5.345626293995859,0.4,0.6000000000000035,15.2,Golden,4071,71.77726924061665
2023-V81802,V81802,1056,29.60662759901469,84.4,2023-07-17,19.641666666666666,20.661309523809525,60.833333333333336,60.05357142857143,7.629166666666666,5.357738095238095,1.2,0.0,0.0,Sayward,387,40.03433681193554
2023-N52372,N52372,383,7.458787230819268,200.7,2023-07-30,22.4125,20.08222049689441,35.583333333333336,43.50750517598344,5.3500000000000005,7.585455486542443,0.0,0.6000000000000142,21.599999999999998,Nakusp,1709,12.056924603258745
2023-N72169,N72169,385,2.749790050589978,287.0,2023-07-17,14.6125,16.39166666666667,65.20833333333333,73.97023809523809,9.770833333333334,7.655952380952381,0.0,16.400000000000006,65.0,Golden,4071,58.116201779121866
2023-N72170,N72170,385,5.557730293690828,1337.6,2023-07-22,21.09583333333333,18.432738095238097,46.25,52.22619047619048,10.05,9.327380952380953,0.0,2.000000000000007,21.799999999999997,Nakusp,1709,54.858185761447466
2023-N52251,N52251,387,10.82454332305976,1038.6,2023-07-23,21.6625,19.727380952380948,38.0,45.07738095238095,5.420833333333333,6.432738095238094,0.0,0.4,17.8,Nakusp,1709,44.12672878324178
2023-N52723,N52723,402,23.715616398670782,1.3,2023-08-13,23.808333333333334,20.238690476190474,42.29166666666666,63.5,4.558333333333333,4.036309523809524,0.0,10.799999999999999,10.799999999999994,Trail,8183,0.0
2023-R20264,R20264,173,37.89759321203677,10.0,2023-05-10,9.666666666666666,8.836904761904764,59.91666666666666,68.86904761904762,5.6625000000000005,4.791666666666666,0.0,20.2,53.0,Granisle,325,9.345076004640656
2023-K62725,K62725,302,12.249500998920702,1.1,2023-08-12,17.520833333333332,16.758333333333333,56.25,60.3154761904762,8.716666666666667,11.80357142857143,0.0,14.799999999999999,19.79999999999999,Merritt,7522,25.753190852698967
2023-G91355,G91355,119,83.15159766193591,150.2,2023-06-29,16.208695652173912,20.082738095238092,70.30434782608695,54.029761904761905,10.956521739130435,8.678571428571429,4.2,2.2,25.0,Fort St John,22377,390.0612720790378
2023-G92093,G92093,599,34.62958325577355,0.3,2023-07-22,19.92083333333333,19.896428571428572,69.08333333333333,70.36309523809523,3.745833333333333,4.469047619047619,0.0,7.0,19.2,Hudson's Hope,1027,335.2944754371327
2023-R51702,R51702,430,44.52752269221983,60.6,2023-07-09,19.28333333333333,21.69718778420459,75.75,45.63199461602824,3.875,3.7218054494525084,,6.000000000000009,20.0,Stewart,491,87.60285772690338
2023-K71658,K71658,1029,15.644642457386825,277.6,2023-07-13,19.141666666666666,20.77678571428571,57.29166666666666,45.339285714285715,4.941666666666666,5.905952380952381,0.4,2.599999999999989,40.80000000000002,Lillooet,2341,39.81736991497847
2023-G41560,G41560,166,21.72177262739412,1144.3,2023-07-07,17.720833333333335,14.044047619047618,64.5,52.31547619047619,2.825,5.305952380952381,1.0,2.3999999999999857,42.800000000000004,Vanderhoof,4575,60.24908471285708
2023-N23290,N23290,790,9.377726345433356,7.7,2023-09-15,11.95,12.060119047619045,54.625,64.22619047619047,4.6000000000000005,4.755357142857143,0.0,1.3999999999999928,38.2,Canal Flats,768,27.578128285679117
2023-N12589,N12589,412,11.986959903301932,1909.3,2023-08-07,20.433333333333334,23.794824016563147,56.125,32.73395445134575,10.320833333333333,11.22774327122153,3.0,0.2,6.0,Fernie,6267,27.01245969733859
2023-N72601,N72601,379,6.543391801087916,228.2,2023-08-07,19.54583333333333,21.329166666666662,65.83333333333333,42.85119047619048,4.5375000000000005,5.071428571428571,0.0,0.0,12.8,New Denver,485,36.97324629699137
2023-N22243,N22243,417,9.081112937389648,4110.7,2023-07-23,24.666666666666668,21.692857142857143,30.75,43.76190476190475,10.0625,7.043452380952381,0.0,0.20000000000000023,5.6000000000000005,Invermere,3825,9.448322966181902
2023-N22508,N22508,411,20.07106753401423,711.2,2023-08-04,18.566666666666663,17.336309523809522,48.875,50.791666666666664,3.3083333333333336,4.405952380952381,0.0,2.4000000000000004,33.6,Elkford,2804,43.41388291155443
2023-N71918,N71918,2450,11.713747242160698,1457.2,2023-07-18,14.283333333333331,15.592261904761903,56.75,66.67857142857143,7.712499999999999,7.529166666666667,6.8,18.400000000000006,31.6,Cranbrook,21278,25.972438510825853
2023-N40596,N40596,868,19.626000267768635,1160.1,2023-05-21,12.825,18.60535714285714,84.91666666666667,43.45238095238095,7.308333333333334,6.947619047619043,4.4,1.6000000000000016,42.6,Clearwater,2402,86.6651567511818
2023-N52826,N52826,393,8.562073316493318,1.8,2023-08-08,17.995833333333334,20.9,69.91666666666667,40.02380952380952,6.779166666666666,7.64702380952381,0.0,0.0,19.599999999999998,Castlegar,8595,41.38664559420727
2023-N52393,N52393,383,17.215291383573515,867.9,2023-07-31,22.7,19.66972049689441,29.20833333333333,44.096790890269155,6.670833333333333,7.237241200828158,0.0,0.6000000000000142,21.599999999999998,Nakusp,1709,6.520197689833479
2023-N12546,N12546,788,8.614324535900089,2298.2,2023-08-06,16.316666666666666,19.149404761904766,58.833333333333336,39.83333333333333,9.170833333333333,9.543452380952383,0.0,3.399999999999993,28.4,Elkford,2804,0.9113668148289416
2023-R22794,R22794,179,9.906128286736346,4.2,2023-08-17,15.3125,16.30833333333333,55.583333333333336,67.06547619047619,8.737499999999999,7.00952380952381,0.0,3.4,30.0,Houston,3140,57.75077022317029
2023-N22240,N22240,411,16.789661358986418,5419.6,2023-07-23,19.72083333333333,17.633333333333333,48.458333333333336,58.922619047619044,4.858333333333333,3.85,0.0,2.4,29.599999999999998,Canal Flats,768,12.162610615009417
2023-N52957,N52957,2930,20.618480182469074,1.1,2023-08-25,14.420833333333334,13.25,76.95833333333333,75.49404761904762,2.495833333333333,2.419642857142857,0.0,36.6,42.8,Nakusp,1709,27.242388576612445
2023-K42421,K42421,344,24.471400805400098,52.4,2023-07-25,16.087500000000002,23.694047619047616,75.5,46.142857142857146,3.725,3.3047619047619046,10.8,13.6,32.0,Revelstoke,8590,57.24447101272477
2023-K71705,K71705,1055,8.9283052810433,5021.6,2023-07-13,22.254166666666663,24.172023809523807,59.958333333333336,44.101190476190474,4.425,8.616071428571429,2.2,2.0,28.8,Lytton,222,9.432343866151346
2023-V11332,V11332,1339,11.16349919475558,112.1,2023-07-08,24.1,21.74290890269151,49.47826086956522,42.45885093167701,5.760869565217392,5.983203933747412,0.0,0.0,49.6,Lytton,222,33.388299143257605
2023-K22753,K22753,474,11.80718376083613,5.0,2023-07-17,,,0.0,0.0,16.108333333333334,10.523809523809524,0.0,0.0,0.0,Clearwater,2402,66.22790767789836
2023-V12984,V12984,67,35.79411118584443,37.6,2023-08-27,24.475,19.201785714285712,47.125,59.57738095238095,7.216666666666666,6.383928571428571,0.0,1.8000000000000427,2.2,Kent,6589,13.151528028656491
2023-K52125,K52125,331,0.0,46504.2,2023-07-22,17.349999999999998,17.514880952380953,45.708333333333336,42.4345238095238,16.154166666666665,10.82202380952381,0.0,0.0,20.6,Keremeos,1581,4.42458156688618
2023-G61718,G61718,156,68.40107785748857,5.6,2023-07-07,21.854166666666668,16.28690476190476,53.91666666666666,54.70833333333333,6.275,8.408928571428572,0.0,0.20000000000000712,20.20000000000001,New Hazelton,607,188.45628660672853
2023-N53056,N53056,387,13.591188166390326,5.1,2023-08-29,19.7375,15.088690476190475,45.458333333333336,72.32142857142857,5.641666666666667,4.0964285714285715,0.0,33.2,62.0,Nakusp,1709,43.58208155189984
2023-V12722,V12722,1144,24.528253846122595,1517.7,2023-08-13,23.34583333333333,18.073809523809523,58.0,74.82738095238095,4.879166666666666,4.516071428571428,0.0,4.800000000000015,25.999999999999986,Hope,6796,27.18661655955308
2023-R91184,R91184,111,35.02587373526557,2253.2,2023-07-06,19.73333333333333,13.627976190476192,44.04166666666666,54.63095238095237,7.025,8.676190476190476,0.0,0.4,14.799999999999999,Stewart,491,444.7973731369132
2023-VA2625,VA2625,904,16.145471522772233,2.2,2023-08-06,21.570833333333336,18.26011904761905,75.5,77.875,6.716666666666666,7.995833333333333,0.0,9.0,57.4,Port Hardy,4243,187.00710672167543
2023-VA2752,VA2752,904,53.94689720851792,328.8,2023-08-14,21.891666666666666,17.86547619047619,72.875,83.25595238095238,9.475,9.77142857142857,0.0,12.0,66.60000000000001,Fraser Lake,969,151.87445987892832
2023-G90981,G90981,444,39.92819018974207,22393.5,2023-06-25,19.0625,18.499404761904763,61.875,55.92857142857143,4.804166666666666,5.698809523809523,0.2,1.8000000000000018,14.200000000000001,Stewart,491,338.0431806663448
2023-V52831,V52831,1349,13.924039568468736,251.1,2023-08-17,18.2,16.651190476190475,49.333333333333336,57.82142857142856,5.445833333333333,3.4672619047619055,0.0,2.0000000000000053,67.8,Sayward,387,90.244157654856
2023-C53002,C53002,209,19.04217653809538,1298.9,2023-08-28,21.2625,15.924404761904759,40.54166666666666,59.64880952380952,4.929166666666666,5.290476190476191,0.0,4.799999999999995,16.6,Williams Lake,11381,92.9085050704731
2023-G60853,G60853,155,22.449610737542766,22372.8,2023-06-22,17.929166666666667,12.825595238095238,57.66666666666666,61.38690476190476,8.883333333333333,9.827380952380953,0.0,6.800000000000001,21.2,Mackenzie,3868,15.536222224437523
2023-G62952,G62952,155,39.694370959559386,205.1,2023-08-25,15.5125,14.835119047619047,69.0,63.86904761904761,6.379166666666666,7.52202380952381,0.0,6.8,32.2,Mackenzie,3868,25.133452242793968
2023-G11943,G11943,199,16.299311012477094,13.6,2023-07-18,15.208333333333334,16.029166666666665,70.125,73.05357142857142,3.1666666666666665,3.8613095238095236,0.2,13.200000000000003,77.39999999999999,Wells,233,62.36834837125318
2023-R11282,R11282,170,0.1453233574429696,24810.9,2023-07-07,16.920833333333334,14.836904761904762,67.83333333333333,46.517857142857146,7.779166666666666,8.654166666666667,12.4,0.4000000000000071,14.800000000000004,Fraser Lake,969,59.61266997134744
2023-VA1306,VA1306,233,8.929317877542475,115.7,2023-07-08,19.35833333333333,18.58095238095238,67.625,54.79761904761905,3.4,3.7101190476190475,0.0,0.20000000000002133,62.4,Fraser Lake,969,200.05362157456528
2023-G32885,G32885,1108,5.992902512542938,3.5,2023-08-18,14.820833333333333,18.50595238095238,79.70833333333333,73.34523809523809,9.104166666666666,4.885714285714286,15.4,1.0,64.0,Clearwater,2402,71.30248455526836
2023-G82711,G82711,1045,9.59821732295596,14.7,2023-08-08,16.482608695652175,16.041097308488613,87.08695652173913,80.194099378882,11.169565217391304,5.692417184265011,12.6,37.2,95.0,Fort St John,22377,46.79006868040638
2023-V13025,V13025,67,15.848713562096687,1.7,2023-08-29,16.599999999999998,20.09583333333333,90.54166666666669,61.03571428571428,7.416666666666667,6.6934523809523805,0.2,1.8000000000000427,2.2,Kent,6589,0.0
2023-K71634,K71634,1055,1.33967869502618,4734.3,2023-07-13,22.254166666666663,24.172023809523807,59.958333333333336,44.101190476190474,4.425,8.616071428571429,2.2,2.0,28.8,Lytton,222,9.919649677143068
2023-G41466,G41466,189,21.36417875119045,261.8,2023-07-07,20.829166666666666,15.745238095238095,51.208333333333336,50.886904761904766,4.008333333333334,5.105952380952381,0.0,12.200000000000005,30.999999999999993,Vanderhoof,4575,35.759744100954045
2023-G41493,G41493,166,28.6269539088982,4878.6,2023-07-09,16.95,15.999999999999998,65.375,55.982142857142854,3.9583333333333335,4.226785714285714,3.8,1.9999999999999858,44.2,Fraser Lake,969,89.1045591348858
2023-V51696,V51696,82,1.020317976092577,237.9,2023-07-13,20.204166666666666,22.724999999999998,70.0,55.99404761904761,2.75,4.304761904761905,0.0,0.19999999999999912,8.6,Sayward,387,107.13713990874034
2023-K42961,K42961,344,13.235754164908386,16.3,2023-08-10,16.783333333333335,22.060119047619047,87.54166666666667,52.45833333333333,2.183333333333333,3.0696428571428567,7.6,5.6,42.0,Revelstoke,8590,59.19382562249938
2023-G51411,G51411,1345,0.6680072974925644,451.6,2023-07-07,20.554166666666667,15.096428571428573,48.75,48.75,5.0375000000000005,7.239285714285714,0.0,1.2000000000000144,12.600000000000001,Granisle,325,63.61837628850212
2023-K71707,K71707,316,29.086631382839336,651.0,2023-07-13,20.53333333333333,21.32916666666667,61.41666666666666,53.33333333333333,4.55,4.367261904761905,0.2,0.0,27.200000000000006,Lytton,222,34.01539512346035
2023-V53204,V53204,75,35.09492026190668,44.6,2023-09-09,14.475,15.205357142857142,77.25,83.20833333333334,2.9375,2.611309523809524,0.0,3.199999999999997,10.6,Powell River,13990,67.76323092922733
2023-K73206,K73206,1029,29.925692484669693,14.2,2023-09-04,15.829166666666666,17.734523809523807,61.583333333333336,62.625,7.85,5.789880952380953,0.0,9.399999999999988,42.000000000000014,Lillooet,2341,82.81368102660139
2023-R21178,R21178,162,8.543697239855195,1444.7,2023-07-07,20.28333333333333,16.287499999999998,68.45833333333333,55.791666666666664,7.283333333333334,7.096428571428572,2.0,6.199999999999997,11.000000000000004,Houston,3140,2.3164660118458644
2023-V82787,V82787,1362,17.200249055086786,425.6,2023-08-17,23.616666666666664,22.270833333333336,58.54166666666666,74.29761904761904,3.0625,1.6053571428571427,0.0,0.3000000000000426,82.40000000000002,Gold River,1276,12.653409656883367
2023-K73144,K73144,309,10.20715611608847,26.9,2023-09-01,13.6875,13.538095238095238,75.75,77.60119047619048,2.004166666666667,2.5279761904761906,0.4,6.800000000000026,29.2,Pemberton,3251,45.816230994942096
2023-C31538,C31538,264,9.092835608612091,10.9,2023-07-10,18.97083333333333,17.895833333333332,64.33333333333333,57.779761904761905,5.3,5.629166666666667,0.2,0.8000000000000018,64.2,Wells,233,74.65054269781959
2023-G90288,G90288,118,14.073413068757931,768915.0,2023-05-11,18.775,14.513095238095238,28.20833333333333,40.16174948240165,11.7875,10.765191511387163,0.0,0.0,9.20000000000001,Fort St John,22377,359.3779094859348
2023-G80875,G80875,120,23.10148542907501,19136.5,2023-06-23,17.650000000000002,12.74404761904762,63.333333333333336,63.84523809523809,2.725,5.2577380952380945,0.6,12.700000000000001,38.7,Fort St John,22377,94.28989100593496
2023-G81530,G81530,121,30.337538769332205,6108.9,2023-07-10,20.320833333333333,19.432142857142853,65.08333333333333,57.404761904761905,7.204166666666667,6.294047619047619,0.0,5.000000000000011,43.599999999999994,Fort St John,22377,132.24081499529626
2023-VA1335,VA1335,904,43.05269587849583,2337.6,2023-07-09,19.5625,19.974999999999998,72.95833333333333,65.80952380952381,12.5125,8.924404761904762,1.2,1.6,19.2,Burns Lake,1950,163.75358869760038
2023-VA2884,VA2884,233,1.32070419331129,928.8,2023-08-21,16.183333333333334,17.810714285714283,68.25,60.44047619047619,3.3833333333333333,3.4321428571428574,0.0,0.0,44.599999999999994,Alert Bay,445,195.1293226036532
2023-V83111,V83111,1362,28.33222879914616,7.0,2023-08-28,16.875,17.661309523809525,90.5,77.11309523809523,0.9041666666666668,1.1988095238095233,0.3,1.3000000000000427,22.40000000000003,Gold River,1276,34.81423286249499
2023-V83039,V83039,945,35.116587289398886,1.2,2023-08-29,13.395833333333334,15.227380952380951,85.95833333333333,77.81547619047619,8.4375,6.466071428571429,0.6,4.800000000000039,30.8,Sayward,387,25.53774755918094
2023-C33245,C33245,255,13.537844251885144,4.0,2023-09-13,10.920833333333334,12.08095238095238,73.66666666666667,73.58333333333334,4.295833333333333,4.707738095238095,0.8,4.0000000000000036,33.800000000000004,Wells,233,52.32262929308087
2023-V91508,V91508,101,75.93806168595201,8.4,2023-07-08,16.400000000000002,17.5375,79.95833333333333,63.23809523809524,5.1875,5.864285714285715,0.0,0.6000000000000142,28.0,Port Hardy,4243,53.18220253465731
2023-R41659,R41659,428,39.50929459679476,278.1,2023-07-12,19.870833333333334,22.53095238095238,46.583333333333336,58.30952380952381,7.587499999999999,5.944642857142857,0.0,0.0,35.2,New Hazelton,607,53.19219973642124
2023-R41732,R41732,428,28.344035646052166,2.4,2023-07-10,20.504166666666663,22.2,69.54166666666667,58.17857142857143,4.595833333333333,5.21547619047619,0.0,0.0,35.2,New Hazelton,607,38.95818954920652
2023-V13081,V13081,1040,26.0924103771815,48.4,2023-08-28,19.90833333333333,18.08214285714286,54.458333333333336,51.88095238095237,5.454166666666667,4.80297619047619,0.0,0.0,18.4,Kent,6589,25.62856417229659
2023-V11256,V11256,1144,18.698400761843654,1069.9,2023-07-07,19.7625,19.39205486542443,64.95833333333333,57.348861283643885,5.541666666666667,5.511775362318841,0.0,0.0,27.199999999999985,Hope,6796,15.829301348401929
2023-G60861,G60861,141,3.547392892817926,18195.4,2023-06-23,17.495833333333334,10.821428571428571,62.66666666666666,65.30357142857142,3.8,3.931547619047619,0.0,12.999999999999996,21.799999999999997,Mackenzie,3868,45.887884308973646
2023-K71649,K71649,1029,4.5477967053708666,9565.1,2023-07-13,19.141666666666666,20.77678571428571,57.29166666666666,45.339285714285715,4.941666666666666,5.905952380952381,0.4,2.599999999999989,40.80000000000002,Pemberton,3251,55.636863693371176
2023-V92201,V92201,101,52.93535341429232,1.1,2023-07-08,16.400000000000002,17.5375,79.95833333333333,63.23809523809524,5.1875,5.864285714285715,0.0,0.6000000000000142,28.0,Alert Bay,445,62.73212459752337
2023-V83078,V83078,1350,17.493792646799157,167.4,2023-08-28,16.995833333333334,13.47559523809524,71.875,73.52380952380952,,,1.0,5.099999999999989,39.4,Sayward,387,26.66490040909989
2023-C52978,C52978,226,0.0375273317841469,16668.1,2023-08-27,18.582608695652173,15.517857142857139,43.78260869565217,56.26190476190476,3.7913043478260873,4.085714285714286,0.0,23.8,25.200000000000003,Sayward,387,142.92061807430844
2023-K22757,K22757,2513,8.613126950108944,1771.9,2023-07-17,17.625,21.46547619047619,65.0,52.547619047619044,5.854166666666667,4.785714285714286,0.0,3.0,26.799999999999997,Clearwater,2402,10.813356508726114
2023-V53027,V53027,1313,10.621326041567484,415.5,2023-08-29,9.9,14.435119047619045,99.0,57.166666666666664,3.6458333333333335,1.1648809523809527,4.5,0.0,17.3,Squamish,22601,20.92907697633881
2023-V82993,V82993,19,23.47906644163696,14.1,2023-08-28,17.829166666666666,17.41488095238095,76.66666666666667,64.81547619047619,5.3500000000000005,2.4470238095238095,0.2,2.7999999999999856,25.8,Gold River,1276,20.812347378826104
2023-V83080,V83080,19,12.525864538109955,8.2,2023-08-30,16.3875,17.994642857142857,73.33333333333333,67.99404761904762,3.475,2.651190476190476,0.0,4.399999999999985,20.999999999999996,Campbell River,35949,17.83284753280505
2023-K42092,K42092,362,15.48342213635247,4.1,2023-07-21,25.5125,22.29642857142857,40.208333333333336,47.410714285714285,6.816666666666666,7.923214285714285,0.0,0.0,23.6,Spallumcheen,5470,14.470178678867004
2023-K53294,K53294,283,10.576719170501736,1116.2,2023-09-16,15.841666666666669,13.55892857142857,34.708333333333336,51.160714285714285,7.008333333333333,7.921428571428571,0.0,0.0,13.200000000000006,Peachland,5710,4.848227031679042
2023-V93289,V93289,1276,22.147154521483863,432.8,2023-08-23,6.670833333333333,11.737499999999999,94.29166666666669,57.18452380952381,1.0625,2.9499999999999993,24.2,0.0,84.8,Alert Bay,445,146.02380187635782
2023-R11387,R11387,170,18.696480716001,12141.7,2023-07-09,17.400000000000002,16.65595238095238,56.708333333333336,51.11309523809524,7.9375,7.670238095238096,0.2,12.800000000000008,27.400000000000006,Burns Lake,1950,55.251152257052645
2023-R13068,R13068,179,55.85301915021488,418.9,2023-08-29,14.8,15.994047619047617,91.41666666666669,58.839285714285715,4.275,5.833928571428571,7.0,0.0,30.0,Houston,3140,102.6517223004534
2023-R13093,R13093,170,64.67723440440069,912.8,2023-08-29,14.55,15.836309523809524,83.54166666666667,54.041666666666664,7.925,7.33452380952381,0.6,0.0,15.599999999999998,Houston,3140,116.1808491612112
2023-G41511,G41511,654,28.66715370593524,4767.8,2023-07-07,20.154166666666665,16.4125,53.91666666666666,46.285714285714285,5.8625,8.082738095238094,0.0,2.3999999999999977,18.799999999999997,Vanderhoof,4575,23.38229075353256
2023-N41861,N41861,361,8.547680065971026,131.1,2023-07-17,13.720833333333331,18.93392857142857,85.29166666666667,65.52380952380953,6.8125,6.154761904761906,1.4,0.6,8.600000000000007,Revelstoke,8590,94.9685922234159
2023-N41962,N41962,868,12.702846735116797,166.2,2023-07-13,17.979166666666668,20.563690476190477,62.125,51.238095238095234,7.404166666666666,7.691666666666663,0.0,1.2000000000000037,48.2,Clearwater,2402,72.32894667675788
2023-N42390,N42390,1264,10.93004780304887,665.0,2023-08-01,16.979166666666668,15.980357142857143,57.833333333333336,66.97619047619047,1.1208333333333331,1.236904761904762,0.0,2.78,40.35,Golden,4071,42.16073642019651
2023-N42935,N42935,873,12.23245435161885,4.7,2023-08-24,13.445833333333333,16.045833333333334,80.04166666666667,60.26190476190476,4.208333333333333,5.510119047619048,0.0,37.00000000000001,57.400000000000006,Revelstoke,8590,14.57653483991447
2023-N43336,N43336,868,6.452486786151922,2.9,2023-09-21,9.520833333333334,12.048809523809522,63.083333333333336,58.029761904761905,9.145833333333334,8.715476190476187,0.0,6.600000000000005,37.0,Clearwater,2402,81.22279741251373
2023-G93240,G93240,599,77.2149078207559,6.5,2023-09-13,13.933333333333332,12.00952380952381,57.375,70.61309523809523,11.8375,4.507142857142857,1.2,0.0,7.9999999999999964,Fort St John,22377,226.26750372219112
2023-G93345,G93345,131,29.178660448795,9.7,2023-09-22,18.575,11.805434782608696,40.79166666666666,50.226190476190474,13.320833333333333,13.889078674948237,0.0,0.1999999999999858,38.19999999999998,Hudson's Hope,1027,180.80546587310303
2023-V33341,V33341,1375,10.293923273842925,1.1,2023-09-22,16.025000000000002,15.61845238095238,44.208333333333336,53.99404761904763,7.0375000000000005,6.966666666666667,0.0,4.4,21.0,Whistler,14921,35.58662846178824
2023-G41502,G41502,170,28.79316168315271,34826.2,2023-07-08,17.75,15.50952380952381,64.0,49.55952380952381,6.804166666666667,8.47202380952381,0.2,12.800000000000008,27.200000000000003,Fraser Lake,969,35.86403427405063
2023-G51279,G51279,153,26.60964911540097,47888.3,2023-07-07,19.570833333333333,15.166537267080745,66.83333333333333,61.62681159420289,6.2875000000000005,6.564518633540373,0.0,1.0,25.200000000000006,Fort St James,1603,30.614755715582664
2023-G51564,G51564,167,33.05552120406877,6143.2,2023-07-10,16.745833333333334,17.2125,68.16666666666667,58.61309523809524,4.558333333333334,4.690476190476191,1.6,4.200000000000007,29.0,Fort St James,1603,34.26916432093756
2023-G51344,G51344,154,35.13205045167646,5219.6,2023-07-07,20.075,14.102380952380953,54.458333333333336,59.57738095238095,7.7625,6.817857142857143,0.0,6.0,23.800000000000004,Fort St James,1603,31.313716355079293
2023-G81934,G81934,121,24.31682941926522,36283.8,2023-07-11,17.545833333333334,20.245238095238097,85.04166666666667,55.02380952380952,5.116666666666666,6.22797619047619,0.0,0.0,43.599999999999994,Fort St John,22377,190.90602498865908
2023-G90628,G90628,121,34.895460810507856,477723.3,2023-06-04,17.545833333333334,13.042261904761906,54.25,45.45833333333333,11.258333333333333,7.319047619047619,4.0,0.6000000000000081,2.1999999999999935,Fort St John,22377,199.8108780997398
2023-G91313,G91313,117,11.71617731810571,74685.7,2023-06-28,20.97083333333333,18.492261904761904,55.04166666666666,63.702380952380956,4.195833333333334,5.619642857142858,0.0,4.400000000000004,25.0,Fort St John,22377,237.08741144456843
2023-G92498,G92498,117,18.35039604540553,275174.6,2023-07-31,15.466666666666669,16.651785714285715,88.95833333333333,76.88095238095238,3.9958333333333336,5.328571428571428,15.2,10.600000000000005,27.8,Fort St John,22377,250.147695876736
2023-N11805,N11805,426,3.45841440498823,4640.9,2023-07-17,20.454166666666666,19.006495859213253,41.875,61.450051759834366,12.741666666666667,7.252199792960662,0.0,5.6000000000000005,51.400000000000006,Cranbrook,21278,0.0204987540358494
2023-V33258,V33258,292,17.271343102075896,969.6,2023-08-27,19.2,16.67797619047619,70.04166666666667,67.67857142857143,1.2666666666666666,2.229761904761905,0.0,4.4,11.4,Pemberton,3251,27.43901898439671
2023-G60603,G60603,151,51.94161688821207,720.5,2023-06-06,12.041666666666666,9.437445887445888,40.25,52.267857142857146,17.400000000000002,10.4125,0.0,8.200000000000005,21.4,Hudson's Hope,1027,51.500315794087065
2023-G62150,G62150,140,51.15401013919142,688.4,2023-07-22,16.716666666666665,16.93452380952381,73.08333333333333,66.06547619047619,4.770833333333333,5.434523809523809,6.2,4.6000000000000005,11.000000000000004,Mackenzie,3868,47.12118017427652
2023-G63092,G63092,151,53.435196442533766,88.1,2023-06-07,15.420833333333334,10.018398268398268,37.375,51.97619047619048,12.195833333333333,11.020238095238097,0.0,8.200000000000005,21.4,Hudson's Hope,1027,49.53946581368096
2023-G63314,G63314,152,30.446595335447427,11.4,2023-08-04,13.929166666666667,13.178804347826087,70.83333333333333,77.58747412008282,2.9291666666666667,2.642106625258799,0.4,28.6,107.6,New Hazelton,607,273.136133340498
2023-G90810,G90810,131,24.58541031752224,228.5,2023-06-09,18.375,13.650000000000002,60.75,49.922619047619044,6.2125,12.657142857142857,0.0,9.599999999999994,37.399999999999984,Hudson's Hope,1027,184.9363697361725
2023-V53405,V53405,1025,15.67803756120968,1.5,2023-10-07,14.2,11.994642857142855,84.375,92.2202380952381,2.4166666666666665,1.6249999999999996,0.0,20.400000000000002,220.6,Powell River,13990,16.323908009141256
2023-G73192,G73192,127,45.41841419055418,16.9,2023-09-06,6.325,12.614285714285714,86.66666666666667,61.89880952380952,5.9375,8.050595238095237,0.8,0.2,28.0,Tumbler Ridge,2422,18.12269068605757
2023-C20082,C20082,210,3.1818171504378183,17.1,2023-04-24,8.045833333333333,4.091666666666664,55.625,53.535714285714285,7.404166666666668,12.454166666666666,0.0,0.0,3.2000000000000064,Williams Lake,11381,31.324101684258466
2023-N23403,N23403,417,5.208538365558951,1.3,2023-10-07,9.7125,9.092934782608696,61.0,66.85300207039337,5.483333333333333,5.670859213250517,0.0,2.0,5.799999999999999,Invermere,3825,4.450477908715938
2023-K20469,K20469,1108,16.074480773272537,1711.6,2023-05-18,18.175,16.401246941464333,59.208333333333336,54.28933747412009,8.316666666666666,5.838478731413515,0.8,0.0,60.4,Clearwater,2402,52.58295644079784
2023-K21379,K21379,266,28.102635820092544,2407.1,2023-07-07,21.52916666666667,17.781926406926406,45.458333333333336,48.98538961038961,5.875,5.324675324675325,0.0,1.4000000000000035,58.6,Clearwater,2402,44.120873156529086
2023-K71032,K71032,309,20.14383440349524,220.6,2023-07-01,14.0375,15.817857142857147,49.0,70.16666666666667,7.375,4.414285714285714,0.0,11.400000000000027,45.4,Pemberton,3251,36.00482971588418
2023-K71415,K71415,1055,20.346590407624834,116.3,2023-07-07,24.90416666666667,23.907738095238095,41.79166666666666,29.910714285714278,5.566666666666666,7.387499999999998,0.0,0.0,29.0,Lillooet,2341,21.5065351540008
2023-N12352,N12352,886,9.18881155398384,3457.9,2023-07-18,15.654166666666669,16.253131469979298,64.75,73.64233954451346,1.7666666666666666,1.837215320910973,1.4,20.599999999999994,34.199999999999996,Cranbrook,21278,22.57025713560266
2023-N20466,N20466,1242,11.684240503076015,310.5,2023-05-17,15.508333333333333,12.36904761904762,65.75,62.19642857142857,1.4625,1.519047619047619,1.7,5.600000000000003,28.700000000000003,Radium Hot Springs,1144,16.35421892233056
2023-N42216,N42216,919,21.22599619066372,332.1,2023-07-11,16.283333333333335,19.171428571428574,78.75,42.94047619047619,5.825,6.811904761904763,4.6,0.20000000000001067,98.2,Revelstoke,8590,70.78577592022586
2023-N71690,N71690,1092,9.81136091470869,326.1,2023-07-12,13.420833333333334,16.26739130434783,83.33333333333333,56.13457556935818,5.325,5.360584886128364,0.2,2.0,18.200000000000003,Radium Hot Springs,1144,57.26622454875842
2023-V31643,V31643,301,15.515594593091372,1.1,2023-07-13,21.17083333333333,21.37738095238095,73.875,70.41071428571429,2.7625,3.4744047619047618,0.8,4.400000000000025,34.800000000000004,Pemberton,3251,6.25565121848894
2023-V80326,V80326,945,18.38334527313977,3.8,2023-05-15,20.7375,12.513690476190474,45.958333333333336,68.08333333333333,7.104166666666667,6.693452380952381,0.0,2.4000000000000354,119.4,Sayward,387,17.550702169113894
2023-R13032,R13032,170,38.08932633214231,18.1,2023-08-06,18.370833333333334,14.529166666666667,55.583333333333336,59.047619047619044,7.15,6.892857142857143,0.0,4.800000000000007,77.4,Burns Lake,1950,69.96440178661227
2023-G91021,G91021,438,48.89540433830048,16.4,2023-06-28,16.854166666666668,18.978571428571428,78.25,66.91666666666666,3.391666666666667,4.725595238095238,0.0,1.199999999999986,46.199999999999996,Hudson's Hope,1027,442.6853088024619
2023-G91359,G91359,599,69.30891839606333,5.8,2023-06-23,23.766666666666666,17.27070393374741,52.66666666666666,58.00776397515528,6.395833333333333,6.721014492753624,0.0,7.2,22.799999999999997,Hudson's Hope,1027,231.9055110926079
2023-G93102,G93102,118,80.46926582671648,11.5,2023-08-30,18.808333333333334,19.92559523809524,64.58333333333333,52.98809523809524,7.229166666666667,9.200000000000001,0.0,0.39999999999999647,25.20000000000001,Fort St John,22377,404.8240354965494
2023-G93120,G93120,444,29.85596997702208,811.6,2023-08-30,14.175,20.425000000000004,64.08333333333333,47.357142857142854,0.0,2.9494047619047605,0.0,0.0,12.400000000000002,Stewart,491,309.37414840898685
2023-R11428,R11428,167,11.92484685828974,0.3,2023-07-09,16.3625,16.37797619047619,73.04166666666667,56.785714285714285,4.608333333333333,5.064285714285715,2.4,4.800000000000007,26.6,Burns Lake,1950,14.849220884944664
2023-R11558,R11558,181,32.88173135133661,2.4,2023-07-11,17.791666666666668,19.260119047619046,52.583333333333336,53.8095238095238,4.166666666666667,3.413690476190476,0.0,4.5999999999999925,19.2,Burns Lake,1950,13.47767365053804
2023-R11963,R11963,181,7.588701593169614,2.0,2023-07-20,18.775,15.804761904761904,67.79166666666667,61.410714285714285,3.6291666666666655,3.206547619047619,0.2,17.199999999999992,26.4,Burns Lake,1950,0.6363972526571163
2023-R13095,R13095,167,33.27408147298511,1.7,2023-08-31,13.075,15.42797619047619,67.08333333333333,64.97619047619048,4.591666666666667,4.39702380952381,0.0,2.200000000000006,16.400000000000002,Burns Lake,1950,38.57933733439833
2023-R51929,R51929,105,10.786741207606894,6.2,2023-07-08,21.175,17.60833333333333,79.875,68.20238095238095,1.075,2.7720238095238092,26.0,5.399999999999993,38.599999999999994,Terrace,12261,37.37314436789445
2023-R10185,R10185,181,7.157771479227976,3.0,2023-04-12,2.9458333333333333,3.4249999999999994,59.04166666666666,58.58333333333332,4.041666666666667,5.875595238095238,3.4,1.999999999999993,32.2,Burns Lake,1950,3.4268734879720464
2023-R22958,R22958,173,14.579734802484534,1.7,2023-08-25,14.004166666666665,12.761904761904763,63.333333333333336,59.023809523809526,3.6875,4.447619047619047,0.0,0.0,27.2,Granisle,325,7.851130504824721
2023-C12204,C12204,189,13.127539399790194,0.7,2023-07-22,13.0375,16.91190476190476,80.08333333333333,67.95833333333333,4.791666666666667,5.059523809523809,3.0,9.800000000000002,28.999999999999993,Vanderhoof,4575,64.16852330185036
2023-G41848,G41848,158,16.72143763033744,2.4,2023-07-17,15.65,15.517261904761904,64.54166666666667,69.04761904761905,14.7375,7.585714285714286,4.0,1.800000000000001,15.600000000000012,Vanderhoof,4575,16.044350607835494
2023-G92572,G92572,599,53.92581992237803,38.9,2023-08-04,19.320833333333333,17.79842132505176,64.625,74.94435817805382,4.3,5.245419254658385,0.4,5.6,26.599999999999998,Hudson's Hope,1027,354.53263779309253
2023-G41588,G41588,654,29.475723276273992,10.7,2023-07-11,19.29583333333333,19.892261904761906,42.833333333333336,50.06547619047619,9.9375,6.180952380952382,1.6,0.39999999999999736,18.8,Fraser Lake,969,14.236586748438445
2023-C21565,C21565,225,21.98117080253862,1.3,2023-07-11,20.516666666666666,20.570238095238096,45.125,46.39880952380952,5.625,5.5130952380952385,0.0,0.0,40.599999999999994,Williams Lake,11381,6.759241560701784
2023-G50297,G50297,146,42.27598889795652,1.2,2023-05-13,17.675,10.708100414078675,45.66666666666666,70.63069358178053,7.895833333333333,6.385947204968943,0.0,9.600000000000001,33.400000000000006,Fort St James,1603,35.06871516067373
2023-G52996,G52996,167,52.25359321892415,1.0,2023-08-25,13.279166666666669,12.179166666666664,70.375,63.82142857142857,3.8041666666666663,4.197619047619048,0.0,3.400000000000006,23.2,Fort St James,1603,50.8321380453582
2023-G11297,G11297,175,24.200665613818384,1.7,2023-07-07,21.5875,16.656340579710143,50.333333333333336,51.783126293995856,6.295833333333333,5.935196687370601,0.0,12.600000000000005,45.2,Prince George,80196,34.639428035130244
2023-G12034,G12034,175,12.737339992292714,0.4,2023-07-21,17.412499999999998,17.806444099378883,79.95833333333333,60.52769151138716,6.558333333333334,5.847567287784679,12.6,3.0000000000000036,18.0,Prince George,80196,21.15404440068083
